scenario,step,frame,elapsed_seconds,x,y,z,vx,vy,vz,speed,ax,ay,az,roll,pitch,yaw,angular_velocity_x,angular_velocity_y,angular_velocity_z
S0_stock,0,22328,350.2202183553891,106.41629028320312,-12.711931228637695,0.48239871859550476,0.0,0.0,-1.470000147819519,1.470000147819519,0.0,0.0,-9.80000114440918,0.0,0.0,-89.6092529296875,0.0,0.0,0.0
S0_stock,1,22329,350.27021835613414,106.41629028320312,-12.711931228637695,0.3941987156867981,0.0,0.0,-1.9600002765655518,1.9600002765655518,0.0,0.0,-9.800003051757812,0.0,0.0,-89.6092529296875,0.0,0.0,0.0
S0_stock,2,22330,350.3202183568792,106.41629028320312,-12.711931228637695,0.28149881958961487,0.0,0.0,-2.450000286102295,2.450000286102295,0.0,0.0,-9.800000190734863,0.0,0.0,-89.6092529296875,0.0,0.0,0.0
S0_stock,3,22331,350.37021835762425,106.41629028320312,-12.711931228637695,0.14429865777492523,0.0,0.0,-2.93999981880188,2.93999981880188,0.0,0.0,-9.7999906539917,0.0,0.0,-89.6092529296875,0.0,0.0,0.0
S0_stock,4,22332,350.4202183583693,106.41629028320312,-12.711931228637695,0.01094127632677555,3.845298834903588e-08,4.405739328916525e-09,-2.099825859069824,2.0998258590698247,7.690597385590081e-07,8.811478835468733e-08,16.803478240966797,0.0,0.0,-89.6092529296875,-1.3050719189777737e-06,4.485481440497097e-06,-3.437105877690527e-10
S0_stock,5,22333,350.47021835911437,106.41629028320312,-12.711931228637695,-0.059329528361558914,7.329881412942996e-08,-3.614082544345365e-08,-1.0177116394042969,1.0177116394043002,6.969165156078816e-07,-8.109312830129056e-07,21.642284393310547,0.0,0.0,-89.6092529296875,1.1443671610322781e-05,-2.5181436285492964e-05,4.161265110269596e-09
S0_stock,6,22334,350.5202183598594,106.41629028320312,-12.711931228637695,-0.08991378545761108,6.726747159291335e-08,4.475617032539958e-08,-0.3880349397659302,0.38803493976593856,-1.2062685073033208e-07,1.6179399153770646e-06,12.593534469604492,0.0,0.0,-89.6092529296875,-1.3471183592628222e-05,-2.099338234984316e-05,-5.766087607383952e-09
S0_stock,7,22335,350.5702183606045,106.41629028320312,-12.711931228637695,-0.09797916561365128,1.1609628103315117e-07,-1.4815924043176665e-09,-0.03903079032897949,0.03903079032915218,9.765761888047564e-07,-9.247552270608139e-07,6.980082988739014,0.0,0.0,-89.6092529296875,1.1290220527371275e-06,-6.332865450531244e-05,1.9221183672479825e-11
S0_stock,8,22336,350.62021836134954,106.41629028320312,-12.711931228637695,-0.09405852854251862,1.2526186310424237e-07,-6.5119842851402154e-09,0.1394035816192627,0.13940358161931912,1.8331164142182388e-07,-1.0060784205734308e-07,3.5686874389648438,0.0,0.0,-89.6092529296875,2.134958776878193e-06,1.699851236480754e-05,-2.391780939969834e-10
S0_stock,9,22337,350.6702183620946,106.41629028320312,-12.711931228637695,-0.08445831388235092,8.37020692756596e-08,-9.429157898921403e-09,0.21704977750778198,0.21704977750779833,-8.31195848149946e-07,-5.834347405198059e-08,1.5529239177703857,0.0,0.0,-89.6092529296875,2.9390848794719204e-06,1.751623858581297e-05,-1.656684012196763e-09
S0_stock,10,22338,350.72021836283966,106.41629028320312,-12.711931228637695,-0.07282661646604538,6.97808673066902e-08,-9.90397897027151e-09,0.23750783503055573,0.2375078350305662,-2.78424039379388e-07,-9.496421427002133e-09,0.40916115045547485,0.0,0.0,-89.6092529296875,3.5983664474770194e-06,-6.18877456872724e-05,-3.2055100240846457e-10
S0_stock,11,22339,350.7702183635847,106.41629028320312,-12.711931228637695,-0.061167068779468536,1.1087317375313432e-07,3.3225418860638456e-08,0.22752878069877625,0.2275287806988057,8.218461289288825e-07,8.625879672763404e-07,-0.1995810866355896,0.0,0.0,-89.6092529296875,-9.853447409113869e-06,-2.0639612557715736e-05,-4.047573831655882e-09
S0_stock,12,22340,350.8202183643298,106.41629028320312,-12.711931228637695,-0.05048728734254837,-2.7624918175206403e-07,-1.5101022654562257e-08,0.2031291127204895,0.2031291127206779,-7.74244745116448e-06,-9.665288871474331e-07,-0.48799335956573486,0.0,0.0,-89.6092529296875,4.405554591357941e-06,-5.2353047067299485e-05,2.267285248436224e-09
S0_stock,13,22341,350.87021836507483,106.41629028320312,-12.711931228637695,-0.041209373623132706,-4.701088940350928e-08,-1.349469513911572e-08,0.17357487976551056,0.17357487976551744,4.5847659748687875e-06,3.2126550308930746e-08,-0.5910846590995789,0.0,0.0,-89.6092529296875,4.4599278226087335e-06,-6.180557829793543e-05,1.0957463825178593e-09
S0_stock,14,22342,350.9202183658199,106.41629028320312,-12.711931228637695,-0.03342563658952713,-2.3305408092255675e-07,-1.7018377818089903e-08,0.14395178854465485,0.1439517885448445,-3.7208637877483852e-06,-7.047365357948365e-08,-0.5924618244171143,0.0,0.0,-89.6092529296875,4.5791807679052e-06,2.2494143195217475e-05,3.962331796003582e-09
S0_stock,15,22343,350.97021836656495,106.41629028320312,-12.711931228637695,-0.027054939419031143,8.750366475851479e-08,-1.7150386000253093e-08,0.1168205589056015,0.11682055890563553,6.4111550273082685e-06,-2.6401636432638043e-09,-0.5426245927810669,0.0,0.0,-89.6092529296875,5.373286057874793e-06,1.0314090104657225e-05,-8.49669223867977e-11
S0_stock,16,22344,351.02021836731,106.41629028320312,-12.711931228637695,-0.021936187520623207,8.593359268616041e-08,-1.651774894639857e-08,0.09325015544891357,0.09325015544895462,-3.1401441447087564e-08,1.2652741077090468e-08,-0.47140806913375854,0.0,0.0,-89.6092529296875,5.179924755793763e-06,1.00416282293736e-05,-5.0742465784736623e-11
S0_stock,17,22345,351.07021836805507,106.41629028320312,-12.711931228637695,-0.017881928011775017,-7.27743838524475e-08,-1.5344051362831124e-08,0.07347631454467773,0.07347631454471537,-3.1741594739287393e-06,2.3473951671348914e-08,-0.3954768180847168,0.0,0.0,-89.6092529296875,4.4573007471626624e-06,1.4585112694476265e-05,1.1820856515853961e-09
S0_stock,18,22346,351.1202183688001,106.41629028320312,-12.711931228637695,-0.014707221649587154,-4.883989959125756e-07,2.7527212509426136e-08,0.05729309096932411,0.05729309097141242,-8.3124923548894e-06,8.574252774451452e-07,-0.32366448640823364,0.0,0.0,-89.6092529296875,-9.399432201462332e-06,-7.92623086454114e-06,8.844047272305033e-09
S0_stock,19,22347,351.1702183695452,106.41629028320312,-12.711931228637695,-0.012244490906596184,-1.81948522026687e-07,-1.5822742227555864e-08,0.04428928345441818,0.04428928345479475,6.129009761934867e-06,-8.669991302667768e-07,-0.2600761651992798,0.0,0.0,-89.6092529296875,4.932885531161446e-06,-6.703220424242318e-05,6.542337227521955e-10
S0_stock,20,22348,351.22021837029024,106.41629028320312,-12.711931228637695,-0.010348853655159473,5.52609513704283e-08,7.32527212221612e-08,0.03399010747671127,0.033990107476835126,4.7441894821531605e-06,1.7815092405726318e-06,-0.20598351955413818,0.0,0.0,-89.6092529296875,-2.24411633098498e-05,5.092505944048753e-06,-7.648745636856802e-09
S0_stock,21,22349,351.2702183710353,106.41629028320312,-12.711931228637695,-0.008899306878447533,4.981252743618825e-08,-1.4923978497449752e-08,0.025926275178790092,0.02592627517884224,-1.0896847868480108e-07,-1.7635339872867917e-06,-0.16127663850784302,0.0,0.0,-89.6092529296875,4.64212962469901e-06,6.52351081953384e-06,6.725352219572045e-11
S0_stock,22,22350,351.32021837178036,106.41629028320312,-12.711931228637695,-0.007797126658260822,4.306082246330334e-08,-1.3420822675414001e-08,0.01967114396393299,0.0196711439639847,-1.3503409945769818e-07,3.006311644071502e-08,-0.12510262429714203,0.0,0.0,-89.6092529296875,4.176334186922759e-06,5.1464235184539575e-06,-1.2299979090801827e-10
S0_stock,23,22351,351.3702183725254,106.41629028320312,-12.711931228637695,-0.0069631957449018955,5.377895107017139e-08,-1.2262446169586383e-08,0.014854926615953445,0.014854926616055853,2.1436257213736098e-07,2.316753011655237e-08,-0.09632434695959091,0.0,0.0,-89.6092529296875,3.83721771868295e-06,6.079201739339624e-06,2.613588789834864e-10
S0_stock,24,22352,351.4202183732705,106.41629028320312,-12.711931228637695,-0.006334876641631126,2.320044067971594e-08,-1.2564332685371937e-08,0.011173543520271778,0.011173543520302929,-6.115702717579552e-07,-6.037730315711087e-09,-0.07362766563892365,0.0,0.0,-89.6092529296875,3.855039267364191e-06,7.645113328180742e-06,4.950946319581817e-10
S0_stock,25,22353,351.47021837401553,106.41630554199219,-12.714947700500488,-0.005925826728343964,0.0012525040656328201,-0.18267148733139038,0.008373117074370384,0.18286757541958565,0.025049617514014244,-3.6534295082092285,-0.05600852891802788,-8.337633916610798e-10,0.016877396032214165,-89.60945892333984,-1.0793814659118652,-0.007500657811760902,-0.002777084242552519
S0_stock,26,22354,351.5202183747606,106.41644287109375,-12.737017631530762,-0.005891838110983372,0.003341893432661891,-0.48907843232154846,0.006245326716452837,0.48912972238416874,0.04178778827190399,-6.128139019012451,-0.042555809020996094,-3.0515784601448104e-05,0.10305389016866684,-89.60921478271484,-1.4101136922836304,-0.00970777589827776,0.007339415606111288
S0_stock,27,22355,351.57021837550565,106.41664123535156,-12.76628589630127,-0.0058418274857103825,0.003912451211363077,-0.6429352164268494,0.004642362706363201,0.642963880266861,0.011411155574023724,-3.0771355628967285,-0.032059282064437866,0.0009564102510921657,0.16061188280582428,-89.61831665039062,-1.064168930053711,0.0002945598098449409,-1.0912684202194214
S0_stock,28,22356,351.6202183762507,106.41688537597656,-12.800811767578125,-0.005761260632425547,0.00458573130890727,-0.7119191288948059,0.0034409617073833942,0.7119422134102237,0.013465601950883865,-1.3796782493591309,-0.024028019979596138,0.00024442074936814606,0.19165509939193726,-89.61666107177734,-0.3904881179332733,-0.009666161611676216,0.44555607438087463
S0_stock,29,22357,351.67021837699576,106.4171142578125,-12.836227416992188,-0.0056085968390107155,0.004655084107071161,-0.7058125138282776,0.0025534629821777344,0.7058324834249539,0.0013870559632778168,0.1221323013305664,-0.017749974504113197,0.00010131279850611463,0.18936015665531158,-89.61367797851562,0.26025861501693726,-0.0012424933956936002,0.0113463019952178
S0_stock,30,22358,351.7202183777408,106.41737365722656,-12.871252059936523,-0.005426979158073664,0.0046821520663797855,-0.6997792720794678,0.0018962954636663198,0.6997975050802396,0.0005413591861724854,0.12066483497619629,-0.01314335037022829,0.0,0.16917011141777039,-89.61419677734375,0.49279993772506714,0.0033782825339585543,-0.18607313930988312
S0_stock,31,22359,351.7702183784859,106.41761779785156,-12.90596866607666,-0.0052513121627271175,0.004846533294767141,-0.6998950242996216,0.0014079379616305232,0.6999132204878323,0.003287624567747116,-0.002315044403076172,-0.00976715050637722,-9.156083251582459e-05,0.14306513965129852,-89.61557006835938,0.5213174819946289,-3.694827319122851e-05,-0.08483289182186127
S0_stock,32,22360,351.82021837923094,106.4178466796875,-12.940475463867188,-0.005097351036965847,0.004645246546715498,-0.6911638975143433,0.0010424804640933871,0.6911802936341686,-0.004025734961032867,0.1746225357055664,-0.0073091499507427216,-9.154739382211119e-05,0.11731532216072083,-89.61456298828125,0.5147974491119385,0.0030779156368225813,0.14934709668159485
S0_stock,33,22361,351.870218379976,106.4180908203125,-12.975065231323242,-0.004972686525434256,0.004605212714523077,-0.6973926424980164,0.0007680415874347091,0.6974082704430684,-0.0008006766438484192,-0.12457489967346191,-0.005488777533173561,-3.0515779144479893e-05,0.09532211720943451,-89.6130599975586,0.40428367257118225,0.0028319882694631815,0.10654083639383316
S0_stock,34,22362,351.92021838072105,106.4183349609375,-13.009794235229492,-0.004874076694250107,0.004541426431387663,-0.6985746026039124,0.0005655288696289062,0.6985895932377952,-0.0012757256627082825,-0.023639202117919922,-0.0040502543561160564,8.601109584560618e-06,0.07737237960100174,-89.6138916015625,0.3255903422832489,0.006419270299375057,-0.14076349139213562
S0_stock,35,22363,351.9702183814661,106.4185791015625,-13.04475212097168,-0.0047984314151108265,0.004836124833673239,-0.7077914476394653,0.00041590689215809107,0.7078080915287136,0.005893968045711517,-0.18433690071105957,-0.0029924395494163036,-3.051909152418375e-05,0.06324754655361176,-89.61373901367188,0.2289218306541443,-0.0033080577850341797,-0.03251087665557861
S0_stock,36,22364,352.02021838221117,106.41880798339844,-13.080253601074219,-0.004745826590806246,0.0049155172891914845,-0.7181420922279358,0.0003039359871763736,0.7181589791382,0.001587849110364914,-0.20701289176940918,-0.002239418216049671,-0.00015259042265824974,0.05368528515100479,-89.60784149169922,0.15562449395656586,-0.002592874225229025,0.3987782895565033
S0_stock,37,22365,352.0702183829562,106.41903686523438,-13.117161750793457,-0.004721107427030802,0.005131531972438097,-0.7492262721061707,0.00021898269187659025,0.7492438771107264,0.004320293664932251,-0.6216835975646973,-0.001699065905995667,-0.0002136219118256122,0.050440944731235504,-89.60631561279297,0.03686074912548065,-0.0027403959538787603,0.12707091867923737
S0_stock,38,22366,352.1202183837013,106.41929626464844,-13.154855728149414,-0.004700889345258474,0.005148380994796753,-0.7569582462310791,0.00016033172141760588,0.756975771125047,0.0003369804471731186,-0.15463948249816895,-0.0011730194091796875,-0.00018310615269001573,0.0474083386361599,-89.60945892333984,0.08018311858177185,0.0025219700764864683,-0.310518741607666
S0_stock,39,22367,352.17021838444634,106.41954040527344,-13.193062782287598,-0.00468036625534296,0.005294255446642637,-0.7697827219963074,0.00011641502351267263,0.7698009364616519,0.0029174890369176865,-0.25648951530456543,-0.0008783339289948344,-0.00015258872008416802,0.04372003674507141,-89.60973358154297,0.06746520102024078,0.0005671466351486742,-0.02331475540995598
S0_stock,40,22368,352.2202183851914,106.41976928710938,-13.231490135192871,-0.0046578217297792435,0.005241031758487225,-0.7690228223800659,8.474350033793598e-05,0.7690406861387483,-0.0010644737631082535,0.015197992324829102,-0.0006334304343909025,-0.00015259039355441928,0.03889792412519455,-89.60668182373047,0.11462648212909698,0.0011777642648667097,0.2916308641433716
S0_stock,41,22369,352.27021838593646,106.42002868652344,-13.270151138305664,-0.004636306781321764,0.005253040697425604,-0.7761994004249573,6.168365507619455e-05,0.7762171780252646,0.00024017877876758575,-0.14353156089782715,-0.0004611969052348286,-0.0001525887055322528,0.03403482958674431,-89.60611724853516,0.09088078141212463,0.0025946784298866987,0.04522485285997391
S0_stock,42,22370,352.3202183866815,106.42028045654297,-13.308719635009766,-0.004612312186509371,0.005180882755666971,-0.7711108326911926,4.465103120310232e-05,0.7711282382545377,-0.0014431588351726532,0.10177135467529297,-0.0003406524774618447,-6.103481427999213e-05,0.02824966050684452,-89.6065673828125,0.11414624750614166,0.0034886044450104237,-0.07959174364805222
S0_stock,43,22371,352.3702183874266,106.42052459716797,-13.347199440002441,-0.00458946218714118,0.005337818525731564,-0.7692879438400269,3.173828008584678e-05,0.7693064628946961,0.0031387154012918472,0.03645777702331543,-0.0002582550223451108,-9.155388397630304e-05,0.022601094096899033,-89.60623168945312,0.11115012317895889,-0.001647435361519456,-0.07128382474184036
S0_stock,44,22372,352.42021838817163,106.4207763671875,-13.385599136352539,-0.004569969139993191,0.005243120715022087,-0.7643996477127075,2.5539397029206157e-05,0.7644176295654127,-0.0018939562141895294,0.09776592254638672,-0.0001239776611328125,-0.00012206962855998427,0.01770384982228279,-89.60626220703125,0.12211234122514725,0.002212465973570943,0.12891124188899994
S0_stock,45,22373,352.4702183889167,106.42101287841797,-13.424039840698242,-0.004556198138743639,0.005196267738938332,-0.7721747159957886,1.6880034308996983e-05,0.7721921998482806,-0.0009370595216751099,-0.1555013656616211,-0.0001731872616801411,-6.103481427999213e-05,0.01425460446625948,-89.6041259765625,0.04804446920752525,0.0030115984845906496,0.07862449437379837
S0_stock,46,22374,352.52021838966175,106.4212646484375,-13.462450981140137,-0.004544563125818968,0.005304180085659027,-0.7699093222618103,1.1768341209972277e-05,0.7699275933297332,0.00215824693441391,0.04530787467956543,-0.00010223386198049411,-9.155262523563579e-05,0.011324453167617321,-89.6068115234375,0.04565240815281868,0.0009611420682631433,-0.1996886134147644
S0_stock,47,22375,352.5702183904068,106.42152404785156,-13.500980377197266,-0.004536933731287718,0.005327755585312843,-0.7741826176643372,1.0395049685030244e-05,0.7742009497418865,0.00047150999307632446,-0.08546590805053711,-2.746583049884066e-05,-6.103522173361853e-05,0.009411999955773354,-89.60686492919922,0.014961235225200653,0.0002332465082872659,-0.041692741215229034
S0_stock,48,22376,352.62021839115187,106.42176818847656,-13.53958511352539,-0.004531326238065958,0.005355300381779671,-0.7724642753601074,8.764266567595769e-06,0.7724828386615507,0.0005508959293365479,0.03436684608459473,-3.261566234868951e-05,-9.155262523563579e-05,0.007977660745382309,-89.60530853271484,0.023874761536717415,-0.0007538874051533639,0.0919019877910614
S0_stock,49,22377,352.6702183918969,106.4220199584961,-13.57835578918457,-0.004528350662440062,0.005274118855595589,-0.7758661508560181,6.86645489622606e-06,0.7758840766641525,-0.0016236305236816406,-0.06803750991821289,-3.795623342739418e-05,-6.103480700403452e-05,0.007240000180900097,-89.6053466796875,0.015064181759953499,0.0020798351615667343,0.07374733686447144
S0_stock,50,22378,352.720218392642,106.4222640991211,-13.61722183227539,-0.00452625285834074,0.005361257586628199,-0.7754036784172058,1.468658410885837e-06,0.7754222124675052,0.0017427746206521988,0.009249448776245117,-0.00010795592970680445,-3.0517821869580075e-05,0.006727735977619886,-89.60582733154297,0.03259311243891716,-0.0009813783690333366,-0.1517779678106308
S0_stock,51,22379,352.77021839338704,106.42253875732422,-13.65621566772461,-0.004525336902588606,0.0054364074021577835,-0.7837048768997192,3.3092499052145286e-06,0.7837237323271495,0.0015029963105916977,-0.16602396965026855,3.6811830796068534e-05,-6.103522173361853e-05,0.006502339616417885,-89.607177734375,-0.013703006319701672,-0.0006845929310657084,-0.06274663656949997
S0_stock,52,22380,352.8202183941321,106.42279815673828,-13.695279121398926,-0.004523429553955793,0.005420968402177095,-0.782753586769104,3.089904794251197e-06,0.782772358037675,-0.0003087799996137619,0.019025802612304688,-4.386902219266631e-06,-6.103543273638934e-05,0.006051547359675169,-89.60540008544922,-0.0010464296210557222,-0.0007534897304140031,0.07581241428852081
S0_stock,53,22381,352.87021839487716,106.4230728149414,-13.734624862670898,-0.004524765070527792,0.0053484514355659485,-0.7879810929298401,2.8514862151496345e-06,0.787999244134025,-0.0014503393322229385,-0.10455012321472168,-4.76837158203125e-06,-2.0844082015969434e-10,0.006420377641916275,-89.60504150390625,-0.0058449008502066135,0.0019126798724755645,0.07604918628931046
S0_stock,54,22382,352.9202183956222,106.42337799072266,-13.774065971374512,-0.004525299184024334,0.005435196217149496,-0.7900999784469604,4.673003957123001e-07,0.7901186729220014,0.0017348956316709518,-0.04237771034240723,-4.76837158203125e-05,-3.051740350201726e-05,0.006543321069329977,-89.60674285888672,-0.0021347724832594395,0.0002631270617712289,-0.18838167190551758
S0_stock,55,22383,352.9702183963673,106.42366790771484,-13.813678741455078,-0.004525680560618639,0.005464386660605669,-0.7961424589157104,2.326965386600932e-06,0.7961612113230242,0.0005838088691234589,-0.120849609375,3.719329833984375e-05,8.290317055070773e-06,0.006666264496743679,-89.6065902709961,-0.020756449550390244,-6.518736336147413e-05,-0.031006675213575363
S0_stock,56,22384,353.02021839711233,106.4239501953125,-13.853471755981445,-0.004525909200310707,0.005429581273347139,-0.793267548084259,2.002715973503655e-06,0.7932861294642854,-0.0006961077451705933,0.05749821662902832,-6.484988261945546e-06,2.0844082015969434e-10,0.006755056791007519,-89.60601043701172,0.025984248146414757,0.0011834093602374196,0.10557782649993896
S0_stock,57,22385,353.0702183978574,106.42424774169922,-13.893465042114258,-0.004527473356574774,0.005481187719851732,-0.8035900592803955,-1.0871887070607045e-06,0.8036087523131339,0.001032128930091858,-0.2064502239227295,-6.179809133755043e-05,6.123157618276309e-06,0.007205849047750235,-89.60455322265625,-0.020782673731446266,0.00041291251545771956,0.06049569696187973
S0_stock,58,22386,353.12021839860245,106.4245376586914,-13.933527946472168,-0.004526443313807249,0.005497949663549662,-0.8023557662963867,3.623962356869015e-07,0.8023746027633827,0.00033523887395858765,0.02468585968017578,2.899169885495212e-05,1.6779486031737179e-06,0.0069326418451964855,-89.606201171875,0.0005761904758401215,0.0004654411459341645,-0.0808573067188263
S0_stock,59,22387,353.1702183993475,106.42484283447266,-13.973857879638672,-0.00452777836471796,0.005628297571092844,-0.8082410097122192,8.392333938900265e-07,0.8082606061876829,0.0026069581508636475,-0.11770486831665039,9.5367431640625e-06,-3.051740350201726e-05,0.007280981168150902,-89.60692596435547,-0.007557997480034828,-0.001670653815381229,-0.07268554717302322
S0_stock,60,22388,353.22021840009256,106.42512512207031,-14.01425552368164,-0.004527473356574774,0.005569458473473787,-0.8095366954803467,7.438659395120339e-07,0.8095558536614262,-0.001176781952381134,-0.025913715362548828,-1.907349087559851e-06,-4.168816403193887e-10,0.00716486806049943,-89.60525512695312,-0.0009380837436765432,-0.0003985890361946076,0.1340155005455017
S0_stock,61,22389,353.2702184008376,106.4254150390625,-14.054829597473145,-0.004526786506175995,0.005550022702664137,-0.8124942779541016,1.0299681889591739e-06,0.8125132334068275,-0.0003887154161930084,-0.059151649475097656,5.722044988942798e-06,0.0,0.007028264459222555,-89.60540008544922,0.0021670975256711245,0.0009231740841642022,0.05293471738696098
S0_stock,62,22390,353.3202184015827,106.42572021484375,-14.095584869384766,-0.004527511540800333,0.005615576170384884,-0.81479811668396,5.722045557376987e-07,0.8148174676869543,0.0013110693544149399,-0.04607677459716797,-9.155272891803179e-06,0.0,0.007199019193649292,-89.6063461303711,0.009076952934265137,-0.0005068245227448642,-0.1567378044128418
S0_stock,63,22391,353.37021840232774,106.42601013183594,-14.136449813842773,-0.004526939243078232,0.0056487787514925,-0.820537269115448,1.201629629576928e-06,0.8205567126715035,0.0006640516221523285,-0.11478304862976074,1.2588501704158261e-05,2.7885212148248684e-06,0.00706241512671113,-89.60657501220703,-0.011410804465413094,-0.0001742606982588768,-0.037146877497434616
S0_stock,64,22392,353.4202184030728,106.42630004882812,-14.177486419677734,-0.004526824690401554,0.0056088767014443874,-0.8189406991004944,5.912780807193485e-07,0.8189599063088547,-0.0007980410009622574,0.031931400299072266,-1.2207030522404239e-05,-4.168816403193887e-10,0.007007773499935865,-89.60588836669922,0.022444751113653183,0.0011728155659511685,0.11898445338010788
S0_stock,65,22393,353.47021840381785,106.42658996582031,-14.218667984008789,-0.0045270537957549095,0.005668402183800936,-0.8270392417907715,-1.23977656585339e-06,0.8270586667502545,0.0011905096471309662,-0.161970853805542,-3.6621091567212716e-05,-4.168816403193887e-10,0.00706241512671113,-89.60507202148438,-0.01397523283958435,4.087024353793822e-05,0.045630693435668945
S0_stock,66,22394,353.5202184045629,106.4268798828125,-14.25995922088623,-0.004526176489889622,0.005675428546965122,-0.8250202536582947,8.583068620282575e-07,0.8250397744571624,0.00014052726328372955,0.04037976264953613,4.196166628389619e-05,2.5154638478852576e-06,0.006802868098020554,-89.6060791015625,0.016070734709501266,-0.00031735197990201414,-0.0923437550663948
S0_stock,67,22395,353.57021840530797,106.42718505859375,-14.301448822021484,-0.004526634234935045,0.005758760496973991,-0.8325636386871338,-1.2302398317842744e-06,0.8325835548387532,0.0016666390001773834,-0.15086770057678223,-4.1770937968976796e-05,0.0,0.00697362283244729,-89.60697174072266,-0.011824998073279858,-0.0006467610946856439,-0.054248712956905365
S0_stock,68,22396,353.620218406053,106.4274673461914,-14.342996597290039,-0.004525336902588606,0.005721556954085827,-0.8311899304389954,1.3351440202313825e-06,0.8312096225856287,-0.0007440708577632904,0.027474164962768555,5.1307681133039296e-05,-2.0844082015969434e-10,0.006618452724069357,-89.60567474365234,0.009495188482105732,2.050788316410035e-05,0.08902968466281891
S0_stock,69,22397,353.6702184067981,106.42776489257812,-14.384757041931152,-0.004525871016085148,0.005721064284443855,-0.8374444246292114,7.24792471373803e-07,0.837463966341014,-9.853392839431763e-06,-0.1250898838043213,-1.2207030522404239e-05,2.6880527457251446e-06,0.006768716964870691,-89.60491180419922,-0.0083138607442379,0.000771090155467391,0.058012042194604874
S0_stock,70,22398,353.72021840754314,106.42805480957031,-14.426572799682617,-0.004524765070527792,0.005751346703618765,-0.8368006944656372,4.863738922722405e-07,0.8368204587886905,0.0006056483834981918,0.012874603271484375,-4.76837158203125e-06,-2.0844082015969434e-10,0.00645452830940485,-89.606201171875,0.0074837226420640945,0.00018846901366487145,-0.09550103545188904
S0_stock,71,22399,353.7702184082882,106.42835998535156,-14.468585014343262,-0.004524955525994301,0.005829568486660719,-0.8421334028244019,6.866454782539222e-07,0.8421535798307922,0.0015644356608390808,-0.10665416717529297,4.00543194700731e-06,2.0844082015969434e-10,0.006522830110043287,-89.60674285888672,-0.005617396906018257,-0.0007748245261609554,-0.05558953806757927
S0_stock,72,22400,353.82021840903326,106.42864227294922,-14.510665893554688,-0.004524192772805691,0.0057917567901313305,-0.8419574499130249,1.039505036715127e-06,0.8419773701898646,-0.0007562339305877686,0.0035190582275390625,7.057191396597773e-06,0.0,0.006283773574978113,-89.6055908203125,0.007769976742565632,6.736200884915888e-05,0.10000281035900116
S0_stock,73,22401,353.8702184097783,106.4289321899414,-14.552923202514648,-0.00452423095703125,0.0057961768470704556,-0.8470708131790161,1.6212462696785224e-06,0.8470906434428553,8.840113878250122e-05,-0.10226726531982422,1.1634824659267906e-05,2.339748107260675e-06,0.0063110943883657455,-89.60509490966797,-0.005474016070365906,0.0005939711700193584,0.05157905071973801
S0_stock,74,22402,353.9202184105234,106.42922973632812,-14.595263481140137,-0.0045236204750835896,0.005825404543429613,-0.8468642234802246,-4.0054320038507285e-07,0.8468842591222362,0.0005845539271831512,0.004131793975830078,-4.0435788832837716e-05,0.0,0.006119849160313606,-89.606201171875,0.0086032310500741,5.6486369430786e-05,-0.09872233867645264
S0_stock,75,22403,353.97021841126843,106.42952728271484,-14.63776683807373,-0.00452358229085803,0.005886137951165438,-0.852109432220459,6.580352760465757e-07,0.8521297618904565,0.0012146681547164917,-0.1049041748046875,2.117157055181451e-05,-2.0844082015969434e-10,0.006140339653939009,-89.60662078857422,-0.006350281182676554,-0.0005094393854960799,-0.047409579157829285
S0_stock,76,22404,354.0202184120135,106.4298095703125,-14.68035888671875,-0.004523162730038166,0.005857695359736681,-0.8517806529998779,-9.250640573554847e-07,0.851800794447083,-0.0005688518285751343,0.006575584411621094,-3.166198803228326e-05,0.0,0.005990075413137674,-89.60567474365234,0.00889252033084631,5.67749266338069e-05,0.09379686415195465
S0_stock,77,22405,354.07021841275855,106.43010711669922,-14.723109245300293,-0.004523200914263725,0.005875198636204004,-0.8571290373802185,0.0,0.8571491729444501,0.00035006552934646606,-0.10696768760681152,1.850128137448337e-05,4.7149313786576386e-07,0.006024226546287537,-89.60521697998047,-0.007044452708214521,0.00028034872957505286,0.04382415860891342
S0_stock,78,22406,354.1202184135036,106.4303970336914,-14.76595401763916,-0.004522895906120539,0.005892596673220396,-0.8568268418312073,6.389617510649259e-07,0.8568471039680313,0.0003479607403278351,0.006043910980224609,1.277923547604587e-05,1.6935816802288173e-06,0.0059081134386360645,-89.60613250732422,0.008317162282764912,0.00012574128049891442,-0.08660297095775604
S0_stock,79,22407,354.17021841424867,106.43070220947266,-14.808958053588867,-0.004522934090346098,0.00594700314104557,-0.8621605634689331,-4.386901650832442e-07,0.8621810738166433,0.0010881293565034866,-0.1066744327545166,-2.1553038095589727e-05,0.0,0.005962754599750042,-89.60657501220703,-0.007335602771490812,-0.00032595611992292106,-0.03939312696456909
S0_stock,80,22408,354.2202184149937,106.43098449707031,-14.852055549621582,-0.004522552248090506,0.0059272488579154015,-0.8617646098136902,-1.0204314548900584e-06,0.8617849934916519,-0.0003950856626033783,0.007919073104858398,-1.1634825568762608e-05,0.0,0.0058534718118608,-89.60570526123047,0.00859929621219635,2.116338691848796e-05,0.07947827130556107
S0_stock,81,22409,354.2702184157388,106.4312744140625,-14.895296096801758,-0.004522514063864946,0.005946823861449957,-0.8668437600135803,-1.287460349885805e-06,0.8668641583259619,0.0003915000706911087,-0.10158300399780273,-5.340577899914933e-06,1.3025467069383012e-06,0.005867131985723972,-89.60540008544922,-0.0061632380820810795,0.00019438554591033608,0.03573707491159439
S0_stock,82,22410,354.32021841648384,106.43157196044922,-14.93862247467041,-0.004522056318819523,0.005958080291748047,-0.8663553595542908,-1.468658410885837e-06,0.866375846703591,0.00022512860596179962,0.009768009185791016,-3.6239612200006377e-06,2.752252612481243e-06,0.005716868210583925,-89.60613250732422,0.00920960959047079,6.184248923091218e-05,-0.07281612604856491
S0_stock,83,22411,354.3702184172289,106.43186950683594,-14.982089042663574,-0.004522056318819523,0.006006409879773855,-0.8713212609291077,-1.926422100950731e-06,0.8713419631295426,0.0009665917605161667,-0.09931802749633789,-9.15527380129788e-06,0.0,0.005703207571059465,-89.60647583007812,-0.005667129065841436,-0.00025996044860221446,-0.032403234392404556
S0_stock,84,22412,354.42021841797396,106.43215942382812,-15.025635719299316,-0.004521369934082031,0.0059883734211325645,-0.8707254528999329,-1.0204314548900584e-06,0.8707460450355576,-0.0003607291728258133,0.011916160583496094,1.811981201171875e-05,4.168816403193887e-10,0.005532452836632729,-89.60580444335938,0.009504004381597042,6.209801358636469e-05,0.06509187072515488
S0_stock,85,22413,354.470218418719,106.43244934082031,-15.069316864013672,-0.004521369934082031,0.006009070202708244,-0.8755419850349426,1.0490417707842425e-06,0.8755626056911803,0.0004139356315135956,-0.09633064270019531,4.138946678722277e-05,1.5891528164502233e-06,0.005498302169144154,-89.60553741455078,-0.005202662665396929,0.00011462431575637311,0.0291318129748106
S0_stock,86,22414,354.5202184194641,106.4327392578125,-15.113072395324707,-0.004520530812442303,0.006016490515321493,-0.8748570680618286,-5.340576194612368e-07,0.8748777558585801,0.0001484062522649765,0.013698339462280273,-3.166198803228326e-05,1.4428273971134331e-06,0.005313886795192957,-89.60613250732422,0.0095803402364254,0.00010339515574742109,-0.05773858726024628
S0_stock,87,22415,354.57021842020913,106.43304443359375,-15.156953811645508,-0.004520378075540066,0.006059518549591303,-0.8795607686042786,1.945495569088962e-06,0.87958164114344,0.0008605606853961945,-0.09407401084899902,4.9591064453125e-05,0.0,0.005279736127704382,-89.60638427734375,-0.005074263084679842,-0.00018355475913267583,-0.025312023237347603
S0_stock,88,22416,354.6202184209542,106.4333267211914,-15.200907707214355,-0.004519653040915728,0.006043394561856985,-0.8788039088249207,3.8146970382513246e-07,0.8788246883104361,-0.0003224797546863556,0.015137195587158203,-3.128051685052924e-05,2.3324527376189508e-07,0.005095320753753185,-89.60586547851562,0.009477870538830757,7.842510240152478e-05,0.049495190382003784
S0_stock,89,22417,354.67021842169925,106.43362426757812,-15.24498462677002,-0.004519500769674778,0.006065981462597847,-0.8833796381950378,-1.802444444365392e-06,0.8834004648583503,0.00045173801481723785,-0.09151458740234375,-4.367828296381049e-05,1.3971788348499103e-06,0.00505433976650238,-89.60567474365234,-0.004961898550391197,0.00013150603626854718,0.02149255946278572
S0_stock,90,22418,354.7202184224443,106.43391418457031,-15.289129257202148,-0.004518852103501558,0.006068774498999119,-0.8825327754020691,4.95910626341356e-07,0.8825536412496663,5.58607280254364e-05,0.016937255859375,4.5967099140398204e-05,1.324224513155059e-06,0.004869924392551184,-89.60613250732422,0.009454395622015,6.762824341421947e-05,-0.041705794632434845
S0_stock,91,22419,354.77021842318936,106.4342041015625,-15.333392143249512,-0.00451877573505044,0.006106968503445387,-0.8870061039924622,5.722045557376987e-07,0.8870271267467056,0.0007638800889253616,-0.08946657180786133,1.5258785879268544e-06,5.55911640276463e-07,0.004828943405300379,-89.60626220703125,-0.004920777399092913,-0.00010869649122469127,-0.017660412937402725
S0_stock,92,22420,354.8202184239344,106.43450164794922,-15.37771224975586,-0.004518051166087389,0.006092572119086981,-0.8860711455345154,-1.039505036715127e-06,0.886092091368022,-0.00028792768716812134,0.018699169158935547,-3.2234194804914296e-05,1.0538767583057052e-06,0.0046445284970104694,-89.60595703125,0.00938524678349495,8.871522732079029e-05,0.03252013772726059
S0_stock,93,22421,354.8702184246795,106.4347915649414,-15.42214584350586,-0.004517898429185152,0.006117061711847782,-0.8904263973236084,9.059905892172537e-07,0.8904474086073292,0.0004897918552160263,-0.08710503578186035,3.890991138177924e-05,1.8359467048867373e-06,0.004603547044098377,-89.60582733154297,-0.004873933270573616,9.431676153326407e-05,0.013516738079488277
S0_stock,94,22422,354.92021842542454,106.43508911132812,-15.466635704040527,-0.004517173860222101,0.006115615833550692,-0.889409601688385,-1.5068053471622989e-06,0.8894306270501291,-2.8917565941810608e-05,0.020335912704467773,-4.825591895496473e-05,8.500216495122004e-07,0.004419132135808468,-89.60612487792969,0.009334550239145756,3.731153265107423e-05,-0.024826206266880035
S0_stock,95,22423,354.9702184261696,106.43537902832031,-15.511232376098633,-0.004517173860222101,0.006149312946945429,-0.8936594128608704,2.0980834847250662e-07,0.8936805694679721,0.0006739422678947449,-0.08499622344970703,3.4332275390625e-05,8.500216495122004e-07,0.004419132135808468,-89.60612487792969,-0.004878488834947348,-0.0001309219078393653,-0.009931356646120548
S0_stock,96,22424,355.02021842691465,106.4356689453125,-15.555882453918457,-0.004516448825597763,0.006136641371995211,-0.8925359845161438,-7.438659395120339e-07,0.892557080541118,-0.000253431499004364,0.02246856689453125,-1.9073486328125e-05,7.943679634081491e-07,0.004200566094368696,-89.60601043701172,0.009406727738678455,0.00013192676124162972,0.016496656462550163
S0_stock,97,22425,355.0702184276597,106.43596649169922,-15.60063362121582,-0.004516258370131254,0.006162747740745544,-0.8966687321662903,1.6403197378167533e-06,0.8966899100063015,0.0005221273750066757,-0.08265495300292969,4.76837158203125e-05,7.943679634081491e-07,0.004200566094368696,-89.60601043701172,-0.0047807851806283,-1.722476736176759e-05,0.006323079112917185
S0_stock,98,22426,355.12021842840477,106.4362564086914,-15.645429611206055,-0.004515533335506916,0.00615697680041194,-0.8954653739929199,1.1539458455445128e-06,0.8954865405939569,-0.00011541880667209625,0.024067163467407227,-9.72747784544481e-06,9.998906307373545e-07,0.003968339879065752,-89.60612487792969,0.009273282252252102,4.980703670298681e-05,-0.010579927824437618
S0_stock,99,22427,355.1702184291498,106.43655395507812,-15.690324783325195,-0.004515456967055798,0.006186287384480238,-0.8994982242584229,2.7656554379973386e-07,0.8995194970625906,0.0005862116813659668,-0.0806570053100586,-1.754760705807712e-05,9.998906307373545e-07,0.003968339879065752,-89.60612487792969,-0.004820732399821281,-2.4860659323167056e-05,-0.0036883819848299026
S0_stock,100,22428,355.2202184298949,106.43684387207031,-15.735257148742676,-0.0045146942138671875,0.006175094284117222,-0.8981861472129822,3.814697180359872e-08,0.898207374070554,-0.00022386200726032257,0.026241540908813477,-4.76837158203125e-06,9.988484634959605e-07,0.0037429435178637505,-89.60612487792969,0.009288749657571316,6.868573109386489e-05,0.00490889186039567
S0_stock,101,22429,355.27021843063994,106.4371337890625,-15.78028392791748,-0.004514656029641628,0.006201336160302162,-0.9021033048629761,1.7356871921947459e-06,0.9021246195608948,0.0005248375236988068,-0.07834315299987793,3.395080420887098e-05,9.988484634959605e-07,0.0037429435178637505,-89.60612487792969,-0.004791777580976486,-4.3179141357541084e-05,0.0017409794963896275
S0_stock,102,22430,355.320218431385,106.43743133544922,-15.825345039367676,-0.004513892810791731,0.00619193259626627,-0.9007151126861572,1.6212462696785224e-06,0.900736395541527,-0.00018807128071784973,0.027763843536376953,-2.28881845032447e-06,1.8938933408207959e-06,0.0035107170697301626,-89.60613250732422,0.009258147329092026,7.51744955778122e-05,-0.002795800333842635
S0_stock,103,22431,355.37021843213006,106.4377212524414,-15.87049674987793,-0.004513740539550781,0.006218703929334879,-0.9045470952987671,-3.0517577442878974e-07,0.90456847164385,0.0005354266613721848,-0.07663965225219727,-3.852844383800402e-05,1.8938933408207959e-06,0.0035107170697301626,-89.60613250732422,-0.004903935361653566,-0.00013222015695646405,-0.0008685336215421557
S0_stock,104,22432,355.4202184328751,106.43801879882812,-15.915678024291992,-0.004513130057603121,0.0062078749760985374,-0.9030865430831909,1.3732909565078444e-06,0.903107879498099,-0.00021657906472682953,0.029211044311523438,3.356933666509576e-05,1.0367846243752865e-06,0.0032989811152219772,-89.60613250732422,0.009095710702240467,0.00010375233978265896,0.0010093090822920203
S0_stock,105,22433,355.4702184336202,106.43830871582031,-15.960943222045898,-0.004513015504926443,0.006233829539269209,-0.9068437814712524,2.403259259153856e-06,0.9068652075306346,0.0005190912634134293,-0.07514476776123047,2.059936559817288e-05,1.0367846243752865e-06,0.0032989811152219772,-89.60613250732422,-0.005053619388490915,-3.828797161986586e-06,0.0001540361699881032
S0_stock,106,22434,355.52021843436523,106.4385986328125,-16.006237030029297,-0.004512290935963392,0.00622298801317811,-0.9052989482879639,1.8119811784345075e-07,0.9053203363181115,-0.0002168305218219757,0.030896663665771484,-4.444122168933973e-05,1.3874863498131162e-06,0.0031009058002382517,-89.60617065429688,0.009063280187547207,0.0001020084455376491,-0.00040257570799440145
S0_stock,107,22435,355.5702184351103,106.43889617919922,-16.051612854003906,-0.0045121763832867146,0.006248517893254757,-0.9089917540550232,-1.7166136956348055e-07,0.9090132303305158,0.0005105976015329361,-0.07385611534118652,-7.05719003235572e-06,1.3874863498131162e-06,0.0031009058002382517,-89.60617065429688,-0.005213655065745115,-5.701429472537711e-06,-3.22338892146945e-05
S0_stock,108,22436,355.62021843585535,106.4391860961914,-16.097013473510742,-0.004511604085564613,0.006237402558326721,-0.9074177145957947,-1.8119811784345075e-07,0.9074391516531357,-0.00022230669856071472,0.03148078918457031,-1.9073496559940395e-07,1.518491359320251e-07,0.0029164906591176987,-89.606201171875,0.008731438778340816,1.0027071766671725e-05,-0.00048509755288250744
S0_stock,109,22437,355.6702184366004,106.43948364257812,-16.142494201660156,-0.004511604085564613,0.006262571085244417,-0.9110525250434875,3.8146970382513246e-07,0.9110740492324747,0.00050337053835392,-0.07269620895385742,1.1253356205997989e-05,1.518491359320251e-07,0.0029164906591176987,-89.606201171875,-0.005455540027469397,-8.636484380986076e-06,-5.4922747949603945e-05
S0_stock,110,22438,355.72021843734547,106.43977355957031,-16.18799591064453,-0.004511031787842512,0.006250722333788872,-0.9093987345695496,-5.149840944795869e-07,0.9094202163833051,-0.0002369750291109085,0.033075809478759766,-1.792907642084174e-05,1.6537694591534091e-06,0.002752566011622548,-89.606201171875,0.008674092590808868,0.00010289834608556703,-0.0005109327612444758
S0_stock,111,22439,355.7702184380905,106.4400634765625,-16.233572006225586,-0.004511031787842512,0.006275246385484934,-0.9129688739776611,1.9073485191256623e-07,0.9129904400207449,0.0004904810339212418,-0.07140278816223145,1.4114379155216739e-05,1.6537694591534091e-06,0.002752566011622548,-89.606201171875,-0.005524842534214258,-6.89298176439479e-05,-3.401373032829724e-05
S0_stock,112,22440,355.8202184388356,106.44036102294922,-16.2791690826416,-0.0045104981400072575,0.0062628439627587795,-0.9112792015075684,1.7452239262638614e-06,0.9113007222195202,-0.00024804845452308655,0.03379344940185547,3.108978125965223e-05,2.8435497370082885e-06,0.0026023020036518574,-89.606201171875,0.008518138900399208,0.0001148012961493805,5.0395676225889474e-05
S0_stock,113,22441,355.87021843958064,106.4406509399414,-16.32483673095703,-0.0045104981400072575,0.006287436932325363,-0.9148032665252686,1.1062621751989354e-06,0.9148248730274573,0.0004918593913316727,-0.0704813003540039,-1.277923547604587e-05,2.8435497370082885e-06,0.0026023020036518574,-89.606201171875,-0.005697658285498619,-8.422572136623785e-05,-4.7216723032761365e-05
S0_stock,114,22442,355.9202184403257,106.44094848632812,-16.370525360107422,-0.0045099640265107155,0.006275258958339691,-0.9130620360374451,1.411438006471144e-06,0.9130835999676212,-0.00024355947971343994,0.03482460975646973,6.103516625444172e-06,2.3949849037308013e-07,0.002465698169544339,-89.606201171875,0.00841342844069004,-6.464964098995551e-05,-0.00026445192634128034
S0_stock,115,22443,355.97021844107076,106.44123840332031,-16.41628074645996,-0.004510002210736275,0.006299512926489115,-0.916534423828125,2.2220610844669864e-06,0.9165560724418347,0.000485079362988472,-0.06944775581359863,1.6212461559916846e-05,2.3949849037308013e-07,0.002465698169544339,-89.606201171875,-0.005819641053676605,-2.452535591146443e-05,2.5088240363402292e-05
S0_stock,116,22444,356.0202184418158,106.4415283203125,-16.462053298950195,-0.004509506281465292,0.006286808755248785,-0.9147334098815918,6.961822123230377e-07,0.9147550137159205,-0.00025408342480659485,0.03602027893066406,-3.0517576306010596e-05,1.2175028132332955e-06,0.002329094335436821,-89.606201171875,0.00836053118109703,7.858563913032413e-05,-0.0003532690752763301
S0_stock,117,22445,356.0702184425609,106.44182586669922,-16.507892608642578,-0.004509506281465292,0.006310462951660156,-0.9181603789329529,1.2969970839549205e-06,0.918182064400438,0.0004730839282274246,-0.06853938102722168,1.2016297660011332e-05,1.2175028132332955e-06,0.002329094335436821,-89.606201171875,-0.005915370304137468,-3.0181448892108165e-05,6.150610715849325e-05
S0_stock,118,22446,356.12021844330593,106.4421157836914,-16.55374526977539,-0.0045090485364198685,0.006297463085502386,-0.9163315296173096,9.250640573554847e-07,0.9163531689326814,-0.00025999732315540314,0.03657698631286621,-7.438660759362392e-06,5.76338891278283e-07,0.002206150908023119,-89.606201171875,0.00827558059245348,7.721775182290003e-05,-0.0001484484237153083
S0_stock,119,22447,356.170218444051,106.44241333007812,-16.59966278076172,-0.0045090485364198685,0.006321197375655174,-0.919714629650116,1.115798909268051e-06,0.9197363521846665,0.00047468580305576324,-0.06766200065612793,3.8146970382513246e-06,5.76338891278283e-07,0.002206150908023119,-89.606201171875,-0.006000114139169455,-8.401473314734176e-05,-5.596583287115209e-05
S0_stock,120,22448,356.22021844479605,106.44249725341797,-16.61250877380371,-0.003932227846235037,8.730087574804202e-05,-0.011434854939579964,-2.024650530074723e-05,0.011435206113276645,-0.12467793375253677,18.16559600830078,-0.00042724609375,5.002597731618152e-07,-0.15295524895191193,-89.6064682006836,3.483811616897583,0.023870930075645447,-0.0007391876424662769
S0_stock,121,22449,356.2702184455411,106.44248962402344,-16.61190414428711,-0.003578796284273267,2.555520950409118e-05,-0.0034655940253287554,-4.673004150390625e-05,0.003466003276672733,-0.0012349133612588048,0.15938521921634674,-0.0005296707386150956,1.041880386765115e-05,-0.24801097810268402,-89.60651397705078,1.0793976783752441,0.007625652942806482,7.148022268665954e-05
S0_stock,122,22450,356.32021844628616,106.44248962402344,-16.611799240112305,-0.0035182188730686903,6.654707362940826e-08,0.00014742001076228917,-3.589630068745464e-05,0.00015172741480929089,-0.0005097732646390796,0.072260282933712,0.00021667481632903218,1.7102334822993726e-05,-0.26467666029930115,-89.6064682006836,-0.04607384651899338,-0.0001991132739931345,-5.4919106332818046e-05
S0_stock,123,22451,356.3702184470312,106.44248962402344,-16.611913681030273,-0.003588027786463499,-1.1396473382774275e-05,0.0016681755660101771,-1.0023117283708416e-05,0.001668244604822393,-0.00022926040401216596,0.030415112152695656,0.0005174636607989669,2.1157771698199213e-05,-0.24633759260177612,-89.60650634765625,-0.5201612114906311,-0.0034517375752329826,-0.00010765746264951304
S0_stock,124,22452,356.4202184477763,106.44248962402344,-16.61211395263672,-0.0037057495210319757,-1.5028571397124324e-05,0.002159154275432229,7.543563697254285e-06,0.002159219754547639,-7.264196028700098e-05,0.009819574654102325,0.0003513336123432964,1.8749800801742822e-05,-0.21491189301013947,-89.60649871826172,-0.6720052361488342,-0.004689197987318039,-0.00010622330592013896
S0_stock,125,22453,356.47021844852134,106.44248962402344,-16.612329483032227,-0.003832168411463499,-1.5239334970829077e-05,0.0021649037953466177,1.8253325833939016e-05,0.0021650343794823545,-4.215271474095061e-06,0.00011499039828777313,0.0002141952427336946,1.7762582501745783e-05,-0.18091121315956116,-89.60649871826172,-0.6723973751068115,-0.0046534109860658646,-8.425463602179661e-05
S0_stock,126,22454,356.5202184492664,106.44249725341797,-16.612533569335938,-0.003950042650103569,-1.3809734809910879e-05,0.0019620715174824,1.9588469513109885e-05,0.0019622178922405822,2.859200321836397e-05,-0.004056645557284355,2.6702873583417386e-05,1.4440828635997605e-05,-0.14904837310314178,-89.60650634765625,-0.6081970930099487,-0.004253888502717018,-5.993954255245626e-05
S0_stock,127,22455,356.57021845001145,106.44249725341797,-16.61271095275879,-0.004053001292049885,-1.2506865459727123e-05,0.001689037075266242,2.0494460841291584e-05,0.001689207709617957,2.6057387003675103e-05,-0.005460688844323158,1.811982656363398e-05,1.2639879969356116e-05,-0.12118121236562729,-89.60650634765625,-0.522653341293335,-0.0036064188461750746,-3.9908449252834544e-05
S0_stock,128,22456,356.6202184507565,106.44249725341797,-16.61285972595215,-0.004139709286391735,-1.0143453437194694e-05,0.0014113332144916058,1.6899108231882565e-05,0.0014114708327960144,4.726824045064859e-05,-0.005554077215492725,-7.190705218818039e-05,8.74785655469168e-06,-0.09765803813934326,-89.60650634765625,-0.4360763430595398,-0.0030894854571670294,-2.540271270845551e-05
S0_stock,129,22457,356.67021845150157,106.44249725341797,-16.61298370361328,-0.004211234860122204,-8.501937372784596e-06,0.001158015220426023,1.2550353858387098e-05,0.0011581144352176048,3.283032128820196e-05,-0.005066359881311655,-8.697508746990934e-05,6.183194273035042e-06,-0.0782739669084549,-89.60649871826172,-0.35736995935440063,-0.0025504110381007195,-1.553728543512989e-05
S0_stock,130,22458,356.7202184522466,106.44249725341797,-16.61308479309082,-0.004269408993422985,-6.686787855869625e-06,0.0009389964980073273,7.553100203949725e-06,0.0009390506832565243,3.6302990338299423e-05,-0.00438037421554327,-9.994507126975805e-05,5.322748165781377e-06,-0.06246890500187874,-89.60651397705078,-0.2894921898841858,-0.0019813391845673323,-9.146671800408512e-06
S0_stock,131,22459,356.7702184529917,106.44249725341797,-16.61316680908203,-0.004316444508731365,-5.3132207540329546e-06,0.0007556619239039719,4.882812390860636e-06,0.000755696377793276,2.7471342036733404e-05,-0.003666691482067108,-5.3405754442792386e-05,3.571843080862891e-06,-0.04974426329135895,-89.60650634765625,-0.23278315365314484,-0.0016551653388887644,-5.1390939006523695e-06
S0_stock,132,22460,356.82021845373674,106.44249725341797,-16.613231658935547,-0.004354133736342192,-4.299766715121223e-06,0.0006050118245184422,2.6607513063936494e-06,0.0006050329539772633,2.0269080778234638e-05,-0.003013001987710595,-4.444122168933973e-05,3.6768969948752783e-06,-0.03954679146409035,-89.60649871826172,-0.1862563043832779,-0.001233434653840959,-2.6985076146957e-06
S0_stock,133,22461,356.8702184544818,106.44249725341797,-16.61328125,-0.004384269472211599,-3.1012375529826386e-06,0.0004826909862458706,5.340576194612368e-07,0.0004827012441406301,2.3970584152266383e-05,-0.0024464167654514313,-4.253387305652723e-05,1.135585762312985e-06,-0.03139837831258774,-89.60649871826172,-0.14852194488048553,-0.001036345842294395,-1.2707716905424604e-06
S0_stock,134,22462,356.92021845522686,106.44249725341797,-16.61328125,-0.004384269472211599,0.0,0.0,0.0,0.0,6.202475196914747e-05,-0.009653819724917412,-1.068115216185106e-05,1.135585762312985e-06,-0.03139837831258774,-89.60649871826172,0.0,0.0,0.0
S0_stock,135,22463,356.9702184559719,106.44249725341797,-16.61328125,-0.004384269472211599,0.0,0.0,0.0,0.0,0.0,0.0,0.0,1.135585762312985e-06,-0.03139837831258774,-89.60649871826172,0.0,0.0,0.0
S0_stock,136,22464,357.020218456717,106.44249725341797,-16.61328125,-0.004384269472211599,0.0,0.0,0.0,0.0,0.0,0.0,0.0,1.135585762312985e-06,-0.03139837831258774,-89.60649871826172,0.0,0.0,0.0
S0_stock,137,22465,357.07021845746203,106.44249725341797,-16.61328125,-0.004384269472211599,0.0,0.0,0.0,0.0,0.0,0.0,0.0,1.135585762312985e-06,-0.03139837831258774,-89.60649871826172,0.0,0.0,0.0
S0_stock,138,22466,357.1202184582071,106.44249725341797,-16.61328125,-0.004384269472211599,0.0,0.0,0.0,0.0,0.0,0.0,0.0,1.135585762312985e-06,-0.03139837831258774,-89.60649871826172,0.0,0.0,0.0
S0_stock,139,22467,357.17021845895215,106.44249725341797,-16.61328125,-0.004384269472211599,0.0,0.0,0.0,0.0,0.0,0.0,0.0,1.135585762312985e-06,-0.03139837831258774,-89.60649871826172,0.0,0.0,0.0
S0_stock,140,22468,357.2202184596972,106.44249725341797,-16.61328125,-0.004384269472211599,0.0,0.0,0.0,0.0,0.0,0.0,0.0,1.135585762312985e-06,-0.03139837831258774,-89.60649871826172,0.0,0.0,0.0
S0_stock,141,22469,357.27021846044227,106.44249725341797,-16.61328125,-0.004384269472211599,0.0,0.0,0.0,0.0,0.0,0.0,0.0,1.135585762312985e-06,-0.03139837831258774,-89.60649871826172,0.0,0.0,0.0
S0_stock,142,22470,357.3202184611873,106.44249725341797,-16.61328125,-0.004384269472211599,0.0,0.0,0.0,0.0,0.0,0.0,0.0,1.135585762312985e-06,-0.03139837831258774,-89.60649871826172,0.0,0.0,0.0
S0_stock,143,22471,357.3702184619324,106.44249725341797,-16.61328125,-0.004384269472211599,0.0,0.0,0.0,0.0,0.0,0.0,0.0,1.135585762312985e-06,-0.03139837831258774,-89.60649871826172,0.0,0.0,0.0
S0_stock,144,22472,357.42021846267744,106.44249725341797,-16.61328125,-0.004384269472211599,0.0,0.0,0.0,0.0,0.0,0.0,0.0,1.135585762312985e-06,-0.03139837831258774,-89.60649871826172,0.0,0.0,0.0
S0_stock,145,22473,357.4702184634225,106.44249725341797,-16.61328125,-0.004384269472211599,0.0,0.0,0.0,0.0,0.0,0.0,0.0,1.135585762312985e-06,-0.03139837831258774,-89.60649871826172,0.0,0.0,0.0
S0_stock,146,22474,357.52021846416756,106.44249725341797,-16.61328125,-0.004384269472211599,0.0,0.0,0.0,0.0,0.0,0.0,0.0,1.135585762312985e-06,-0.03139837831258774,-89.60649871826172,0.0,0.0,0.0
S0_stock,147,22475,357.5702184649126,106.44249725341797,-16.61328125,-0.004384269472211599,0.0,0.0,0.0,0.0,0.0,0.0,0.0,1.135585762312985e-06,-0.03139837831258774,-89.60649871826172,0.0,0.0,0.0
S0_stock,148,22476,357.6202184656577,106.44249725341797,-16.61328125,-0.004384269472211599,0.0,0.0,0.0,0.0,0.0,0.0,0.0,1.135585762312985e-06,-0.03139837831258774,-89.60649871826172,0.0,0.0,0.0
S0_stock,149,22477,357.67021846640273,106.44249725341797,-16.61328125,-0.004384269472211599,0.0,0.0,0.0,0.0,0.0,0.0,0.0,1.135585762312985e-06,-0.03139837831258774,-89.60649871826172,0.0,0.0,0.0
S0_stock,150,22478,357.7202184671478,106.44249725341797,-16.61328125,-0.004384269472211599,0.0,0.0,0.0,0.0,0.0,0.0,0.0,1.135585762312985e-06,-0.03139837831258774,-89.60649871826172,0.0,0.0,0.0
S0_stock,151,22479,357.77021846789285,106.44249725341797,-16.61328125,-0.004384269472211599,0.0,0.0,0.0,0.0,0.0,0.0,0.0,1.135585762312985e-06,-0.03139837831258774,-89.60649871826172,0.0,0.0,0.0
S0_stock,152,22480,357.8202184686379,106.44249725341797,-16.61328125,-0.004384269472211599,0.0,0.0,0.0,0.0,0.0,0.0,0.0,1.135585762312985e-06,-0.03139837831258774,-89.60649871826172,0.0,0.0,0.0
S0_stock,153,22481,357.87021846938296,106.44249725341797,-16.61328125,-0.004384269472211599,0.0,0.0,0.0,0.0,0.0,0.0,0.0,1.135585762312985e-06,-0.03139837831258774,-89.60649871826172,0.0,0.0,0.0
S0_stock,154,22482,357.920218470128,106.44249725341797,-16.61328125,-0.004384269472211599,0.0,0.0,0.0,0.0,0.0,0.0,0.0,1.135585762312985e-06,-0.03139837831258774,-89.60649871826172,0.0,0.0,0.0
S0_stock,155,22483,357.9702184708731,106.44249725341797,-16.61328125,-0.004384269472211599,0.0,0.0,0.0,0.0,0.0,0.0,0.0,1.135585762312985e-06,-0.03139837831258774,-89.60649871826172,0.0,0.0,0.0
S0_stock,156,22484,358.02021847161814,106.44249725341797,-16.61328125,-0.004384269472211599,0.0,0.0,0.0,0.0,0.0,0.0,0.0,1.135585762312985e-06,-0.03139837831258774,-89.60649871826172,0.0,0.0,0.0
S0_stock,157,22485,358.0702184723632,106.44249725341797,-16.61328125,-0.004384269472211599,0.0,0.0,0.0,0.0,0.0,0.0,0.0,1.135585762312985e-06,-0.03139837831258774,-89.60649871826172,0.0,0.0,0.0
S0_stock,158,22486,358.12021847310825,106.44249725341797,-16.61328125,-0.004384269472211599,0.0,0.0,0.0,0.0,0.0,0.0,0.0,1.135585762312985e-06,-0.03139837831258774,-89.60649871826172,0.0,0.0,0.0
S0_stock,159,22487,358.1702184738533,106.44249725341797,-16.61328125,-0.004384269472211599,0.0,0.0,0.0,0.0,0.0,0.0,0.0,1.135585762312985e-06,-0.03139837831258774,-89.60649871826172,0.0,0.0,0.0
S0_stock,160,22488,358.22021847459837,106.44249725341797,-16.61328125,-0.004384269472211599,0.0,0.0,0.0,0.0,0.0,0.0,0.0,1.135585762312985e-06,-0.03139837831258774,-89.60649871826172,0.0,0.0,0.0
S0_stock,161,22489,358.2702184753434,106.44249725341797,-16.61328125,-0.004384269472211599,0.0,0.0,0.0,0.0,0.0,0.0,0.0,1.135585762312985e-06,-0.03139837831258774,-89.60649871826172,0.0,0.0,0.0
S0_stock,162,22490,358.3202184760885,106.44249725341797,-16.61328125,-0.004384269472211599,0.0,0.0,0.0,0.0,0.0,0.0,0.0,1.135585762312985e-06,-0.03139837831258774,-89.60649871826172,0.0,0.0,0.0
S0_stock,163,22491,358.37021847683354,106.44249725341797,-16.61328125,-0.004384269472211599,0.0,0.0,0.0,0.0,0.0,0.0,0.0,1.135585762312985e-06,-0.03139837831258774,-89.60649871826172,0.0,0.0,0.0
S0_stock,164,22492,358.4202184775786,106.44249725341797,-16.61328125,-0.004384269472211599,0.0,0.0,0.0,0.0,0.0,0.0,0.0,1.135585762312985e-06,-0.03139837831258774,-89.60649871826172,0.0,0.0,0.0
S0_stock,165,22493,358.47021847832366,106.44249725341797,-16.61328125,-0.004384269472211599,0.0,0.0,0.0,0.0,0.0,0.0,0.0,1.135585762312985e-06,-0.03139837831258774,-89.60649871826172,0.0,0.0,0.0
S0_stock,166,22494,358.5202184790687,106.44249725341797,-16.61328125,-0.004384269472211599,0.0,0.0,0.0,0.0,0.0,0.0,0.0,1.135585762312985e-06,-0.03139837831258774,-89.60649871826172,0.0,0.0,0.0
S0_stock,167,22495,358.5702184798138,106.44249725341797,-16.61328125,-0.004384269472211599,0.0,0.0,0.0,0.0,0.0,0.0,0.0,1.135585762312985e-06,-0.03139837831258774,-89.60649871826172,0.0,0.0,0.0
S0_stock,168,22496,358.62021848055883,106.44249725341797,-16.61328125,-0.004384269472211599,0.0,0.0,0.0,0.0,0.0,0.0,0.0,1.135585762312985e-06,-0.03139837831258774,-89.60649871826172,0.0,0.0,0.0
S0_stock,169,22497,358.6702184813039,106.44249725341797,-16.61328125,-0.004384269472211599,0.0,0.0,0.0,0.0,0.0,0.0,0.0,1.135585762312985e-06,-0.03139837831258774,-89.60649871826172,0.0,0.0,0.0
S0_stock,170,22498,358.72021848204895,106.44249725341797,-16.61328125,-0.004384269472211599,0.0,0.0,0.0,0.0,0.0,0.0,0.0,1.135585762312985e-06,-0.03139837831258774,-89.60649871826172,0.0,0.0,0.0
S0_stock,171,22499,358.770218482794,106.44249725341797,-16.61328125,-0.004384269472211599,0.0,0.0,0.0,0.0,0.0,0.0,0.0,1.135585762312985e-06,-0.03139837831258774,-89.60649871826172,0.0,0.0,0.0
S0_stock,172,22500,358.82021848353907,106.44249725341797,-16.61328125,-0.004384269472211599,0.0,0.0,0.0,0.0,0.0,0.0,0.0,1.135585762312985e-06,-0.03139837831258774,-89.60649871826172,0.0,0.0,0.0
S0_stock,173,22501,358.8702184842841,106.44249725341797,-16.61328125,-0.004384269472211599,0.0,0.0,0.0,0.0,0.0,0.0,0.0,1.135585762312985e-06,-0.03139837831258774,-89.60649871826172,0.0,0.0,0.0
S0_stock,174,22502,358.9202184850292,106.44249725341797,-16.61328125,-0.004384269472211599,0.0,0.0,0.0,0.0,0.0,0.0,0.0,1.135585762312985e-06,-0.03139837831258774,-89.60649871826172,0.0,0.0,0.0
S0_stock,175,22503,358.97021848577424,106.44249725341797,-16.61328125,-0.004384269472211599,0.0,0.0,0.0,0.0,0.0,0.0,0.0,1.135585762312985e-06,-0.03139837831258774,-89.60649871826172,0.0,0.0,0.0
S0_stock,176,22504,359.0202184865193,106.44249725341797,-16.61328125,-0.004384269472211599,0.0,0.0,0.0,0.0,0.0,0.0,0.0,1.135585762312985e-06,-0.03139837831258774,-89.60649871826172,0.0,0.0,0.0
S0_stock,177,22505,359.07021848726436,106.44249725341797,-16.61328125,-0.004384269472211599,0.0,0.0,0.0,0.0,0.0,0.0,0.0,1.135585762312985e-06,-0.03139837831258774,-89.60649871826172,0.0,0.0,0.0
S0_stock,178,22506,359.1202184880094,106.44249725341797,-16.61328125,-0.004384269472211599,0.0,0.0,0.0,0.0,0.0,0.0,0.0,1.135585762312985e-06,-0.03139837831258774,-89.60649871826172,0.0,0.0,0.0
S0_stock,179,22507,359.1702184887545,106.44249725341797,-16.61328125,-0.004384269472211599,0.0,0.0,0.0,0.0,0.0,0.0,0.0,1.135585762312985e-06,-0.03139837831258774,-89.60649871826172,0.0,0.0,0.0
S0_stock,180,22508,359.22021848949953,106.44249725341797,-16.61328125,-0.004384269472211599,0.0,0.0,0.0,0.0,0.0,0.0,0.0,1.135585762312985e-06,-0.03139837831258774,-89.60649871826172,0.0,0.0,0.0
S0_stock,181,22509,359.2702184902446,106.44249725341797,-16.61328125,-0.004384269472211599,0.0,0.0,0.0,0.0,0.0,0.0,0.0,1.135585762312985e-06,-0.03139837831258774,-89.60649871826172,0.0,0.0,0.0
S0_stock,182,22510,359.32021849098965,106.44249725341797,-16.61328125,-0.004384269472211599,0.0,0.0,0.0,0.0,0.0,0.0,0.0,1.135585762312985e-06,-0.03139837831258774,-89.60649871826172,0.0,0.0,0.0
S0_stock,183,22511,359.3702184917347,106.44249725341797,-16.61328125,-0.004384269472211599,0.0,0.0,0.0,0.0,0.0,0.0,0.0,1.135585762312985e-06,-0.03139837831258774,-89.60649871826172,0.0,0.0,0.0
S0_stock,184,22512,359.42021849247976,106.44249725341797,-16.61328125,-0.004384269472211599,0.0,0.0,0.0,0.0,0.0,0.0,0.0,1.135585762312985e-06,-0.03139837831258774,-89.60649871826172,0.0,0.0,0.0
S0_stock,185,22513,359.4702184932248,106.44249725341797,-16.61328125,-0.004384269472211599,0.0,0.0,0.0,0.0,0.0,0.0,0.0,1.135585762312985e-06,-0.03139837831258774,-89.60649871826172,0.0,0.0,0.0
S0_stock,186,22514,359.5202184939699,106.44249725341797,-16.61328125,-0.004384269472211599,0.0,0.0,0.0,0.0,0.0,0.0,0.0,1.135585762312985e-06,-0.03139837831258774,-89.60649871826172,0.0,0.0,0.0
S0_stock,187,22515,359.57021849471494,106.44249725341797,-16.61328125,-0.004384269472211599,0.0,0.0,0.0,0.0,0.0,0.0,0.0,1.135585762312985e-06,-0.03139837831258774,-89.60649871826172,0.0,0.0,0.0
S0_stock,188,22516,359.62021849546,106.44249725341797,-16.61328125,-0.004384269472211599,0.0,0.0,0.0,0.0,0.0,0.0,0.0,1.135585762312985e-06,-0.03139837831258774,-89.60649871826172,0.0,0.0,0.0
S0_stock,189,22517,359.67021849620505,106.44249725341797,-16.61328125,-0.004384269472211599,0.0,0.0,0.0,0.0,0.0,0.0,0.0,1.135585762312985e-06,-0.03139837831258774,-89.60649871826172,0.0,0.0,0.0
S0_stock,190,22518,359.7202184969501,106.44249725341797,-16.61328125,-0.004384269472211599,0.0,0.0,0.0,0.0,0.0,0.0,0.0,1.135585762312985e-06,-0.03139837831258774,-89.60649871826172,0.0,0.0,0.0
S0_stock,191,22519,359.77021849769517,106.44249725341797,-16.61328125,-0.004384269472211599,0.0,0.0,0.0,0.0,0.0,0.0,0.0,1.135585762312985e-06,-0.03139837831258774,-89.60649871826172,0.0,0.0,0.0
S0_stock,192,22520,359.8202184984402,106.44249725341797,-16.61328125,-0.004384269472211599,0.0,0.0,0.0,0.0,0.0,0.0,0.0,1.135585762312985e-06,-0.03139837831258774,-89.60649871826172,0.0,0.0,0.0
S0_stock,193,22521,359.8702184991853,106.44249725341797,-16.61328125,-0.004384269472211599,0.0,0.0,0.0,0.0,0.0,0.0,0.0,1.135585762312985e-06,-0.03139837831258774,-89.60649871826172,0.0,0.0,0.0
S0_stock,194,22522,359.92021849993034,106.44249725341797,-16.61328125,-0.004384269472211599,0.0,0.0,0.0,0.0,0.0,0.0,0.0,1.135585762312985e-06,-0.03139837831258774,-89.60649871826172,0.0,0.0,0.0
S0_stock,195,22523,359.9702185006754,106.44249725341797,-16.61328125,-0.004384269472211599,0.0,0.0,0.0,0.0,0.0,0.0,0.0,1.135585762312985e-06,-0.03139837831258774,-89.60649871826172,0.0,0.0,0.0
S0_stock,196,22524,360.02021850142046,106.44249725341797,-16.61328125,-0.004384269472211599,0.0,0.0,0.0,0.0,0.0,0.0,0.0,1.135585762312985e-06,-0.03139837831258774,-89.60649871826172,0.0,0.0,0.0
S0_stock,197,22525,360.0702185021655,106.44249725341797,-16.61328125,-0.004384269472211599,0.0,0.0,0.0,0.0,0.0,0.0,0.0,1.135585762312985e-06,-0.03139837831258774,-89.60649871826172,0.0,0.0,0.0
S0_stock,198,22526,360.1202185029106,106.44249725341797,-16.61328125,-0.004384269472211599,0.0,0.0,0.0,0.0,0.0,0.0,0.0,1.135585762312985e-06,-0.03139837831258774,-89.60649871826172,0.0,0.0,0.0
S0_stock,199,22527,360.17021850365563,106.44249725341797,-16.61328125,-0.004384269472211599,0.0,0.0,0.0,0.0,0.0,0.0,0.0,1.135585762312985e-06,-0.03139837831258774,-89.60649871826172,0.0,0.0,0.0
S1_identity,0,22531,360.37021850663587,106.41629028320312,-12.711931228637695,0.48239871859550476,0.0,0.0,-1.470000147819519,1.470000147819519,0.0,0.0,-9.80000114440918,0.0,0.0,-89.6092529296875,0.0,0.0,0.0
S1_identity,1,22532,360.4202185073809,106.41629028320312,-12.711931228637695,0.3941987156867981,0.0,0.0,-1.9600002765655518,1.9600002765655518,0.0,0.0,-9.800003051757812,0.0,0.0,-89.6092529296875,0.0,0.0,0.0
S1_identity,2,22533,360.470218508126,106.41629028320312,-12.711931228637695,0.28149881958961487,0.0,0.0,-2.450000286102295,2.450000286102295,0.0,0.0,-9.800000190734863,0.0,0.0,-89.6092529296875,0.0,0.0,0.0
S1_identity,3,22534,360.52021850887104,106.41629028320312,-12.711931228637695,0.14429865777492523,0.0,0.0,-2.93999981880188,2.93999981880188,0.0,0.0,-9.7999906539917,0.0,0.0,-89.6092529296875,0.0,0.0,0.0
S1_identity,4,22535,360.5702185096161,106.41629028320312,-12.711931228637695,0.01094127632677555,3.845298834903588e-08,4.405739328916525e-09,-2.099825859069824,2.0998258590698247,7.690597385590081e-07,8.811478835468733e-08,16.803478240966797,0.0,0.0,-89.6092529296875,-1.3050719189777737e-06,4.485481440497097e-06,-3.437105877690527e-10
S1_identity,5,22536,360.62021851036116,106.41629028320312,-12.711931228637695,-0.059329528361558914,7.329881412942996e-08,-3.614082544345365e-08,-1.0177116394042969,1.0177116394043002,6.969165156078816e-07,-8.109312830129056e-07,21.642284393310547,0.0,0.0,-89.6092529296875,1.1443671610322781e-05,-2.5181436285492964e-05,4.161265110269596e-09
S1_identity,6,22537,360.6702185111062,106.41629028320312,-12.711931228637695,-0.08991378545761108,6.726747159291335e-08,4.475617032539958e-08,-0.3880349397659302,0.38803493976593856,-1.2062685073033208e-07,1.6179399153770646e-06,12.593534469604492,0.0,0.0,-89.6092529296875,-1.3471183592628222e-05,-2.099338234984316e-05,-5.766087607383952e-09
S1_identity,7,22538,360.7202185118513,106.41629028320312,-12.711931228637695,-0.09797916561365128,1.1609628103315117e-07,-1.4815924043176665e-09,-0.03903079032897949,0.03903079032915218,9.765761888047564e-07,-9.247552270608139e-07,6.980082988739014,0.0,0.0,-89.6092529296875,1.1290220527371275e-06,-6.332865450531244e-05,1.9221183672479825e-11
S1_identity,8,22539,360.77021851259633,106.41629028320312,-12.711931228637695,-0.09405852854251862,1.2526186310424237e-07,-6.5119842851402154e-09,0.1394035816192627,0.13940358161931912,1.8331164142182388e-07,-1.0060784205734308e-07,3.5686874389648438,0.0,0.0,-89.6092529296875,2.134958776878193e-06,1.699851236480754e-05,-2.391780939969834e-10
S1_identity,9,22540,360.8202185133414,106.41629028320312,-12.711931228637695,-0.08445831388235092,8.37020692756596e-08,-9.429157898921403e-09,0.21704977750778198,0.21704977750779833,-8.31195848149946e-07,-5.834347405198059e-08,1.5529239177703857,0.0,0.0,-89.6092529296875,2.9390848794719204e-06,1.751623858581297e-05,-1.656684012196763e-09
S1_identity,10,22541,360.87021851408645,106.41629028320312,-12.711931228637695,-0.07282661646604538,6.97808673066902e-08,-9.90397897027151e-09,0.23750783503055573,0.2375078350305662,-2.78424039379388e-07,-9.496421427002133e-09,0.40916115045547485,0.0,0.0,-89.6092529296875,3.5983664474770194e-06,-6.18877456872724e-05,-3.2055100240846457e-10
S1_identity,11,22542,360.9202185148315,106.41629028320312,-12.711931228637695,-0.061167068779468536,1.1087317375313432e-07,3.3225418860638456e-08,0.22752878069877625,0.2275287806988057,8.218461289288825e-07,8.625879672763404e-07,-0.1995810866355896,0.0,0.0,-89.6092529296875,-9.853447409113869e-06,-2.0639612557715736e-05,-4.047573831655882e-09
S1_identity,12,22543,360.97021851557656,106.41629028320312,-12.711931228637695,-0.05048728734254837,-2.7624918175206403e-07,-1.5101022654562257e-08,0.2031291127204895,0.2031291127206779,-7.74244745116448e-06,-9.665288871474331e-07,-0.48799335956573486,0.0,0.0,-89.6092529296875,4.405554591357941e-06,-5.2353047067299485e-05,2.267285248436224e-09
S1_identity,13,22544,361.0202185163216,106.41629028320312,-12.711931228637695,-0.041209373623132706,-4.701088940350928e-08,-1.349469513911572e-08,0.17357487976551056,0.17357487976551744,4.5847659748687875e-06,3.2126550308930746e-08,-0.5910846590995789,0.0,0.0,-89.6092529296875,4.4599278226087335e-06,-6.180557829793543e-05,1.0957463825178593e-09
S1_identity,14,22545,361.0702185170667,106.41629028320312,-12.711931228637695,-0.03342563658952713,-2.3305408092255675e-07,-1.7018377818089903e-08,0.14395178854465485,0.1439517885448445,-3.7208637877483852e-06,-7.047365357948365e-08,-0.5924618244171143,0.0,0.0,-89.6092529296875,4.5791807679052e-06,2.2494143195217475e-05,3.962331796003582e-09
S1_identity,15,22546,361.12021851781174,106.41629028320312,-12.711931228637695,-0.027054939419031143,8.750366475851479e-08,-1.7150386000253093e-08,0.1168205589056015,0.11682055890563553,6.4111550273082685e-06,-2.6401636432638043e-09,-0.5426245927810669,0.0,0.0,-89.6092529296875,5.373286057874793e-06,1.0314090104657225e-05,-8.49669223867977e-11
S1_identity,16,22547,361.1702185185568,106.41629028320312,-12.711931228637695,-0.021936187520623207,8.593359268616041e-08,-1.651774894639857e-08,0.09325015544891357,0.09325015544895462,-3.1401441447087564e-08,1.2652741077090468e-08,-0.47140806913375854,0.0,0.0,-89.6092529296875,5.179924755793763e-06,1.00416282293736e-05,-5.0742465784736623e-11
S1_identity,17,22548,361.22021851930185,106.41629028320312,-12.711931228637695,-0.017881928011775017,-7.27743838524475e-08,-1.5344051362831124e-08,0.07347631454467773,0.07347631454471537,-3.1741594739287393e-06,2.3473951671348914e-08,-0.3954768180847168,0.0,0.0,-89.6092529296875,4.4573007471626624e-06,1.4585112694476265e-05,1.1820856515853961e-09
S1_identity,18,22549,361.2702185200469,106.41629028320312,-12.711931228637695,-0.014707221649587154,-4.883989959125756e-07,2.7527212509426136e-08,0.05729309096932411,0.05729309097141242,-8.3124923548894e-06,8.574252774451452e-07,-0.32366448640823364,0.0,0.0,-89.6092529296875,-9.399432201462332e-06,-7.92623086454114e-06,8.844047272305033e-09
S1_identity,19,22550,361.32021852079197,106.41629028320312,-12.711931228637695,-0.012244490906596184,-1.81948522026687e-07,-1.5822742227555864e-08,0.04428928345441818,0.04428928345479475,6.129009761934867e-06,-8.669991302667768e-07,-0.2600761651992798,0.0,0.0,-89.6092529296875,4.932885531161446e-06,-6.703220424242318e-05,6.542337227521955e-10
S1_identity,20,22551,361.370218521537,106.41629028320312,-12.711931228637695,-0.010348853655159473,5.52609513704283e-08,7.32527212221612e-08,0.03399010747671127,0.033990107476835126,4.7441894821531605e-06,1.7815092405726318e-06,-0.20598351955413818,0.0,0.0,-89.6092529296875,-2.24411633098498e-05,5.092505944048753e-06,-7.648745636856802e-09
S1_identity,21,22552,361.4202185222821,106.41629028320312,-12.711931228637695,-0.008899306878447533,4.981252743618825e-08,-1.4923978497449752e-08,0.025926275178790092,0.02592627517884224,-1.0896847868480108e-07,-1.7635339872867917e-06,-0.16127663850784302,0.0,0.0,-89.6092529296875,4.64212962469901e-06,6.52351081953384e-06,6.725352219572045e-11
S1_identity,22,22553,361.47021852302714,106.41629028320312,-12.711931228637695,-0.007797126658260822,4.306082246330334e-08,-1.3420822675414001e-08,0.01967114396393299,0.0196711439639847,-1.3503409945769818e-07,3.006311644071502e-08,-0.12510262429714203,0.0,0.0,-89.6092529296875,4.176334186922759e-06,5.1464235184539575e-06,-1.2299979090801827e-10
S1_identity,23,22554,361.5202185237722,106.41629028320312,-12.711931228637695,-0.0069631957449018955,5.377895107017139e-08,-1.2262446169586383e-08,0.014854926615953445,0.014854926616055853,2.1436257213736098e-07,2.316753011655237e-08,-0.09632434695959091,0.0,0.0,-89.6092529296875,3.83721771868295e-06,6.079201739339624e-06,2.613588789834864e-10
S1_identity,24,22555,361.57021852451726,106.41629028320312,-12.711931228637695,-0.006334876641631126,2.320044067971594e-08,-1.2564332685371937e-08,0.011173543520271778,0.011173543520302929,-6.115702717579552e-07,-6.037730315711087e-09,-0.07362766563892365,0.0,0.0,-89.6092529296875,3.855039267364191e-06,7.645113328180742e-06,4.950946319581817e-10
S1_identity,25,22556,361.6202185252623,106.41630554199219,-12.714947700500488,-0.005925826728343964,0.0012525040656328201,-0.18267148733139038,0.008373117074370384,0.18286757541958565,0.025049617514014244,-3.6534295082092285,-0.05600852891802788,-8.337633916610798e-10,0.016877396032214165,-89.60945892333984,-1.0793814659118652,-0.007500657811760902,-0.002777084242552519
S1_identity,26,22557,361.6702185260074,106.41644287109375,-12.737017631530762,-0.005891838110983372,0.003341893432661891,-0.48907843232154846,0.006245326716452837,0.48912972238416874,0.04178778827190399,-6.128139019012451,-0.042555809020996094,-3.0515784601448104e-05,0.10305389016866684,-89.60921478271484,-1.4101136922836304,-0.00970777589827776,0.007339415606111288
S1_identity,27,22558,361.72021852675243,106.41664123535156,-12.76628589630127,-0.0058418274857103825,0.003912451211363077,-0.6429352164268494,0.004642362706363201,0.642963880266861,0.011411155574023724,-3.0771355628967285,-0.032059282064437866,0.0009564102510921657,0.16061188280582428,-89.61831665039062,-1.064168930053711,0.0002945598098449409,-1.0912684202194214
S1_identity,28,22559,361.7702185274975,106.41688537597656,-12.800811767578125,-0.005761260632425547,0.00458573130890727,-0.7119191288948059,0.0034409617073833942,0.7119422134102237,0.013465601950883865,-1.3796782493591309,-0.024028019979596138,0.00024442074936814606,0.19165509939193726,-89.61666107177734,-0.3904881179332733,-0.009666161611676216,0.44555607438087463
S1_identity,29,22560,361.82021852824255,106.4171142578125,-12.836227416992188,-0.0056085968390107155,0.004655084107071161,-0.7058125138282776,0.0025534629821777344,0.7058324834249539,0.0013870559632778168,0.1221323013305664,-0.017749974504113197,0.00010131279850611463,0.18936015665531158,-89.61367797851562,0.26025861501693726,-0.0012424933956936002,0.0113463019952178
S1_identity,30,22561,361.8702185289876,106.41737365722656,-12.871252059936523,-0.005426979158073664,0.0046821520663797855,-0.6997792720794678,0.0018962954636663198,0.6997975050802396,0.0005413591861724854,0.12066483497619629,-0.01314335037022829,0.0,0.16917011141777039,-89.61419677734375,0.49279993772506714,0.0033782825339585543,-0.18607313930988312
S1_identity,31,22562,361.92021852973267,106.41761779785156,-12.90596866607666,-0.0052513121627271175,0.004846533294767141,-0.6998950242996216,0.0014079379616305232,0.6999132204878323,0.003287624567747116,-0.002315044403076172,-0.00976715050637722,-9.156083251582459e-05,0.14306513965129852,-89.61557006835938,0.5213174819946289,-3.694827319122851e-05,-0.08483289182186127
S1_identity,32,22563,361.9702185304777,106.4178466796875,-12.940475463867188,-0.005097351036965847,0.004645246546715498,-0.6911638975143433,0.0010424804640933871,0.6911802936341686,-0.004025734961032867,0.1746225357055664,-0.0073091499507427216,-9.154739382211119e-05,0.11731532216072083,-89.61456298828125,0.5147974491119385,0.0030779156368225813,0.14934709668159485
S1_identity,33,22564,362.0202185312228,106.4180908203125,-12.975065231323242,-0.004972686525434256,0.004605212714523077,-0.6973926424980164,0.0007680415874347091,0.6974082704430684,-0.0008006766438484192,-0.12457489967346191,-0.005488777533173561,-3.0515779144479893e-05,0.09532211720943451,-89.6130599975586,0.40428367257118225,0.0028319882694631815,0.10654083639383316
S1_identity,34,22565,362.07021853196784,106.4183349609375,-13.009794235229492,-0.004874076694250107,0.004541426431387663,-0.6985746026039124,0.0005655288696289062,0.6985895932377952,-0.0012757256627082825,-0.023639202117919922,-0.0040502543561160564,8.601109584560618e-06,0.07737237960100174,-89.6138916015625,0.3255903422832489,0.006419270299375057,-0.14076349139213562
S1_identity,35,22566,362.1202185327129,106.4185791015625,-13.04475212097168,-0.0047984314151108265,0.004836124833673239,-0.7077914476394653,0.00041590689215809107,0.7078080915287136,0.005893968045711517,-0.18433690071105957,-0.0029924395494163036,-3.051909152418375e-05,0.06324754655361176,-89.61373901367188,0.2289218306541443,-0.0033080577850341797,-0.03251087665557861
S1_identity,36,22567,362.17021853345796,106.41880798339844,-13.080253601074219,-0.004745826590806246,0.0049155172891914845,-0.7181420922279358,0.0003039359871763736,0.7181589791382,0.001587849110364914,-0.20701289176940918,-0.002239418216049671,-0.00015259042265824974,0.05368528515100479,-89.60784149169922,0.15562449395656586,-0.002592874225229025,0.3987782895565033
S1_identity,37,22568,362.220218534203,106.41903686523438,-13.117161750793457,-0.004721107427030802,0.005131531972438097,-0.7492262721061707,0.00021898269187659025,0.7492438771107264,0.004320293664932251,-0.6216835975646973,-0.001699065905995667,-0.0002136219118256122,0.050440944731235504,-89.60631561279297,0.03686074912548065,-0.0027403959538787603,0.12707091867923737
S1_identity,38,22569,362.27021853494807,106.41929626464844,-13.154855728149414,-0.004700889345258474,0.005148380994796753,-0.7569582462310791,0.00016033172141760588,0.756975771125047,0.0003369804471731186,-0.15463948249816895,-0.0011730194091796875,-0.00018310615269001573,0.0474083386361599,-89.60945892333984,0.08018311858177185,0.0025219700764864683,-0.310518741607666
S1_identity,39,22570,362.32021853569313,106.41954040527344,-13.193062782287598,-0.00468036625534296,0.005294255446642637,-0.7697827219963074,0.00011641502351267263,0.7698009364616519,0.0029174890369176865,-0.25648951530456543,-0.0008783339289948344,-0.00015258872008416802,0.04372003674507141,-89.60973358154297,0.06746520102024078,0.0005671466351486742,-0.02331475540995598
S1_identity,40,22571,362.3702185364382,106.41976928710938,-13.231490135192871,-0.0046578217297792435,0.005241031758487225,-0.7690228223800659,8.474350033793598e-05,0.7690406861387483,-0.0010644737631082535,0.015197992324829102,-0.0006334304343909025,-0.00015259039355441928,0.03889792412519455,-89.60668182373047,0.11462648212909698,0.0011777642648667097,0.2916308641433716
S1_identity,41,22572,362.42021853718325,106.42002868652344,-13.270151138305664,-0.004636306781321764,0.005253040697425604,-0.7761994004249573,6.168365507619455e-05,0.7762171780252646,0.00024017877876758575,-0.14353156089782715,-0.0004611969052348286,-0.0001525887055322528,0.03403482958674431,-89.60611724853516,0.09088078141212463,0.0025946784298866987,0.04522485285997391
S1_identity,42,22573,362.4702185379283,106.42028045654297,-13.308719635009766,-0.004612312186509371,0.005180882755666971,-0.7711108326911926,4.465103120310232e-05,0.7711282382545377,-0.0014431588351726532,0.10177135467529297,-0.0003406524774618447,-6.103481427999213e-05,0.02824966050684452,-89.6065673828125,0.11414624750614166,0.0034886044450104237,-0.07959174364805222
S1_identity,43,22574,362.52021853867336,106.42052459716797,-13.347199440002441,-0.00458946218714118,0.005337818525731564,-0.7692879438400269,3.173828008584678e-05,0.7693064628946961,0.0031387154012918472,0.03645777702331543,-0.0002582550223451108,-9.155388397630304e-05,0.022601094096899033,-89.60623168945312,0.11115012317895889,-0.001647435361519456,-0.07128382474184036
S1_identity,44,22575,362.5702185394184,106.4207763671875,-13.385599136352539,-0.004569969139993191,0.005243120715022087,-0.7643996477127075,2.5539397029206157e-05,0.7644176295654127,-0.0018939562141895294,0.09776592254638672,-0.0001239776611328125,-0.00012206962855998427,0.01770384982228279,-89.60626220703125,0.12211234122514725,0.002212465973570943,0.12891124188899994
S1_identity,45,22576,362.6202185401635,106.42101287841797,-13.424039840698242,-0.004556198138743639,0.005196267738938332,-0.7721747159957886,1.6880034308996983e-05,0.7721921998482806,-0.0009370595216751099,-0.1555013656616211,-0.0001731872616801411,-6.103481427999213e-05,0.01425460446625948,-89.6041259765625,0.04804446920752525,0.0030115984845906496,0.07862449437379837
S1_identity,46,22577,362.67021854090854,106.4212646484375,-13.462450981140137,-0.004544563125818968,0.005304180085659027,-0.7699093222618103,1.1768341209972277e-05,0.7699275933297332,0.00215824693441391,0.04530787467956543,-0.00010223386198049411,-9.155262523563579e-05,0.011324453167617321,-89.6068115234375,0.04565240815281868,0.0009611420682631433,-0.1996886134147644
S1_identity,47,22578,362.7202185416536,106.42152404785156,-13.500980377197266,-0.004536933731287718,0.005327755585312843,-0.7741826176643372,1.0395049685030244e-05,0.7742009497418865,0.00047150999307632446,-0.08546590805053711,-2.746583049884066e-05,-6.103522173361853e-05,0.009411999955773354,-89.60686492919922,0.014961235225200653,0.0002332465082872659,-0.041692741215229034
S1_identity,48,22579,362.77021854239865,106.42176818847656,-13.53958511352539,-0.004531326238065958,0.005355300381779671,-0.7724642753601074,8.764266567595769e-06,0.7724828386615507,0.0005508959293365479,0.03436684608459473,-3.261566234868951e-05,-9.155262523563579e-05,0.007977660745382309,-89.60530853271484,0.023874761536717415,-0.0007538874051533639,0.0919019877910614
S1_identity,49,22580,362.8202185431437,106.4220199584961,-13.57835578918457,-0.004528350662440062,0.005274118855595589,-0.7758661508560181,6.86645489622606e-06,0.7758840766641525,-0.0016236305236816406,-0.06803750991821289,-3.795623342739418e-05,-6.103480700403452e-05,0.007240000180900097,-89.6053466796875,0.015064181759953499,0.0020798351615667343,0.07374733686447144
S1_identity,50,22581,362.87021854388877,106.4222640991211,-13.61722183227539,-0.00452625285834074,0.005361257586628199,-0.7754036784172058,1.468658410885837e-06,0.7754222124675052,0.0017427746206521988,0.009249448776245117,-0.00010795592970680445,-3.0517821869580075e-05,0.006727735977619886,-89.60582733154297,0.03259311243891716,-0.0009813783690333366,-0.1517779678106308
S1_identity,51,22582,362.9202185446338,106.42253875732422,-13.65621566772461,-0.004525336902588606,0.0054364074021577835,-0.7837048768997192,3.3092499052145286e-06,0.7837237323271495,0.0015029963105916977,-0.16602396965026855,3.6811830796068534e-05,-6.103522173361853e-05,0.006502339616417885,-89.607177734375,-0.013703006319701672,-0.0006845929310657084,-0.06274663656949997
S1_identity,52,22583,362.9702185453789,106.42279815673828,-13.695279121398926,-0.004523429553955793,0.005420968402177095,-0.782753586769104,3.089904794251197e-06,0.782772358037675,-0.0003087799996137619,0.019025802612304688,-4.386902219266631e-06,-6.103543273638934e-05,0.006051547359675169,-89.60540008544922,-0.0010464296210557222,-0.0007534897304140031,0.07581241428852081
S1_identity,53,22584,363.02021854612394,106.4230728149414,-13.734624862670898,-0.004524765070527792,0.0053484514355659485,-0.7879810929298401,2.8514862151496345e-06,0.787999244134025,-0.0014503393322229385,-0.10455012321472168,-4.76837158203125e-06,-2.0844082015969434e-10,0.006420377641916275,-89.60504150390625,-0.0058449008502066135,0.0019126798724755645,0.07604918628931046
S1_identity,54,22585,363.070218546869,106.42337799072266,-13.774065971374512,-0.004525299184024334,0.005435196217149496,-0.7900999784469604,4.673003957123001e-07,0.7901186729220014,0.0017348956316709518,-0.04237771034240723,-4.76837158203125e-05,-3.051740350201726e-05,0.006543321069329977,-89.60674285888672,-0.0021347724832594395,0.0002631270617712289,-0.18838167190551758
S1_identity,55,22586,363.12021854761406,106.42366790771484,-13.813678741455078,-0.004525680560618639,0.005464386660605669,-0.7961424589157104,2.326965386600932e-06,0.7961612113230242,0.0005838088691234589,-0.120849609375,3.719329833984375e-05,8.290317055070773e-06,0.006666264496743679,-89.6065902709961,-0.020756449550390244,-6.518736336147413e-05,-0.031006675213575363
S1_identity,56,22587,363.1702185483591,106.4239501953125,-13.853471755981445,-0.004525909200310707,0.005429581273347139,-0.793267548084259,2.002715973503655e-06,0.7932861294642854,-0.0006961077451705933,0.05749821662902832,-6.484988261945546e-06,2.0844082015969434e-10,0.006755056791007519,-89.60601043701172,0.025984248146414757,0.0011834093602374196,0.10557782649993896
S1_identity,57,22588,363.2202185491042,106.42424774169922,-13.893465042114258,-0.004527473356574774,0.005481187719851732,-0.8035900592803955,-1.0871887070607045e-06,0.8036087523131339,0.001032128930091858,-0.2064502239227295,-6.179809133755043e-05,6.123157618276309e-06,0.007205849047750235,-89.60455322265625,-0.020782673731446266,0.00041291251545771956,0.06049569696187973
S1_identity,58,22589,363.27021854984923,106.4245376586914,-13.933527946472168,-0.004526443313807249,0.005497949663549662,-0.8023557662963867,3.623962356869015e-07,0.8023746027633827,0.00033523887395858765,0.02468585968017578,2.899169885495212e-05,1.6779486031737179e-06,0.0069326418451964855,-89.606201171875,0.0005761904758401215,0.0004654411459341645,-0.0808573067188263
S1_identity,59,22590,363.3202185505943,106.42484283447266,-13.973857879638672,-0.00452777836471796,0.005628297571092844,-0.8082410097122192,8.392333938900265e-07,0.8082606061876829,0.0026069581508636475,-0.11770486831665039,9.5367431640625e-06,-3.051740350201726e-05,0.007280981168150902,-89.60692596435547,-0.007557997480034828,-0.001670653815381229,-0.07268554717302322
S1_identity,60,22591,363.37021855133935,106.42512512207031,-14.01425552368164,-0.004527473356574774,0.005569458473473787,-0.8095366954803467,7.438659395120339e-07,0.8095558536614262,-0.001176781952381134,-0.025913715362548828,-1.907349087559851e-06,-4.168816403193887e-10,0.00716486806049943,-89.60525512695312,-0.0009380837436765432,-0.0003985890361946076,0.1340155005455017
S1_identity,61,22592,363.4202185520844,106.4254150390625,-14.054829597473145,-0.004526786506175995,0.005550022702664137,-0.8124942779541016,1.0299681889591739e-06,0.8125132334068275,-0.0003887154161930084,-0.059151649475097656,5.722044988942798e-06,0.0,0.007028264459222555,-89.60540008544922,0.0021670975256711245,0.0009231740841642022,0.05293471738696098
S1_identity,62,22593,363.47021855282946,106.42572021484375,-14.095584869384766,-0.004527511540800333,0.005615576170384884,-0.81479811668396,5.722045557376987e-07,0.8148174676869543,0.0013110693544149399,-0.04607677459716797,-9.155272891803179e-06,0.0,0.007199019193649292,-89.6063461303711,0.009076952934265137,-0.0005068245227448642,-0.1567378044128418
S1_identity,63,22594,363.5202185535745,106.42601013183594,-14.136449813842773,-0.004526939243078232,0.0056487787514925,-0.820537269115448,1.201629629576928e-06,0.8205567126715035,0.0006640516221523285,-0.11478304862976074,1.2588501704158261e-05,2.7885212148248684e-06,0.00706241512671113,-89.60657501220703,-0.011410804465413094,-0.0001742606982588768,-0.037146877497434616
S1_identity,64,22595,363.5702185543196,106.42630004882812,-14.177486419677734,-0.004526824690401554,0.0056088767014443874,-0.8189406991004944,5.912780807193485e-07,0.8189599063088547,-0.0007980410009622574,0.031931400299072266,-1.2207030522404239e-05,-4.168816403193887e-10,0.007007773499935865,-89.60588836669922,0.022444751113653183,0.0011728155659511685,0.11898445338010788
S1_identity,65,22596,363.62021855506464,106.42658996582031,-14.218667984008789,-0.0045270537957549095,0.005668402183800936,-0.8270392417907715,-1.23977656585339e-06,0.8270586667502545,0.0011905096471309662,-0.161970853805542,-3.6621091567212716e-05,-4.168816403193887e-10,0.00706241512671113,-89.60507202148438,-0.01397523283958435,4.087024353793822e-05,0.045630693435668945
S1_identity,66,22597,363.6702185558097,106.4268798828125,-14.25995922088623,-0.004526176489889622,0.005675428546965122,-0.8250202536582947,8.583068620282575e-07,0.8250397744571624,0.00014052726328372955,0.04037976264953613,4.196166628389619e-05,2.5154638478852576e-06,0.006802868098020554,-89.6060791015625,0.016070734709501266,-0.00031735197990201414,-0.0923437550663948
S1_identity,67,22598,363.72021855655476,106.42718505859375,-14.301448822021484,-0.004526634234935045,0.005758760496973991,-0.8325636386871338,-1.2302398317842744e-06,0.8325835548387532,0.0016666390001773834,-0.15086770057678223,-4.1770937968976796e-05,0.0,0.00697362283244729,-89.60697174072266,-0.011824998073279858,-0.0006467610946856439,-0.054248712956905365
S1_identity,68,22599,363.7702185572998,106.4274673461914,-14.342996597290039,-0.004525336902588606,0.005721556954085827,-0.8311899304389954,1.3351440202313825e-06,0.8312096225856287,-0.0007440708577632904,0.027474164962768555,5.1307681133039296e-05,-2.0844082015969434e-10,0.006618452724069357,-89.60567474365234,0.009495188482105732,2.050788316410035e-05,0.08902968466281891
S1_identity,69,22600,363.82021855804487,106.42776489257812,-14.384757041931152,-0.004525871016085148,0.005721064284443855,-0.8374444246292114,7.24792471373803e-07,0.837463966341014,-9.853392839431763e-06,-0.1250898838043213,-1.2207030522404239e-05,2.6880527457251446e-06,0.006768716964870691,-89.60491180419922,-0.0083138607442379,0.000771090155467391,0.058012042194604874
S1_identity,70,22601,363.87021855878993,106.42805480957031,-14.426572799682617,-0.004524765070527792,0.005751346703618765,-0.8368006944656372,4.863738922722405e-07,0.8368204587886905,0.0006056483834981918,0.012874603271484375,-4.76837158203125e-06,-2.0844082015969434e-10,0.00645452830940485,-89.606201171875,0.0074837226420640945,0.00018846901366487145,-0.09550103545188904
S1_identity,71,22602,363.920218559535,106.42835998535156,-14.468585014343262,-0.004524955525994301,0.005829568486660719,-0.8421334028244019,6.866454782539222e-07,0.8421535798307922,0.0015644356608390808,-0.10665416717529297,4.00543194700731e-06,2.0844082015969434e-10,0.006522830110043287,-89.60674285888672,-0.005617396906018257,-0.0007748245261609554,-0.05558953806757927
S1_identity,72,22603,363.97021856028005,106.42864227294922,-14.510665893554688,-0.004524192772805691,0.0057917567901313305,-0.8419574499130249,1.039505036715127e-06,0.8419773701898646,-0.0007562339305877686,0.0035190582275390625,7.057191396597773e-06,0.0,0.006283773574978113,-89.6055908203125,0.007769976742565632,6.736200884915888e-05,0.10000281035900116
S1_identity,73,22604,364.0202185610251,106.4289321899414,-14.552923202514648,-0.00452423095703125,0.0057961768470704556,-0.8470708131790161,1.6212462696785224e-06,0.8470906434428553,8.840113878250122e-05,-0.10226726531982422,1.1634824659267906e-05,2.339748107260675e-06,0.0063110943883657455,-89.60509490966797,-0.005474016070365906,0.0005939711700193584,0.05157905071973801
S1_identity,74,22605,364.07021856177016,106.42922973632812,-14.595263481140137,-0.0045236204750835896,0.005825404543429613,-0.8468642234802246,-4.0054320038507285e-07,0.8468842591222362,0.0005845539271831512,0.004131793975830078,-4.0435788832837716e-05,0.0,0.006119849160313606,-89.606201171875,0.0086032310500741,5.6486369430786e-05,-0.09872233867645264
S1_identity,75,22606,364.1202185625152,106.42952728271484,-14.63776683807373,-0.00452358229085803,0.005886137951165438,-0.852109432220459,6.580352760465757e-07,0.8521297618904565,0.0012146681547164917,-0.1049041748046875,2.117157055181451e-05,-2.0844082015969434e-10,0.006140339653939009,-89.60662078857422,-0.006350281182676554,-0.0005094393854960799,-0.047409579157829285
S1_identity,76,22607,364.1702185632603,106.4298095703125,-14.68035888671875,-0.004523162730038166,0.005857695359736681,-0.8517806529998779,-9.250640573554847e-07,0.851800794447083,-0.0005688518285751343,0.006575584411621094,-3.166198803228326e-05,0.0,0.005990075413137674,-89.60567474365234,0.00889252033084631,5.67749266338069e-05,0.09379686415195465
S1_identity,77,22608,364.22021856400534,106.43010711669922,-14.723109245300293,-0.004523200914263725,0.005875198636204004,-0.8571290373802185,0.0,0.8571491729444501,0.00035006552934646606,-0.10696768760681152,1.850128137448337e-05,4.7149313786576386e-07,0.006024226546287537,-89.60521697998047,-0.007044452708214521,0.00028034872957505286,0.04382415860891342
S1_identity,78,22609,364.2702185647504,106.4303970336914,-14.76595401763916,-0.004522895906120539,0.005892596673220396,-0.8568268418312073,6.389617510649259e-07,0.8568471039680313,0.0003479607403278351,0.006043910980224609,1.277923547604587e-05,1.6935816802288173e-06,0.0059081134386360645,-89.60613250732422,0.008317162282764912,0.00012574128049891442,-0.08660297095775604
S1_identity,79,22610,364.32021856549545,106.43070220947266,-14.808958053588867,-0.004522934090346098,0.00594700314104557,-0.8621605634689331,-4.386901650832442e-07,0.8621810738166433,0.0010881293565034866,-0.1066744327545166,-2.1553038095589727e-05,0.0,0.005962754599750042,-89.60657501220703,-0.007335602771490812,-0.00032595611992292106,-0.03939312696456909
S1_identity,80,22611,364.3702185662405,106.43098449707031,-14.852055549621582,-0.004522552248090506,0.0059272488579154015,-0.8617646098136902,-1.0204314548900584e-06,0.8617849934916519,-0.0003950856626033783,0.007919073104858398,-1.1634825568762608e-05,0.0,0.0058534718118608,-89.60570526123047,0.00859929621219635,2.116338691848796e-05,0.07947827130556107
S1_identity,81,22612,364.42021856698557,106.4312744140625,-14.895296096801758,-0.004522514063864946,0.005946823861449957,-0.8668437600135803,-1.287460349885805e-06,0.8668641583259619,0.0003915000706911087,-0.10158300399780273,-5.340577899914933e-06,1.3025467069383012e-06,0.005867131985723972,-89.60540008544922,-0.0061632380820810795,0.00019438554591033608,0.03573707491159439
S1_identity,82,22613,364.4702185677306,106.43157196044922,-14.93862247467041,-0.004522056318819523,0.005958080291748047,-0.8663553595542908,-1.468658410885837e-06,0.866375846703591,0.00022512860596179962,0.009768009185791016,-3.6239612200006377e-06,2.752252612481243e-06,0.005716868210583925,-89.60613250732422,0.00920960959047079,6.184248923091218e-05,-0.07281612604856491
S1_identity,83,22614,364.5202185684757,106.43186950683594,-14.982089042663574,-0.004522056318819523,0.006006409879773855,-0.8713212609291077,-1.926422100950731e-06,0.8713419631295426,0.0009665917605161667,-0.09931802749633789,-9.15527380129788e-06,0.0,0.005703207571059465,-89.60647583007812,-0.005667129065841436,-0.00025996044860221446,-0.032403234392404556
S1_identity,84,22615,364.57021856922074,106.43215942382812,-15.025635719299316,-0.004521369934082031,0.0059883734211325645,-0.8707254528999329,-1.0204314548900584e-06,0.8707460450355576,-0.0003607291728258133,0.011916160583496094,1.811981201171875e-05,4.168816403193887e-10,0.005532452836632729,-89.60580444335938,0.009504004381597042,6.209801358636469e-05,0.06509187072515488
S1_identity,85,22616,364.6202185699658,106.43244934082031,-15.069316864013672,-0.004521369934082031,0.006009070202708244,-0.8755419850349426,1.0490417707842425e-06,0.8755626056911803,0.0004139356315135956,-0.09633064270019531,4.138946678722277e-05,1.5891528164502233e-06,0.005498302169144154,-89.60553741455078,-0.005202662665396929,0.00011462431575637311,0.0291318129748106
S1_identity,86,22617,364.67021857071086,106.4327392578125,-15.113072395324707,-0.004520530812442303,0.006016490515321493,-0.8748570680618286,-5.340576194612368e-07,0.8748777558585801,0.0001484062522649765,0.013698339462280273,-3.166198803228326e-05,1.4428273971134331e-06,0.005313886795192957,-89.60613250732422,0.0095803402364254,0.00010339515574742109,-0.05773858726024628
S1_identity,87,22618,364.7202185714559,106.43304443359375,-15.156953811645508,-0.004520378075540066,0.006059518549591303,-0.8795607686042786,1.945495569088962e-06,0.87958164114344,0.0008605606853961945,-0.09407401084899902,4.9591064453125e-05,0.0,0.005279736127704382,-89.60638427734375,-0.005074263084679842,-0.00018355475913267583,-0.025312023237347603
S1_identity,88,22619,364.770218572201,106.4333267211914,-15.200907707214355,-0.004519653040915728,0.006043394561856985,-0.8788039088249207,3.8146970382513246e-07,0.8788246883104361,-0.0003224797546863556,0.015137195587158203,-3.128051685052924e-05,2.3324527376189508e-07,0.005095320753753185,-89.60586547851562,0.009477870538830757,7.842510240152478e-05,0.049495190382003784
S1_identity,89,22620,364.82021857294603,106.43362426757812,-15.24498462677002,-0.004519500769674778,0.006065981462597847,-0.8833796381950378,-1.802444444365392e-06,0.8834004648583503,0.00045173801481723785,-0.09151458740234375,-4.367828296381049e-05,1.3971788348499103e-06,0.00505433976650238,-89.60567474365234,-0.004961898550391197,0.00013150603626854718,0.02149255946278572
S1_identity,90,22621,364.8702185736911,106.43391418457031,-15.289129257202148,-0.004518852103501558,0.006068774498999119,-0.8825327754020691,4.95910626341356e-07,0.8825536412496663,5.58607280254364e-05,0.016937255859375,4.5967099140398204e-05,1.324224513155059e-06,0.004869924392551184,-89.60613250732422,0.009454395622015,6.762824341421947e-05,-0.041705794632434845
S1_identity,91,22622,364.92021857443615,106.4342041015625,-15.333392143249512,-0.00451877573505044,0.006106968503445387,-0.8870061039924622,5.722045557376987e-07,0.8870271267467056,0.0007638800889253616,-0.08946657180786133,1.5258785879268544e-06,5.55911640276463e-07,0.004828943405300379,-89.60626220703125,-0.004920777399092913,-0.00010869649122469127,-0.017660412937402725
S1_identity,92,22623,364.9702185751812,106.43450164794922,-15.37771224975586,-0.004518051166087389,0.006092572119086981,-0.8860711455345154,-1.039505036715127e-06,0.886092091368022,-0.00028792768716812134,0.018699169158935547,-3.2234194804914296e-05,1.0538767583057052e-06,0.0046445284970104694,-89.60595703125,0.00938524678349495,8.871522732079029e-05,0.03252013772726059
S1_identity,93,22624,365.02021857592626,106.4347915649414,-15.42214584350586,-0.004517898429185152,0.006117061711847782,-0.8904263973236084,9.059905892172537e-07,0.8904474086073292,0.0004897918552160263,-0.08710503578186035,3.890991138177924e-05,1.8359467048867373e-06,0.004603547044098377,-89.60582733154297,-0.004873933270573616,9.431676153326407e-05,0.013516738079488277
S1_identity,94,22625,365.0702185766713,106.43508911132812,-15.466635704040527,-0.004517173860222101,0.006115615833550692,-0.889409601688385,-1.5068053471622989e-06,0.8894306270501291,-2.8917565941810608e-05,0.020335912704467773,-4.825591895496473e-05,8.500216495122004e-07,0.004419132135808468,-89.60612487792969,0.009334550239145756,3.731153265107423e-05,-0.024826206266880035
S1_identity,95,22626,365.1202185774164,106.43537902832031,-15.511232376098633,-0.004517173860222101,0.006149312946945429,-0.8936594128608704,2.0980834847250662e-07,0.8936805694679721,0.0006739422678947449,-0.08499622344970703,3.4332275390625e-05,8.500216495122004e-07,0.004419132135808468,-89.60612487792969,-0.004878488834947348,-0.0001309219078393653,-0.009931356646120548
S1_identity,96,22627,365.17021857816144,106.4356689453125,-15.555882453918457,-0.004516448825597763,0.006136641371995211,-0.8925359845161438,-7.438659395120339e-07,0.892557080541118,-0.000253431499004364,0.02246856689453125,-1.9073486328125e-05,7.943679634081491e-07,0.004200566094368696,-89.60601043701172,0.009406727738678455,0.00013192676124162972,0.016496656462550163
S1_identity,97,22628,365.2202185789065,106.43596649169922,-15.60063362121582,-0.004516258370131254,0.006162747740745544,-0.8966687321662903,1.6403197378167533e-06,0.8966899100063015,0.0005221273750066757,-0.08265495300292969,4.76837158203125e-05,7.943679634081491e-07,0.004200566094368696,-89.60601043701172,-0.0047807851806283,-1.722476736176759e-05,0.006323079112917185
S1_identity,98,22629,365.27021857965156,106.4362564086914,-15.645429611206055,-0.004515533335506916,0.00615697680041194,-0.8954653739929199,1.1539458455445128e-06,0.8954865405939569,-0.00011541880667209625,0.024067163467407227,-9.72747784544481e-06,9.998906307373545e-07,0.003968339879065752,-89.60612487792969,0.009273282252252102,4.980703670298681e-05,-0.010579927824437618
S1_identity,99,22630,365.3202185803966,106.43655395507812,-15.690324783325195,-0.004515456967055798,0.006186287384480238,-0.8994982242584229,2.7656554379973386e-07,0.8995194970625906,0.0005862116813659668,-0.0806570053100586,-1.754760705807712e-05,9.998906307373545e-07,0.003968339879065752,-89.60612487792969,-0.004820732399821281,-2.4860659323167056e-05,-0.0036883819848299026
S1_identity,100,22631,365.37021858114167,106.43684387207031,-15.735257148742676,-0.0045146942138671875,0.006175094284117222,-0.8981861472129822,3.814697180359872e-08,0.898207374070554,-0.00022386200726032257,0.026241540908813477,-4.76837158203125e-06,9.988484634959605e-07,0.0037429435178637505,-89.60612487792969,0.009288749657571316,6.868573109386489e-05,0.00490889186039567
S1_identity,101,22632,365.42021858188673,106.4371337890625,-15.78028392791748,-0.004514656029641628,0.006201336160302162,-0.9021033048629761,1.7356871921947459e-06,0.9021246195608948,0.0005248375236988068,-0.07834315299987793,3.395080420887098e-05,9.988484634959605e-07,0.0037429435178637505,-89.60612487792969,-0.004791777580976486,-4.3179141357541084e-05,0.0017409794963896275
S1_identity,102,22633,365.4702185826318,106.43743133544922,-15.825345039367676,-0.004513892810791731,0.00619193259626627,-0.9007151126861572,1.6212462696785224e-06,0.900736395541527,-0.00018807128071784973,0.027763843536376953,-2.28881845032447e-06,1.8938933408207959e-06,0.0035107170697301626,-89.60613250732422,0.009258147329092026,7.51744955778122e-05,-0.002795800333842635
S1_identity,103,22634,365.52021858337685,106.4377212524414,-15.87049674987793,-0.004513740539550781,0.006218703929334879,-0.9045470952987671,-3.0517577442878974e-07,0.90456847164385,0.0005354266613721848,-0.07663965225219727,-3.852844383800402e-05,1.8938933408207959e-06,0.0035107170697301626,-89.60613250732422,-0.004903935361653566,-0.00013222015695646405,-0.0008685336215421557
S1_identity,104,22635,365.5702185841219,106.43801879882812,-15.915678024291992,-0.004513130057603121,0.0062078749760985374,-0.9030865430831909,1.3732909565078444e-06,0.903107879498099,-0.00021657906472682953,0.029211044311523438,3.356933666509576e-05,1.0367846243752865e-06,0.0032989811152219772,-89.60613250732422,0.009095710702240467,0.00010375233978265896,0.0010093090822920203
S1_identity,105,22636,365.62021858486696,106.43830871582031,-15.960943222045898,-0.004513015504926443,0.006233829539269209,-0.9068437814712524,2.403259259153856e-06,0.9068652075306346,0.0005190912634134293,-0.07514476776123047,2.059936559817288e-05,1.0367846243752865e-06,0.0032989811152219772,-89.60613250732422,-0.005053619388490915,-3.828797161986586e-06,0.0001540361699881032
S1_identity,106,22637,365.670218585612,106.4385986328125,-16.006237030029297,-0.004512290935963392,0.00622298801317811,-0.9052989482879639,1.8119811784345075e-07,0.9053203363181115,-0.0002168305218219757,0.030896663665771484,-4.444122168933973e-05,1.3874863498131162e-06,0.0031009058002382517,-89.60617065429688,0.009063280187547207,0.0001020084455376491,-0.00040257570799440145
S1_identity,107,22638,365.7202185863571,106.43889617919922,-16.051612854003906,-0.0045121763832867146,0.006248517893254757,-0.9089917540550232,-1.7166136956348055e-07,0.9090132303305158,0.0005105976015329361,-0.07385611534118652,-7.05719003235572e-06,1.3874863498131162e-06,0.0031009058002382517,-89.60617065429688,-0.005213655065745115,-5.701429472537711e-06,-3.22338892146945e-05
S1_identity,108,22639,365.77021858710214,106.4391860961914,-16.097013473510742,-0.004511604085564613,0.006237402558326721,-0.9074177145957947,-1.8119811784345075e-07,0.9074391516531357,-0.00022230669856071472,0.03148078918457031,-1.9073496559940395e-07,1.518491359320251e-07,0.0029164906591176987,-89.606201171875,0.008731438778340816,1.0027071766671725e-05,-0.00048509755288250744
S1_identity,109,22640,365.8202185878472,106.43948364257812,-16.142494201660156,-0.004511604085564613,0.006262571085244417,-0.9110525250434875,3.8146970382513246e-07,0.9110740492324747,0.00050337053835392,-0.07269620895385742,1.1253356205997989e-05,1.518491359320251e-07,0.0029164906591176987,-89.606201171875,-0.005455540027469397,-8.636484380986076e-06,-5.4922747949603945e-05
S1_identity,110,22641,365.87021858859225,106.43977355957031,-16.18799591064453,-0.004511031787842512,0.006250722333788872,-0.9093987345695496,-5.149840944795869e-07,0.9094202163833051,-0.0002369750291109085,0.033075809478759766,-1.792907642084174e-05,1.6537694591534091e-06,0.002752566011622548,-89.606201171875,0.008674092590808868,0.00010289834608556703,-0.0005109327612444758
S1_identity,111,22642,365.9202185893373,106.4400634765625,-16.233572006225586,-0.004511031787842512,0.006275246385484934,-0.9129688739776611,1.9073485191256623e-07,0.9129904400207449,0.0004904810339212418,-0.07140278816223145,1.4114379155216739e-05,1.6537694591534091e-06,0.002752566011622548,-89.606201171875,-0.005524842534214258,-6.89298176439479e-05,-3.401373032829724e-05
S1_identity,112,22643,365.97021859008237,106.44036102294922,-16.2791690826416,-0.0045104981400072575,0.0062628439627587795,-0.9112792015075684,1.7452239262638614e-06,0.9113007222195202,-0.00024804845452308655,0.03379344940185547,3.108978125965223e-05,2.8435497370082885e-06,0.0026023020036518574,-89.606201171875,0.008518138900399208,0.0001148012961493805,5.0395676225889474e-05
S1_identity,113,22644,366.0202185908274,106.4406509399414,-16.32483673095703,-0.0045104981400072575,0.006287436932325363,-0.9148032665252686,1.1062621751989354e-06,0.9148248730274573,0.0004918593913316727,-0.0704813003540039,-1.277923547604587e-05,2.8435497370082885e-06,0.0026023020036518574,-89.606201171875,-0.005697658285498619,-8.422572136623785e-05,-4.7216723032761365e-05
S1_identity,114,22645,366.0702185915725,106.44094848632812,-16.370525360107422,-0.0045099640265107155,0.006275258958339691,-0.9130620360374451,1.411438006471144e-06,0.9130835999676212,-0.00024355947971343994,0.03482460975646973,6.103516625444172e-06,2.3949849037308013e-07,0.002465698169544339,-89.606201171875,0.00841342844069004,-6.464964098995551e-05,-0.00026445192634128034
S1_identity,115,22646,366.12021859231754,106.44123840332031,-16.41628074645996,-0.004510002210736275,0.006299512926489115,-0.916534423828125,2.2220610844669864e-06,0.9165560724418347,0.000485079362988472,-0.06944775581359863,1.6212461559916846e-05,2.3949849037308013e-07,0.002465698169544339,-89.606201171875,-0.005819641053676605,-2.452535591146443e-05,2.5088240363402292e-05
S1_identity,116,22647,366.1702185930626,106.4415283203125,-16.462053298950195,-0.004509506281465292,0.006286808755248785,-0.9147334098815918,6.961822123230377e-07,0.9147550137159205,-0.00025408342480659485,0.03602027893066406,-3.0517576306010596e-05,1.2175028132332955e-06,0.002329094335436821,-89.606201171875,0.00836053118109703,7.858563913032413e-05,-0.0003532690752763301
S1_identity,117,22648,366.22021859380766,106.44182586669922,-16.507892608642578,-0.004509506281465292,0.006310462951660156,-0.9181603789329529,1.2969970839549205e-06,0.918182064400438,0.0004730839282274246,-0.06853938102722168,1.2016297660011332e-05,1.2175028132332955e-06,0.002329094335436821,-89.606201171875,-0.005915370304137468,-3.0181448892108165e-05,6.150610715849325e-05
S1_identity,118,22649,366.2702185945527,106.4421157836914,-16.55374526977539,-0.0045090485364198685,0.006297463085502386,-0.9163315296173096,9.250640573554847e-07,0.9163531689326814,-0.00025999732315540314,0.03657698631286621,-7.438660759362392e-06,5.76338891278283e-07,0.002206150908023119,-89.606201171875,0.00827558059245348,7.721775182290003e-05,-0.0001484484237153083
S1_identity,119,22650,366.3202185952978,106.44241333007812,-16.59966278076172,-0.0045090485364198685,0.006321197375655174,-0.919714629650116,1.115798909268051e-06,0.9197363521846665,0.00047468580305576324,-0.06766200065612793,3.8146970382513246e-06,5.76338891278283e-07,0.002206150908023119,-89.606201171875,-0.006000114139169455,-8.401473314734176e-05,-5.596583287115209e-05
S1_identity,120,22651,366.37021859604283,106.44249725341797,-16.61250877380371,-0.003932227846235037,8.730087574804202e-05,-0.011434854939579964,-2.024650530074723e-05,0.011435206113276645,-0.12467793375253677,18.16559600830078,-0.00042724609375,5.002597731618152e-07,-0.15295524895191193,-89.6064682006836,3.483811616897583,0.023870930075645447,-0.0007391876424662769
S1_identity,121,22652,366.4202185967879,106.44248962402344,-16.61190414428711,-0.003578796284273267,2.555520950409118e-05,-0.0034655940253287554,-4.673004150390625e-05,0.003466003276672733,-0.0012349133612588048,0.15938521921634674,-0.0005296707386150956,1.041880386765115e-05,-0.24801097810268402,-89.60651397705078,1.0793976783752441,0.007625652942806482,7.148022268665954e-05
S1_identity,122,22653,366.47021859753295,106.44248962402344,-16.611799240112305,-0.0035182188730686903,6.654707362940826e-08,0.00014742001076228917,-3.589630068745464e-05,0.00015172741480929089,-0.0005097732646390796,0.072260282933712,0.00021667481632903218,1.7102334822993726e-05,-0.26467666029930115,-89.6064682006836,-0.04607384651899338,-0.0001991132739931345,-5.4919106332818046e-05
S1_identity,123,22654,366.520218598278,106.44248962402344,-16.611913681030273,-0.003588027786463499,-1.1396473382774275e-05,0.0016681755660101771,-1.0023117283708416e-05,0.001668244604822393,-0.00022926040401216596,0.030415112152695656,0.0005174636607989669,2.1157771698199213e-05,-0.24633759260177612,-89.60650634765625,-0.5201612114906311,-0.0034517375752329826,-0.00010765746264951304
S1_identity,124,22655,366.57021859902306,106.44248962402344,-16.61211395263672,-0.0037057495210319757,-1.5028571397124324e-05,0.002159154275432229,7.543563697254285e-06,0.002159219754547639,-7.264196028700098e-05,0.009819574654102325,0.0003513336123432964,1.8749800801742822e-05,-0.21491189301013947,-89.60649871826172,-0.6720052361488342,-0.004689197987318039,-0.00010622330592013896
S1_identity,125,22656,366.6202185997681,106.44248962402344,-16.612329483032227,-0.003832168411463499,-1.5239334970829077e-05,0.0021649037953466177,1.8253325833939016e-05,0.0021650343794823545,-4.215271474095061e-06,0.00011499039828777313,0.0002141952427336946,1.7762582501745783e-05,-0.18091121315956116,-89.60649871826172,-0.6723973751068115,-0.0046534109860658646,-8.425463602179661e-05
S1_identity,126,22657,366.6702186005132,106.44249725341797,-16.612533569335938,-0.003950042650103569,-1.3809734809910879e-05,0.0019620715174824,1.9588469513109885e-05,0.0019622178922405822,2.859200321836397e-05,-0.004056645557284355,2.6702873583417386e-05,1.4440828635997605e-05,-0.14904837310314178,-89.60650634765625,-0.6081970930099487,-0.004253888502717018,-5.993954255245626e-05
S1_identity,127,22658,366.72021860125824,106.44249725341797,-16.61271095275879,-0.004053001292049885,-1.2506865459727123e-05,0.001689037075266242,2.0494460841291584e-05,0.001689207709617957,2.6057387003675103e-05,-0.005460688844323158,1.811982656363398e-05,1.2639879969356116e-05,-0.12118121236562729,-89.60650634765625,-0.522653341293335,-0.0036064188461750746,-3.9908449252834544e-05
S1_identity,128,22659,366.7702186020033,106.44249725341797,-16.61285972595215,-0.004139709286391735,-1.0143453437194694e-05,0.0014113332144916058,1.6899108231882565e-05,0.0014114708327960144,4.726824045064859e-05,-0.005554077215492725,-7.190705218818039e-05,8.74785655469168e-06,-0.09765803813934326,-89.60650634765625,-0.4360763430595398,-0.0030894854571670294,-2.540271270845551e-05
S1_identity,129,22660,366.82021860274835,106.44249725341797,-16.61298370361328,-0.004211234860122204,-8.501937372784596e-06,0.001158015220426023,1.2550353858387098e-05,0.0011581144352176048,3.283032128820196e-05,-0.005066359881311655,-8.697508746990934e-05,6.183194273035042e-06,-0.0782739669084549,-89.60649871826172,-0.35736995935440063,-0.0025504110381007195,-1.553728543512989e-05
S1_identity,130,22661,366.8702186034934,106.44249725341797,-16.61308479309082,-0.004269408993422985,-6.686787855869625e-06,0.0009389964980073273,7.553100203949725e-06,0.0009390506832565243,3.6302990338299423e-05,-0.00438037421554327,-9.994507126975805e-05,5.322748165781377e-06,-0.06246890500187874,-89.60651397705078,-0.2894921898841858,-0.0019813391845673323,-9.146671800408512e-06
S1_identity,131,22662,366.92021860423847,106.44249725341797,-16.61316680908203,-0.004316444508731365,-5.3132207540329546e-06,0.0007556619239039719,4.882812390860636e-06,0.000755696377793276,2.7471342036733404e-05,-0.003666691482067108,-5.3405754442792386e-05,3.571843080862891e-06,-0.04974426329135895,-89.60650634765625,-0.23278315365314484,-0.0016551653388887644,-5.1390939006523695e-06
S1_identity,132,22663,366.97021860498353,106.44249725341797,-16.613231658935547,-0.004354133736342192,-4.299766715121223e-06,0.0006050118245184422,2.6607513063936494e-06,0.0006050329539772633,2.0269080778234638e-05,-0.003013001987710595,-4.444122168933973e-05,3.6768969948752783e-06,-0.03954679146409035,-89.60649871826172,-0.1862563043832779,-0.001233434653840959,-2.6985076146957e-06
S1_identity,133,22664,367.0202186057286,106.44249725341797,-16.61328125,-0.004384269472211599,-3.1012375529826386e-06,0.0004826909862458706,5.340576194612368e-07,0.0004827012441406301,2.3970584152266383e-05,-0.0024464167654514313,-4.253387305652723e-05,1.135585762312985e-06,-0.03139837831258774,-89.60649871826172,-0.14852194488048553,-0.001036345842294395,-1.2707716905424604e-06
S1_identity,134,22665,367.07021860647365,106.44249725341797,-16.61328125,-0.004384269472211599,0.0,0.0,0.0,0.0,6.202475196914747e-05,-0.009653819724917412,-1.068115216185106e-05,1.135585762312985e-06,-0.03139837831258774,-89.60649871826172,0.0,0.0,0.0
S1_identity,135,22666,367.1202186072187,106.44249725341797,-16.61328125,-0.004384269472211599,0.0,0.0,0.0,0.0,0.0,0.0,0.0,1.135585762312985e-06,-0.03139837831258774,-89.60649871826172,0.0,0.0,0.0
S1_identity,136,22667,367.17021860796376,106.44249725341797,-16.61328125,-0.004384269472211599,0.0,0.0,0.0,0.0,0.0,0.0,0.0,1.135585762312985e-06,-0.03139837831258774,-89.60649871826172,0.0,0.0,0.0
S1_identity,137,22668,367.2202186087088,106.44249725341797,-16.61328125,-0.004384269472211599,0.0,0.0,0.0,0.0,0.0,0.0,0.0,1.135585762312985e-06,-0.03139837831258774,-89.60649871826172,0.0,0.0,0.0
S1_identity,138,22669,367.2702186094539,106.44249725341797,-16.61328125,-0.004384269472211599,0.0,0.0,0.0,0.0,0.0,0.0,0.0,1.135585762312985e-06,-0.03139837831258774,-89.60649871826172,0.0,0.0,0.0
S1_identity,139,22670,367.32021861019894,106.44249725341797,-16.61328125,-0.004384269472211599,0.0,0.0,0.0,0.0,0.0,0.0,0.0,1.135585762312985e-06,-0.03139837831258774,-89.60649871826172,0.0,0.0,0.0
S1_identity,140,22671,367.370218610944,106.44249725341797,-16.61328125,-0.004384269472211599,0.0,0.0,0.0,0.0,0.0,0.0,0.0,1.135585762312985e-06,-0.03139837831258774,-89.60649871826172,0.0,0.0,0.0
S1_identity,141,22672,367.42021861168905,106.44249725341797,-16.61328125,-0.004384269472211599,0.0,0.0,0.0,0.0,0.0,0.0,0.0,1.135585762312985e-06,-0.03139837831258774,-89.60649871826172,0.0,0.0,0.0
S1_identity,142,22673,367.4702186124341,106.44249725341797,-16.61328125,-0.004384269472211599,0.0,0.0,0.0,0.0,0.0,0.0,0.0,1.135585762312985e-06,-0.03139837831258774,-89.60649871826172,0.0,0.0,0.0
S1_identity,143,22674,367.52021861317917,106.44249725341797,-16.61328125,-0.004384269472211599,0.0,0.0,0.0,0.0,0.0,0.0,0.0,1.135585762312985e-06,-0.03139837831258774,-89.60649871826172,0.0,0.0,0.0
S1_identity,144,22675,367.5702186139242,106.44249725341797,-16.61328125,-0.004384269472211599,0.0,0.0,0.0,0.0,0.0,0.0,0.0,1.135585762312985e-06,-0.03139837831258774,-89.60649871826172,0.0,0.0,0.0
S1_identity,145,22676,367.6202186146693,106.44249725341797,-16.61328125,-0.004384269472211599,0.0,0.0,0.0,0.0,0.0,0.0,0.0,1.135585762312985e-06,-0.03139837831258774,-89.60649871826172,0.0,0.0,0.0
S1_identity,146,22677,367.67021861541434,106.44249725341797,-16.61328125,-0.004384269472211599,0.0,0.0,0.0,0.0,0.0,0.0,0.0,1.135585762312985e-06,-0.03139837831258774,-89.60649871826172,0.0,0.0,0.0
S1_identity,147,22678,367.7202186161594,106.44249725341797,-16.61328125,-0.004384269472211599,0.0,0.0,0.0,0.0,0.0,0.0,0.0,1.135585762312985e-06,-0.03139837831258774,-89.60649871826172,0.0,0.0,0.0
S1_identity,148,22679,367.77021861690446,106.44249725341797,-16.61328125,-0.004384269472211599,0.0,0.0,0.0,0.0,0.0,0.0,0.0,1.135585762312985e-06,-0.03139837831258774,-89.60649871826172,0.0,0.0,0.0
S1_identity,149,22680,367.8202186176495,106.44249725341797,-16.61328125,-0.004384269472211599,0.0,0.0,0.0,0.0,0.0,0.0,0.0,1.135585762312985e-06,-0.03139837831258774,-89.60649871826172,0.0,0.0,0.0
S1_identity,150,22681,367.8702186183946,106.44249725341797,-16.61328125,-0.004384269472211599,0.0,0.0,0.0,0.0,0.0,0.0,0.0,1.135585762312985e-06,-0.03139837831258774,-89.60649871826172,0.0,0.0,0.0
S1_identity,151,22682,367.92021861913963,106.44249725341797,-16.61328125,-0.004384269472211599,0.0,0.0,0.0,0.0,0.0,0.0,0.0,1.135585762312985e-06,-0.03139837831258774,-89.60649871826172,0.0,0.0,0.0
S1_identity,152,22683,367.9702186198847,106.44249725341797,-16.61328125,-0.004384269472211599,0.0,0.0,0.0,0.0,0.0,0.0,0.0,1.135585762312985e-06,-0.03139837831258774,-89.60649871826172,0.0,0.0,0.0
S1_identity,153,22684,368.02021862062975,106.44249725341797,-16.61328125,-0.004384269472211599,0.0,0.0,0.0,0.0,0.0,0.0,0.0,1.135585762312985e-06,-0.03139837831258774,-89.60649871826172,0.0,0.0,0.0
S1_identity,154,22685,368.0702186213748,106.44249725341797,-16.61328125,-0.004384269472211599,0.0,0.0,0.0,0.0,0.0,0.0,0.0,1.135585762312985e-06,-0.03139837831258774,-89.60649871826172,0.0,0.0,0.0
S1_identity,155,22686,368.12021862211986,106.44249725341797,-16.61328125,-0.004384269472211599,0.0,0.0,0.0,0.0,0.0,0.0,0.0,1.135585762312985e-06,-0.03139837831258774,-89.60649871826172,0.0,0.0,0.0
S1_identity,156,22687,368.1702186228649,106.44249725341797,-16.61328125,-0.004384269472211599,0.0,0.0,0.0,0.0,0.0,0.0,0.0,1.135585762312985e-06,-0.03139837831258774,-89.60649871826172,0.0,0.0,0.0
S1_identity,157,22688,368.22021862361,106.44249725341797,-16.61328125,-0.004384269472211599,0.0,0.0,0.0,0.0,0.0,0.0,0.0,1.135585762312985e-06,-0.03139837831258774,-89.60649871826172,0.0,0.0,0.0
S1_identity,158,22689,368.27021862435504,106.44249725341797,-16.61328125,-0.004384269472211599,0.0,0.0,0.0,0.0,0.0,0.0,0.0,1.135585762312985e-06,-0.03139837831258774,-89.60649871826172,0.0,0.0,0.0
S1_identity,159,22690,368.3202186251001,106.44249725341797,-16.61328125,-0.004384269472211599,0.0,0.0,0.0,0.0,0.0,0.0,0.0,1.135585762312985e-06,-0.03139837831258774,-89.60649871826172,0.0,0.0,0.0
S1_identity,160,22691,368.37021862584515,106.44249725341797,-16.61328125,-0.004384269472211599,0.0,0.0,0.0,0.0,0.0,0.0,0.0,1.135585762312985e-06,-0.03139837831258774,-89.60649871826172,0.0,0.0,0.0
S1_identity,161,22692,368.4202186265902,106.44249725341797,-16.61328125,-0.004384269472211599,0.0,0.0,0.0,0.0,0.0,0.0,0.0,1.135585762312985e-06,-0.03139837831258774,-89.60649871826172,0.0,0.0,0.0
S1_identity,162,22693,368.47021862733527,106.44249725341797,-16.61328125,-0.004384269472211599,0.0,0.0,0.0,0.0,0.0,0.0,0.0,1.135585762312985e-06,-0.03139837831258774,-89.60649871826172,0.0,0.0,0.0
S1_identity,163,22694,368.52021862808033,106.44249725341797,-16.61328125,-0.004384269472211599,0.0,0.0,0.0,0.0,0.0,0.0,0.0,1.135585762312985e-06,-0.03139837831258774,-89.60649871826172,0.0,0.0,0.0
S1_identity,164,22695,368.5702186288254,106.44249725341797,-16.61328125,-0.004384269472211599,0.0,0.0,0.0,0.0,0.0,0.0,0.0,1.135585762312985e-06,-0.03139837831258774,-89.60649871826172,0.0,0.0,0.0
S1_identity,165,22696,368.62021862957045,106.44249725341797,-16.61328125,-0.004384269472211599,0.0,0.0,0.0,0.0,0.0,0.0,0.0,1.135585762312985e-06,-0.03139837831258774,-89.60649871826172,0.0,0.0,0.0
S1_identity,166,22697,368.6702186303155,106.44249725341797,-16.61328125,-0.004384269472211599,0.0,0.0,0.0,0.0,0.0,0.0,0.0,1.135585762312985e-06,-0.03139837831258774,-89.60649871826172,0.0,0.0,0.0
S1_identity,167,22698,368.72021863106056,106.44249725341797,-16.61328125,-0.004384269472211599,0.0,0.0,0.0,0.0,0.0,0.0,0.0,1.135585762312985e-06,-0.03139837831258774,-89.60649871826172,0.0,0.0,0.0
S1_identity,168,22699,368.7702186318056,106.44249725341797,-16.61328125,-0.004384269472211599,0.0,0.0,0.0,0.0,0.0,0.0,0.0,1.135585762312985e-06,-0.03139837831258774,-89.60649871826172,0.0,0.0,0.0
S1_identity,169,22700,368.8202186325507,106.44249725341797,-16.61328125,-0.004384269472211599,0.0,0.0,0.0,0.0,0.0,0.0,0.0,1.135585762312985e-06,-0.03139837831258774,-89.60649871826172,0.0,0.0,0.0
S1_identity,170,22701,368.87021863329574,106.44249725341797,-16.61328125,-0.004384269472211599,0.0,0.0,0.0,0.0,0.0,0.0,0.0,1.135585762312985e-06,-0.03139837831258774,-89.60649871826172,0.0,0.0,0.0
S1_identity,171,22702,368.9202186340408,106.44249725341797,-16.61328125,-0.004384269472211599,0.0,0.0,0.0,0.0,0.0,0.0,0.0,1.135585762312985e-06,-0.03139837831258774,-89.60649871826172,0.0,0.0,0.0
S1_identity,172,22703,368.97021863478585,106.44249725341797,-16.61328125,-0.004384269472211599,0.0,0.0,0.0,0.0,0.0,0.0,0.0,1.135585762312985e-06,-0.03139837831258774,-89.60649871826172,0.0,0.0,0.0
S1_identity,173,22704,369.0202186355309,106.44249725341797,-16.61328125,-0.004384269472211599,0.0,0.0,0.0,0.0,0.0,0.0,0.0,1.135585762312985e-06,-0.03139837831258774,-89.60649871826172,0.0,0.0,0.0
S1_identity,174,22705,369.07021863627597,106.44249725341797,-16.61328125,-0.004384269472211599,0.0,0.0,0.0,0.0,0.0,0.0,0.0,1.135585762312985e-06,-0.03139837831258774,-89.60649871826172,0.0,0.0,0.0
S1_identity,175,22706,369.120218637021,106.44249725341797,-16.61328125,-0.004384269472211599,0.0,0.0,0.0,0.0,0.0,0.0,0.0,1.135585762312985e-06,-0.03139837831258774,-89.60649871826172,0.0,0.0,0.0
S1_identity,176,22707,369.1702186377661,106.44249725341797,-16.61328125,-0.004384269472211599,0.0,0.0,0.0,0.0,0.0,0.0,0.0,1.135585762312985e-06,-0.03139837831258774,-89.60649871826172,0.0,0.0,0.0
S1_identity,177,22708,369.22021863851114,106.44249725341797,-16.61328125,-0.004384269472211599,0.0,0.0,0.0,0.0,0.0,0.0,0.0,1.135585762312985e-06,-0.03139837831258774,-89.60649871826172,0.0,0.0,0.0
S1_identity,178,22709,369.2702186392562,106.44249725341797,-16.61328125,-0.004384269472211599,0.0,0.0,0.0,0.0,0.0,0.0,0.0,1.135585762312985e-06,-0.03139837831258774,-89.60649871826172,0.0,0.0,0.0
S1_identity,179,22710,369.32021864000126,106.44249725341797,-16.61328125,-0.004384269472211599,0.0,0.0,0.0,0.0,0.0,0.0,0.0,1.135585762312985e-06,-0.03139837831258774,-89.60649871826172,0.0,0.0,0.0
S1_identity,180,22711,369.3702186407463,106.44249725341797,-16.61328125,-0.004384269472211599,0.0,0.0,0.0,0.0,0.0,0.0,0.0,1.135585762312985e-06,-0.03139837831258774,-89.60649871826172,0.0,0.0,0.0
S1_identity,181,22712,369.4202186414914,106.44249725341797,-16.61328125,-0.004384269472211599,0.0,0.0,0.0,0.0,0.0,0.0,0.0,1.135585762312985e-06,-0.03139837831258774,-89.60649871826172,0.0,0.0,0.0
S1_identity,182,22713,369.47021864223643,106.44249725341797,-16.61328125,-0.004384269472211599,0.0,0.0,0.0,0.0,0.0,0.0,0.0,1.135585762312985e-06,-0.03139837831258774,-89.60649871826172,0.0,0.0,0.0
S1_identity,183,22714,369.5202186429815,106.44249725341797,-16.61328125,-0.004384269472211599,0.0,0.0,0.0,0.0,0.0,0.0,0.0,1.135585762312985e-06,-0.03139837831258774,-89.60649871826172,0.0,0.0,0.0
S1_identity,184,22715,369.57021864372655,106.44249725341797,-16.61328125,-0.004384269472211599,0.0,0.0,0.0,0.0,0.0,0.0,0.0,1.135585762312985e-06,-0.03139837831258774,-89.60649871826172,0.0,0.0,0.0
S1_identity,185,22716,369.6202186444716,106.44249725341797,-16.61328125,-0.004384269472211599,0.0,0.0,0.0,0.0,0.0,0.0,0.0,1.135585762312985e-06,-0.03139837831258774,-89.60649871826172,0.0,0.0,0.0
S1_identity,186,22717,369.67021864521666,106.44249725341797,-16.61328125,-0.004384269472211599,0.0,0.0,0.0,0.0,0.0,0.0,0.0,1.135585762312985e-06,-0.03139837831258774,-89.60649871826172,0.0,0.0,0.0
S1_identity,187,22718,369.7202186459617,106.44249725341797,-16.61328125,-0.004384269472211599,0.0,0.0,0.0,0.0,0.0,0.0,0.0,1.135585762312985e-06,-0.03139837831258774,-89.60649871826172,0.0,0.0,0.0
S1_identity,188,22719,369.7702186467068,106.44249725341797,-16.61328125,-0.004384269472211599,0.0,0.0,0.0,0.0,0.0,0.0,0.0,1.135585762312985e-06,-0.03139837831258774,-89.60649871826172,0.0,0.0,0.0
S1_identity,189,22720,369.82021864745184,106.44249725341797,-16.61328125,-0.004384269472211599,0.0,0.0,0.0,0.0,0.0,0.0,0.0,1.135585762312985e-06,-0.03139837831258774,-89.60649871826172,0.0,0.0,0.0
S1_identity,190,22721,369.8702186481969,106.44249725341797,-16.61328125,-0.004384269472211599,0.0,0.0,0.0,0.0,0.0,0.0,0.0,1.135585762312985e-06,-0.03139837831258774,-89.60649871826172,0.0,0.0,0.0
S1_identity,191,22722,369.92021864894195,106.44249725341797,-16.61328125,-0.004384269472211599,0.0,0.0,0.0,0.0,0.0,0.0,0.0,1.135585762312985e-06,-0.03139837831258774,-89.60649871826172,0.0,0.0,0.0
S1_identity,192,22723,369.970218649687,106.44249725341797,-16.61328125,-0.004384269472211599,0.0,0.0,0.0,0.0,0.0,0.0,0.0,1.135585762312985e-06,-0.03139837831258774,-89.60649871826172,0.0,0.0,0.0
S1_identity,193,22724,370.02021865043207,106.44249725341797,-16.61328125,-0.004384269472211599,0.0,0.0,0.0,0.0,0.0,0.0,0.0,1.135585762312985e-06,-0.03139837831258774,-89.60649871826172,0.0,0.0,0.0
S1_identity,194,22725,370.07021865117713,106.44249725341797,-16.61328125,-0.004384269472211599,0.0,0.0,0.0,0.0,0.0,0.0,0.0,1.135585762312985e-06,-0.03139837831258774,-89.60649871826172,0.0,0.0,0.0
S1_identity,195,22726,370.1202186519222,106.44249725341797,-16.61328125,-0.004384269472211599,0.0,0.0,0.0,0.0,0.0,0.0,0.0,1.135585762312985e-06,-0.03139837831258774,-89.60649871826172,0.0,0.0,0.0
S1_identity,196,22727,370.17021865266724,106.44249725341797,-16.61328125,-0.004384269472211599,0.0,0.0,0.0,0.0,0.0,0.0,0.0,1.135585762312985e-06,-0.03139837831258774,-89.60649871826172,0.0,0.0,0.0
S1_identity,197,22728,370.2202186534123,106.44249725341797,-16.61328125,-0.004384269472211599,0.0,0.0,0.0,0.0,0.0,0.0,0.0,1.135585762312985e-06,-0.03139837831258774,-89.60649871826172,0.0,0.0,0.0
S1_identity,198,22729,370.27021865415736,106.44249725341797,-16.61328125,-0.004384269472211599,0.0,0.0,0.0,0.0,0.0,0.0,0.0,1.135585762312985e-06,-0.03139837831258774,-89.60649871826172,0.0,0.0,0.0
S1_identity,199,22730,370.3202186549024,106.44249725341797,-16.61328125,-0.004384269472211599,0.0,0.0,0.0,0.0,0.0,0.0,0.0,1.135585762312985e-06,-0.03139837831258774,-89.60649871826172,0.0,0.0,0.0
S2_k0.95_csqrt,0,22735,370.5702186586277,106.41629028320312,-12.711931228637695,0.48239871859550476,0.0,0.0,-1.470000147819519,1.470000147819519,0.0,0.0,-9.80000114440918,0.0,0.0,-89.6092529296875,0.0,0.0,0.0
S2_k0.95_csqrt,1,22736,370.62021865937277,106.41629028320312,-12.711931228637695,0.3941987156867981,0.0,0.0,-1.9600002765655518,1.9600002765655518,0.0,0.0,-9.800003051757812,0.0,0.0,-89.6092529296875,0.0,0.0,0.0
S2_k0.95_csqrt,2,22737,370.6702186601178,106.41629028320312,-12.711931228637695,0.28149881958961487,0.0,0.0,-2.450000286102295,2.450000286102295,0.0,0.0,-9.800000190734863,0.0,0.0,-89.6092529296875,0.0,0.0,0.0
S2_k0.95_csqrt,3,22738,370.7202186608629,106.41629028320312,-12.711931228637695,0.14429865777492523,0.0,0.0,-2.93999981880188,2.93999981880188,0.0,0.0,-9.7999906539917,0.0,0.0,-89.6092529296875,0.0,0.0,0.0
S2_k0.95_csqrt,4,22739,370.77021866160794,106.41629028320312,-12.711931228637695,0.010537338443100452,9.450801918831075e-09,2.22738538724343e-09,-2.1182806491851807,2.1182806491851807,1.8901603482390783e-07,4.45477077448686e-08,16.434383392333984,0.0,0.0,-89.6092529296875,-6.812829269620124e-07,2.390295094301109e-06,-1.7400766938457934e-10
S2_k0.95_csqrt,5,22740,370.820218662353,106.41629028320312,-12.711931228637695,-0.06100929155945778,3.459527775362403e-08,9.447616022839611e-10,-1.0454553365707397,1.0454553365707402,5.028895202485728e-07,-2.565247569918938e-08,21.456506729125977,0.0,0.0,-89.6092529296875,-2.517448365324526e-07,5.347853402781766e-06,1.6507596678483338e-10
S2_k0.95_csqrt,6,22741,370.87021866309806,106.41629028320312,-12.711931228637695,-0.09291141480207443,4.21463184352433e-08,-5.9346079162025944e-09,-0.41245895624160767,0.41245895624160983,1.510208136323854e-07,-1.3758739214608795e-07,12.659927368164062,0.0,0.0,-89.6092529296875,1.856071889960731e-06,6.811499133618781e-06,3.072748652743762e-11
S2_k0.95_csqrt,7,22742,370.9202186638431,106.41629028320312,-12.711931228637695,-0.1019720807671547,-3.6136148651166877e-07,-1.0358348845329601e-08,-0.05567031726241112,0.055670317263584894,-8.070156582107302e-06,-8.847482035889698e-08,7.135772705078125,0.0,0.0,-89.6092529296875,2.2886406441102736e-06,1.8534106857259758e-05,3.2201428190603565e-09
S2_k0.95_csqrt,8,22743,370.9702186645882,106.41629028320312,-12.711931228637695,-0.09863380342721939,-1.0746252776527854e-08,-1.2312623809407341e-08,0.13098855316638947,0.1309885531663905,7.012304649833823e-06,-3.90854992815548e-08,3.733177423477173,0.0,0.0,-89.6092529296875,3.6861395074083703e-06,8.042312401812524e-06,-7.382536248989879e-10
S2_k0.95_csqrt,9,22744,371.02021866533323,106.41629028320312,-12.711931228637695,-0.08923964947462082,9.041170589974001e-10,-1.3420653921514258e-08,0.2155594825744629,0.2155594825744633,2.330073982648173e-07,-2.216060224213834e-08,1.6914186477661133,0.0,0.0,-89.6092529296875,4.046780304634012e-06,8.29471719043795e-06,-7.877923313692747e-10
S2_k0.95_csqrt,10,22745,371.0702186660783,106.41629028320312,-12.711931228637695,-0.07752200961112976,-1.844423991315125e-07,-1.1055941051552054e-08,0.24111683666706085,0.24111683666713166,-3.706930328917224e-06,4.729425739924409e-08,0.5111470818519592,0.0,0.0,-89.6092529296875,2.904295115513378e-06,1.3207606571086217e-05,-3.3721253567264853e-10
S2_k0.95_csqrt,11,22746,371.12021866682335,106.41629028320312,-12.711931228637695,-0.06557563692331314,4.644343576387655e-08,-9.078821250341207e-09,0.2344643920660019,0.23446439206600667,4.61771651316667e-06,3.954239602421694e-08,-0.1330488920211792,0.0,0.0,-89.6092529296875,2.8351469154586084e-06,5.975787644274533e-06,1.8692858025359804e-11
S2_k0.95_csqrt,12,22747,371.1702186675684,106.41629028320312,-12.711931228637695,-0.054488446563482285,5.4348110012369943e-08,3.364242573411502e-08,0.21191340684890747,0.2119134068489171,1.5809348496986786e-07,8.544249112674152e-07,-0.4510197043418884,0.0,0.0,-89.6092529296875,-9.991936167352833e-06,-3.605888196034357e-05,-3.948958937627367e-09
S2_k0.95_csqrt,13,22748,371.22021866831346,106.41629028320312,-12.711931228637695,-0.04474559798836708,5.8980674566555535e-08,-1.1261785282101755e-08,0.18309122323989868,0.18309122323990853,9.265129108371184e-08,-8.980842380879039e-07,-0.5764436721801758,0.0,0.0,-89.6092529296875,3.520954578561941e-06,7.871454727137461e-06,6.390699081038065e-11
S2_k0.95_csqrt,14,22749,371.2702186690585,106.41629028320312,-12.711931228637695,-0.03648483380675316,7.174658378517051e-08,3.372021240011236e-08,0.15342272818088531,0.1534227281809058,2.553181843722996e-07,8.996399856187054e-07,-0.5933699011802673,0.0,0.0,-89.6092529296875,-1.0051481694972608e-05,-2.5190931410179473e-05,-4.0697765157915455e-09
S2_k0.95_csqrt,15,22750,371.3202186698036,106.41629028320312,-12.711931228637695,-0.029655493795871735,-1.2581702435454645e-07,3.544366222740791e-08,0.1257455199956894,0.12574551999575734,-3.951271992264083e-06,3.446899654591107e-08,-0.5535441637039185,0.0,0.0,-89.6092529296875,-1.103697286453098e-05,-1.8476477634976618e-05,-2.8979170174636693e-09
S2_k0.95_csqrt,16,22751,371.37021867054864,106.41629028320312,-12.711931228637695,-0.024114646017551422,6.538227381724937e-08,-4.611152348843461e-09,0.10134530812501907,0.10134530812504028,3.823985935014207e-06,-8.010962915250275e-07,-0.48800423741340637,0.0,0.0,-89.6092529296875,2.023004299189779e-06,-6.904244946781546e-05,-2.1304506769848075e-10
S2_k0.95_csqrt,17,22752,371.4202186712937,106.41629028320312,-12.711931228637695,-0.019684066995978355,6.492594906148952e-08,-6.579011557761305e-09,0.08061136305332184,0.08061136305334825,-9.126495115197031e-09,-3.9357182402000035e-08,-0.4146789014339447,0.0,0.0,-89.6092529296875,2.101214704453014e-06,7.865391125960741e-06,5.1405098927537196e-11
S2_k0.95_csqrt,18,22753,371.47021867203875,106.41629028320312,-12.711931228637695,-0.016182251274585724,7.424088721563749e-08,-4.5242698476499754e-09,0.06344301253557205,0.06344301253561566,1.8629876308295934e-07,4.109483597858343e-08,-0.3433670103549957,0.0,0.0,-89.6092529296875,1.4839570212643594e-06,8.742943464312702e-06,-1.3752071703621027e-10
S2_k0.95_csqrt,19,22754,371.5202186727838,106.41629028320312,-12.711931228637695,-0.013440513052046299,-7.043207972401433e-08,-5.7998681413096165e-09,0.04949706047773361,0.049497060477784065,-2.893459395636455e-06,-2.551196587319282e-08,-0.2789190411567688,0.0,0.0,-89.6092529296875,1.5370105757028796e-06,1.4019307855051011e-05,1.6326135998667723e-09
S2_k0.95_csqrt,20,22755,371.57021867352887,106.41629028320312,-12.711931228637695,-0.011310730129480362,6.851247746908484e-08,3.9614622693306956e-08,0.03833545744419098,0.03833545744427267,2.7788910301751457e-06,9.082898486667546e-07,-0.22323206067085266,0.0,0.0,-89.6092529296875,-1.1857123354275245e-05,-2.591837073850911e-05,-3.9616727676161645e-09
S2_k0.95_csqrt,21,22756,371.62021867427393,106.41629028320312,-12.711931228637695,-0.00966724380850792,-3.594224722291983e-07,-5.2440389808339205e-09,0.029506701976060867,0.029506701978250404,-8.558698937122244e-06,-8.971732654572406e-07,-0.17657510936260223,0.0,0.0,-89.6092529296875,7.264065970957745e-07,1.912828884087503e-05,3.0005828932644363e-09
S2_k0.95_csqrt,22,22757,371.670218675019,106.41629028320312,-12.711931228637695,-0.00840629544109106,-1.767435549027141e-07,-3.788831026696471e-09,0.022589311003684998,0.022589311004376757,3.6535784602165222e-06,2.9104159082748993e-08,-0.1383478194475174,0.0,0.0,-89.6092529296875,7.150475198614004e-07,1.1404640645196196e-05,7.760719844540631e-10
S2_k0.95_csqrt,23,22758,371.72021867576404,106.41629028320312,-12.711931228637695,-0.007443656679242849,-1.7935915863631635e-08,-3.5030338629837843e-09,0.017213650047779083,0.017213650047788784,3.17615285894135e-06,5.715943274253732e-09,-0.10751321911811829,0.0,0.0,-89.6092529296875,9.96160679278546e-07,6.148483407741878e-06,-5.348969045471108e-10
S2_k0.95_csqrt,24,22759,371.7702186765091,106.41629028320312,-12.711931228637695,-0.00671184528619051,1.6649643441724038e-08,-3.1914337839111795e-09,0.013062667101621628,0.013062667101632628,6.917111932125408e-07,6.232001581452096e-09,-0.08301965892314911,0.0,0.0,-89.6092529296875,9.754874099598965e-07,5.794104708911618e-06,-7.598178336509775e-11
S2_k0.95_csqrt,25,22760,371.82021867725416,106.41630554199219,-12.714944839477539,-0.006220321636646986,0.0012511160457506776,-0.1824638843536377,0.009878396987915039,0.18273537454972547,0.0250219888985157,-3.649277687072754,-0.06368540227413177,0.0,0.016911547631025314,-89.60945892333984,-1.0822869539260864,-0.007645535748451948,-0.0028037382289767265
S2_k0.95_csqrt,26,22761,371.8702186779992,106.41645050048828,-12.736746788024902,-0.006123390048742294,0.0031924420036375523,-0.520956814289093,0.00743600819259882,0.5210196620647128,0.03882651776075363,-6.769858360290527,-0.04884777590632439,8.62546221469529e-05,0.10377106070518494,-89.61107635498047,-1.7600505352020264,-7.405693759210408e-05,0.040742915123701096
S2_k0.95_csqrt,27,22762,371.9202186787443,106.41668701171875,-12.767332077026367,-0.006045188754796982,0.005879608914256096,-0.6384261846542358,0.005575485061854124,0.638477602650887,0.05374334007501602,-2.3493874073028564,-0.03721046447753906,-0.001129153766669333,0.1678040772676468,-89.60677337646484,-0.9456562995910645,-0.04010121524333954,0.2595077157020569
S2_k0.95_csqrt,28,22763,371.97021867948934,106.41690826416016,-12.799527168273926,-0.005879745353013277,0.004543687682598829,-0.6415185332298279,0.004174680449068546,0.6415482067093311,-0.026718424633145332,-0.06184697151184082,-0.028016092255711555,-0.000823975948151201,0.18675102293491364,-89.60143280029297,-0.08825229853391647,0.0057031563483178616,0.30780503153800964
S2_k0.95_csqrt,29,22764,372.0202186802344,106.41714477539062,-12.833016395568848,-0.005697288550436497,0.00499841570854187,-0.6933562159538269,0.0031253050547093153,0.6933812759896897,0.009094560518860817,-1.0367536544799805,-0.020987506955862045,-0.0005493261269293725,0.18496151268482208,-89.5991439819336,0.07331786304712296,-0.0055395555682480335,0.16429151594638824
S2_k0.95_csqrt,30,22765,372.07021868097945,106.41739654541016,-12.868539810180664,-0.005532569717615843,0.005023457109928131,-0.7217940092086792,0.0023364161606878042,0.7218152711680115,0.0005008280277252197,-0.5687558650970459,-0.01577777788043022,-0.000335694698151201,0.175986647605896,-89.60370635986328,0.24627265334129333,0.010783636942505836,-0.3655143082141876
S2_k0.95_csqrt,31,22766,372.1202186817245,106.41764068603516,-12.90517807006836,-0.005377540364861488,0.005153150297701359,-0.7427414059638977,0.0017473793122917414,0.7427613374602096,0.002593863755464554,-0.4189479351043701,-0.011780736967921257,-0.00021362434199545532,0.16062554717063904,-89.60452270507812,0.34392064809799194,0.007011405657976866,-0.13294081389904022
S2_k0.95_csqrt,32,22767,372.17021868246957,106.41787719726562,-12.942086219787598,-0.005229263100773096,0.005212981719523668,-0.7407656908035278,0.0013044929364696145,0.7407851817847447,0.0011966284364461899,0.03951430320739746,-0.00885772705078125,-0.00021363080304581672,0.14032623171806335,-89.60176086425781,0.4374014735221863,-0.0011999367270618677,0.25535744428634644
S2_k0.95_csqrt,33,22768,372.2202186832146,106.4181137084961,-12.979096412658691,-0.005095863249152899,0.005181534215807915,-0.746903657913208,0.0009717369102872908,0.7469222628718352,-0.0006289500743150711,-0.12275934219360352,-0.00665512029081583,-0.00018310814630240202,0.11898872256278992,-89.60039520263672,0.40998154878616333,0.0022800974547863007,0.14170418679714203
S2_k0.95_csqrt,34,22769,372.2702186839597,106.41836547851562,-13.016180038452148,-0.004981765523552895,0.005108042154461145,-0.7446572184562683,0.0007215880905278027,0.7446750873925155,-0.0014698412269353867,0.044928789138793945,-0.005002976395189762,-9.15506825549528e-05,0.099112868309021,-89.60283660888672,0.387261301279068,0.007866582833230495,-0.2495601624250412
S2_k0.95_csqrt,35,22770,372.32021868470474,106.41860961914062,-13.05352783203125,-0.0048898314125835896,0.0052265082485973835,-0.7541588544845581,0.0005346679827198386,0.7541771542918715,0.002369321882724762,-0.1900327205657959,-0.0037384021561592817,-6.103486521169543e-05,0.08240623027086258,-89.6046142578125,0.2960098385810852,0.004357931204140186,-0.20554381608963013
S2_k0.95_csqrt,36,22771,372.3702186854498,106.41885375976562,-13.091086387634277,-0.004815826192498207,0.005305465776473284,-0.7534511685371399,0.0003972053527832031,0.7534699523598664,0.0015791505575180054,0.014153718948364258,-0.00274925259873271,-9.155060979537666e-05,0.06843849271535873,-89.60250854492188,0.2716847360134125,-0.002097834600135684,0.19557586312294006
S2_k0.95_csqrt,37,22772,372.42021868619486,106.4190902709961,-13.12894058227539,-0.0047579193487763405,0.0053046452812850475,-0.7629502415657043,0.00029150009504519403,0.7629687381138446,-1.640990376472473e-05,-0.18998146057128906,-0.00211410503834486,-9.155392035609111e-05,0.05724381282925606,-89.60040283203125,0.1930999755859375,0.000390927423723042,0.20971882343292236
S2_k0.95_csqrt,38,22773,372.4702186869399,106.4193344116211,-13.166924476623535,-0.00471012108027935,0.0052156001329422,-0.7605763673782349,0.0002148246712749824,0.7605942803155029,-0.0017809029668569565,0.04747748374938965,-0.0015335085336118937,-3.051574640267063e-05,0.047633737325668335,-89.6022720336914,0.19234223663806915,0.0051070209592580795,-0.18387670814990997
S2_k0.95_csqrt,39,22774,372.520218687685,106.41959381103516,-13.205069541931152,-0.004671439994126558,0.005371467210352421,-0.7639594078063965,0.00015692711167503148,0.7639783073242395,0.003117341548204422,-0.06766080856323242,-0.0011579511919990182,-6.10364877502434e-05,0.03957411274313927,-89.60321044921875,0.158672034740448,-0.00042231849511153996,-0.08248487859964371
S2_k0.95_csqrt,40,22775,372.57021868843003,106.41985321044922,-13.243108749389648,-0.004636420868337154,0.0052814544178545475,-0.7571983337402344,0.00011709213140420616,0.7572167616279518,-0.0018002558499574661,0.1352214813232422,-0.0007966996054165065,-6.103482155594975e-05,0.031910642981529236,-89.60386657714844,0.17717133462429047,0.0021049317438155413,0.12442526966333389
S2_k0.95_csqrt,41,22776,372.6202186891751,106.42008209228516,-13.281023979187012,-0.004606590140610933,0.005167301278561354,-0.7608345150947571,8.288383105536923e-05,0.7608520665883133,-0.0022830627858638763,-0.0727236270904541,-0.0006841659778729081,1.656687800277723e-06,0.025182906538248062,-89.60230255126953,0.11401481926441193,0.004123623948544264,0.07713358849287033
S2_k0.95_csqrt,42,22777,372.67021868992015,106.42034149169922,-13.318788528442383,-0.004581413231790066,0.005236608441919088,-0.7562836408615112,6.299018423305824e-05,0.7563017727537604,0.0013861432671546936,0.09101748466491699,-0.0003978729364462197,0.0,0.019329434260725975,-89.60462951660156,0.10289724916219711,0.0015673709567636251,-0.19416490197181702
S2_k0.95_csqrt,43,22778,372.7202186906652,106.42059326171875,-13.356582641601562,-0.004563064314424992,0.005259113386273384,-0.7594591975212097,4.30679319833871e-05,0.7594774077140256,0.0004500988870859146,-0.06351113319396973,-0.00039844505954533815,2.348461202927865e-05,0.015060566365718842,-89.60482788085938,0.05723752826452255,0.00028173369355499744,-0.04248908907175064
S2_k0.95_csqrt,44,22779,372.77021869141026,106.42082977294922,-13.39439868927002,-0.004549446050077677,0.00528397411108017,-0.7569514513015747,3.395080420887098e-05,0.7569698944889578,0.0004972144961357117,0.050154924392700195,-0.0001823425554903224,8.337632806387774e-10,0.011850377544760704,-89.60321044921875,0.052118659019470215,-0.0012486266205087304,0.08689180761575699
S2_k0.95_csqrt,45,22780,372.8202186921553,106.42108154296875,-13.432340621948242,-0.0045404816046357155,0.00519237807020545,-0.7590718865394592,2.4194716388592497e-05,0.759089645766547,-0.0018319208174943924,-0.04240870475769043,-0.0001951217564055696,1.5382514902739786e-05,0.009814981371164322,-89.60347747802734,0.03857206553220749,0.0019727444741874933,0.07121524959802628
S2_k0.95_csqrt,46,22781,372.8702186929004,106.42132568359375,-13.470381736755371,-0.004534568637609482,0.005264915060251951,-0.7578240036964417,1.6927719116210938e-05,0.7578422924300569,0.0014507398009300232,0.024957656860351562,-0.00014533994544763118,2.66499919234775e-05,0.008503585122525692,-89.60344696044922,0.05463145673274994,-0.001262496691197157,-0.13182611763477325
S2_k0.95_csqrt,47,22782,372.92021869364544,106.42159271240234,-13.508564949035645,-0.004531669430434704,0.0053872037678956985,-0.7674078941345215,1.3141631825419609e-05,0.7674268031005435,0.0024457741528749466,-0.19167780876159668,-7.572174945380539e-05,4.168816403193887e-10,0.007902528159320354,-89.60537719726562,-0.005263454280793667,-0.0017237317515537143,-0.07256758213043213
S2_k0.95_csqrt,48,22783,372.9702186943905,106.42182159423828,-13.546780586242676,-0.004528083838522434,0.005296683870255947,-0.7658404111862183,8.40187021822203e-06,0.7658587274011368,-0.0018103979527950287,0.03134965896606445,-9.479523578193039e-05,1.4949792785046156e-05,0.00706241512671113,-89.60305786132812,0.008955631405115128,-0.00037013337714597583,0.15881814062595367
S2_k0.95_csqrt,49,22784,373.02021869513555,106.42208099365234,-13.585139274597168,-0.004525527823716402,0.005280351731926203,-0.7685101628303528,6.551742444571573e-06,0.7685283030122401,-0.0003266427665948868,-0.05339503288269043,-3.7002555473009124e-05,8.266554686997551e-06,0.006522830110043287,-89.60321044921875,0.00444231741130352,0.0009128146921284497,0.051097333431243896
S2_k0.95_csqrt,50,22785,373.0702186958806,106.42232513427734,-13.623665809631348,-0.004525108262896538,0.005343567579984665,-0.7674281001091003,7.686614480917342e-06,0.7674467034332934,0.0012643169611692429,0.021641254425048828,2.2697440726915374e-05,8.863528819347266e-06,0.0064408681355416775,-89.6033935546875,0.034580737352371216,-0.0016364905750378966,-0.1205582320690155
S2_k0.95_csqrt,51,22786,373.12021869662567,106.42261505126953,-13.66240119934082,-0.004526443313807249,0.005445393733680248,-0.7785336971282959,2.632141104186303e-06,0.7785527405925022,0.002036523073911667,-0.22211194038391113,-0.00010108946298714727,-3.051740350201726e-05,0.006898490712046623,-89.60521697998047,-0.02249305322766304,-0.0010039388434961438,-0.06455544382333755
S2_k0.95_csqrt,52,22787,373.17021869737073,106.42286682128906,-13.701189994812012,-0.004525413271039724,0.0053957486525177956,-0.7771516442298889,9.441375254937157e-07,0.7771703752933666,-0.000992901623249054,0.02764105796813965,-3.376007225597277e-05,-2.0844082015969434e-10,0.006632113363593817,-89.60344696044922,-0.001748124836012721,-0.00040134298615157604,0.0907062366604805
S2_k0.95_csqrt,53,22788,373.2202186981158,106.42314147949219,-13.740232467651367,-0.00452640512958169,0.005336183588951826,-0.7815690636634827,2.441406195430318e-06,0.7815872799227662,-0.0011913012713193893,-0.088348388671875,2.9945371352368966e-05,2.1789777747471817e-05,0.006918981205672026,-89.60321044921875,-0.0025468398816883564,0.001694760168902576,0.0712742730975151
S2_k0.95_csqrt,54,22789,373.27021869886084,106.42344665527344,-13.779403686523438,-0.004527091979980469,0.005423539783805609,-0.7840121388435364,1.8692015828492003e-06,0.7840308977593274,0.001747123897075653,-0.04886150360107422,-1.1444091796875e-05,1.4328638826555107e-05,0.007130716927349567,-89.60455322265625,0.001950794248841703,-0.0001838256575865671,-0.1801391839981079
S2_k0.95_csqrt,55,22790,373.3202186996059,106.4237289428711,-13.818718910217285,-0.0045272065326571465,0.0054506901651620865,-0.7902752757072449,1.2969970839549205e-06,0.7902940727470507,0.0005430076271295547,-0.12526273727416992,-1.1444089977885596e-05,2.9082080800435506e-05,0.00717169838026166,-89.60446166992188,-0.019828325137495995,-0.00016923573275562376,-0.026977838948369026
S2_k0.95_csqrt,56,22791,373.37021870035096,106.42401885986328,-13.858223915100098,-0.004527473356574774,0.0054114339873194695,-0.7874457240104675,2.4890898657758953e-06,0.7874643178496179,-0.0007851235568523407,0.056591033935546875,2.3841856091166846e-05,1.3151781786291394e-05,0.007260490674525499,-89.60399627685547,0.02697485312819481,0.0012638589832931757,0.10888580232858658
S2_k0.95_csqrt,57,22792,373.420218701096,106.42430114746094,-13.897907257080078,-0.0045286561362445354,0.00547467265278101,-0.7973473072052002,1.7070769899873994e-06,0.7973661018321215,0.0012647733092308044,-0.19803166389465332,-1.5640256606275216e-05,2.0141220375080593e-05,0.0075883399695158005,-89.60266876220703,-0.019076190888881683,0.00010879672481678426,0.05418003350496292
S2_k0.95_csqrt,58,22793,373.4702187018411,106.42460632324219,-13.937670707702637,-0.004527511540800333,0.005478195380419493,-0.7958573698997498,-5.054473604104714e-07,0.7958762239498228,7.045455276966095e-05,0.02979874610900879,-4.4250486098462716e-05,1.7561138520250097e-05,0.007294641807675362,-89.60405731201172,0.004627979826182127,0.00031034028506837785,-0.06909522414207458
S2_k0.95_csqrt,59,22794,373.52021870258613,106.42489624023438,-13.977696418762207,-0.004528999328613281,0.005609689746052027,-0.8027938008308411,-5.81741346650233e-07,0.802813400032544,0.0026298873126506805,-0.13872861862182617,-1.5258797247952316e-06,0.0,0.00767030194401741,-89.60497283935547,-0.011682037264108658,-0.0016675350489094853,-0.06886423379182816
S2_k0.95_csqrt,60,22795,373.5702187033312,106.42518615722656,-14.017765045166016,-0.0045279692858457565,0.005549771711230278,-0.8028387427330017,-1.1062621751989354e-06,0.80285792441775,-0.0011983606964349747,-0.0008988380432128906,-1.0490416570974048e-05,4.2463561840122566e-06,0.007410754915326834,-89.60326385498047,0.0012873171363025904,-0.0005344958044588566,0.10818963497877121
S2_k0.95_csqrt,61,22796,373.62021870407625,106.42547607421875,-14.058037757873535,-0.004527702461928129,0.00552367651835084,-0.8063323497772217,-9.72747784544481e-07,0.8063512691752158,-0.000521903857588768,-0.06987214088439941,2.6702878130890895e-06,4.2463561840122566e-06,0.007410754915326834,-89.60326385498047,0.0021272236481308937,0.0009965229546651244,0.05953342095017433
S2_k0.95_csqrt,62,22797,373.6702187048213,106.42578125,-14.0984468460083,-0.00452781654894352,0.005591170862317085,-0.8086744546890259,-7.438659395120339e-07,0.8086937831211257,0.001349886879324913,-0.046842098236083984,4.57763690064894e-06,0.0,0.007403924595564604,-89.60427856445312,0.004621271509677172,-7.921046199044213e-05,-0.14072486758232117
S2_k0.95_csqrt,63,22798,373.72021870556637,106.42607116699219,-14.138978004455566,-0.0045270537957549095,0.005638068076223135,-0.8127136826515198,-1.1062621751989354e-06,0.8127332390039497,0.0009379442781209946,-0.08078455924987793,-7.24792471373803e-06,0.0,0.007192188873887062,-89.60430908203125,-0.0035004050005227327,-0.0005943724536336958,-0.042630285024642944
S2_k0.95_csqrt,64,22799,373.7702187063114,106.42635345458984,-14.179682731628418,-0.004527130164206028,0.005607509985566139,-0.8132022619247437,-8.583068620282575e-07,0.8132215952423388,-0.0006111618131399155,-0.009771585464477539,4.95910626341356e-06,-4.168816403193887e-10,0.007233169861137867,-89.60344696044922,0.014195923693478107,0.0007345944177359343,0.13527561724185944
S2_k0.95_csqrt,65,22800,373.8202187070565,106.42665100097656,-14.220494270324707,-0.004526748787611723,0.005654803942888975,-0.8192386627197266,1.1444091114753974e-06,0.8192581786614938,0.0009458791464567184,-0.1207280158996582,4.00543212890625e-05,0.0,0.0070897359400987625,-89.60308837890625,-0.009882803075015545,0.00016231318295467645,0.03930171951651573
S2_k0.95_csqrt,66,22801,373.87021870780154,106.42694854736328,-14.261445045471191,-0.00452625285834074,0.005670460872352123,-0.8177605867385864,1.077651972991589e-06,0.8177802463686094,0.00031313858926296234,0.029561519622802734,-1.3351427696761675e-06,2.0844082015969434e-10,0.006959962192922831,-89.60385131835938,0.019015135243535042,-0.0005531648057512939,-0.11249303817749023
S2_k0.95_csqrt,67,22802,373.9202187085466,106.42724609375,-14.302535057067871,-0.0045261383056640625,0.005721496418118477,-0.8248286247253418,-9.5367431640625e-07,0.8248484683191639,0.0010207109153270721,-0.14136075973510742,-4.0626528061693534e-05,2.0844082015969434e-10,0.006939471699297428,-89.6044921875,-0.011284719221293926,-0.00034567894181236625,-0.04298930987715721
S2_k0.95_csqrt,68,22803,373.97021870929166,106.42752838134766,-14.343733787536621,-0.004525375086814165,0.005685191601514816,-0.8230528235435486,-1.7261504581256304e-06,0.8230724583835455,-0.0007260963320732117,0.03551602363586426,-1.5449522834387608e-05,-2.0844082015969434e-10,0.006714075803756714,-89.60357666015625,0.016627155244350433,0.0006163371144793928,0.09859459847211838
S2_k0.95_csqrt,69,22804,374.0202187100367,106.42781829833984,-14.385089874267578,-0.004525451455265284,0.005716913379728794,-0.8298326134681702,-1.3923644246460753e-06,0.8298523058207066,0.0006344355642795563,-0.13559579849243164,6.675720669591101e-06,0.0,0.006755056791007519,-89.60293579101562,-0.010104256682097912,0.0003241346566937864,0.046649981290102005
S2_k0.95_csqrt,70,22805,374.0702187107818,106.4281234741211,-14.426532745361328,-0.004524535965174437,0.005731784738600254,-0.8284152746200562,-9.91821252682712e-07,0.8284351034215633,0.0002974271774291992,0.028346776962280273,8.01086389401462e-06,0.0,0.006502339616417885,-89.60393524169922,0.013112950138747692,-9.688102727523074e-05,-0.09433773159980774
S2_k0.95_csqrt,71,22806,374.12021871152683,106.42841339111328,-14.468141555786133,-0.004524765070527792,0.0057965354062616825,-0.8346301913261414,1.182556161438697e-06,0.8346503196532221,0.001295013353228569,-0.1242983341217041,4.348754737293348e-05,0.0,0.0065638115629553795,-89.60455322265625,-0.009008992463350296,-0.0005053486092947423,-0.04704314470291138
S2_k0.95_csqrt,72,22807,374.1702187122719,106.42869567871094,-14.509832382202148,-0.004524001851677895,0.005763742607086897,-0.8335526585578918,7.438659395120339e-07,0.8335725855126975,-0.0006558559834957123,0.021550655364990234,-8.773804438533261e-06,2.0844082015969434e-10,0.006338415201753378,-89.60354614257812,0.011356857605278492,0.00024247013789135963,0.0935637354850769
S2_k0.95_csqrt,73,22808,374.22021871301695,106.42899322509766,-14.551684379577637,-0.004524078220129013,0.005782130640000105,-0.8393039703369141,4.1007993445418833e-07,0.8393238872200729,0.00036776065826416016,-0.11502623558044434,-6.67572021484375e-06,3.230832845702025e-08,0.00637256633490324,-89.60301971435547,-0.007950193248689175,0.00033329581492580473,0.04546719789505005
S2_k0.95_csqrt,74,22809,374.270218713762,106.42929077148438,-14.593626022338867,-0.004523429553955793,0.00580004183575511,-0.8385947942733765,-1.4972686130931834e-06,0.8386148516869618,0.00035822391510009766,0.014183521270751953,-3.814696901827119e-05,0.0,0.006208641454577446,-89.60399627685547,0.010053502395749092,-6.736585874023149e-06,-0.09208807349205017
S2_k0.95_csqrt,75,22810,374.32021871450706,106.4295883178711,-14.635721206665039,-0.004523505922406912,0.0058574252761900425,-0.8440932035446167,6.580352760465757e-07,0.8441135265481254,0.0011476688086986542,-0.10996818542480469,4.310607982915826e-05,-2.0844082015969434e-10,0.006242792587727308,-89.60443115234375,-0.007610437925904989,-0.00045257556485012174,-0.042522627860307693
S2_k0.95_csqrt,76,22811,374.3702187152521,106.42987060546875,-14.677910804748535,-0.004523086361587048,0.005834572017192841,-0.8436165452003479,-9.155273232863692e-07,0.8436367213245477,-0.0004570651799440384,0.009533166885375977,-3.147125244140625e-05,0.0,0.006119849160313606,-89.60354614257812,0.00896571297198534,0.00010281674622092396,0.0853554755449295
S2_k0.95_csqrt,77,22812,374.4202187159972,106.43016052246094,-14.720253944396973,-0.0045232390984892845,0.005854328162968159,-0.848986029624939,-1.4591216768167214e-06,0.8490062141460959,0.0003951229155063629,-0.10738968849182129,-1.087188684323337e-05,1.1814425988632138e-06,0.006174490787088871,-89.60314178466797,-0.007586612366139889,0.0002732618886511773,0.03895949199795723
S2_k0.95_csqrt,78,22813,374.47021871674224,106.43046569824219,-14.762687683105469,-0.004522895906120539,0.005866942461580038,-0.8485020399093628,-2.136230477844947e-06,0.8485223230703839,0.000252285972237587,0.009679794311523438,-1.3542176020564511e-05,1.6102053450595122e-06,0.006058377679437399,-89.6039810180664,0.008912218734622002,6.100942846387625e-05,-0.07895971834659576
S2_k0.95_csqrt,79,22814,374.5202187174873,106.43075561523438,-14.805269241333008,-0.004523009993135929,0.005919433664530516,-0.8536743521690369,-1.3923644246460753e-06,0.8536948747931384,0.001049824059009552,-0.10344624519348145,1.4877321518724784e-05,-2.0844082015969434e-10,0.006085698027163744,-89.60430908203125,-0.006765715777873993,-0.0003573964932002127,-0.03582393378019333
S2_k0.95_csqrt,80,22815,374.57021871823235,106.43104553222656,-14.847933769226074,-0.004522438161075115,0.005899702198803425,-0.8530707955360413,-9.91821252682712e-07,0.8530911959946091,-0.0003946293145418167,0.01207113265991211,8.01086389401462e-06,0.0,0.0059422641061246395,-89.60360717773438,0.009488451294600964,0.00010387801739852875,0.07134504616260529
S2_k0.95_csqrt,81,22816,374.6202187189774,106.43133544921875,-14.89073657989502,-0.004522514063864946,0.005919812712818384,-0.8580878376960754,1.0013579867518274e-06,0.8581082573810159,0.0004022102802991867,-0.1003408432006836,3.986358569818549e-05,2.3672623683523852e-06,0.005928603932261467,-89.60330200195312,-0.006025040056556463,0.00023996441450435668,0.032497018575668335
S2_k0.95_csqrt,82,22817,374.67021871972247,106.431640625,-14.933621406555176,-0.0045217894949018955,0.0059288740158081055,-0.857416570186615,1.7547606603329768e-06,0.857437068466691,0.00018122605979442596,0.013425350189208984,1.5068053471622989e-05,3.141411525575677e-06,0.00575784919783473,-89.6039810180664,0.009739276953041553,0.00015396892558783293,-0.06509768962860107
S2_k0.95_csqrt,83,22818,374.7202187204675,106.43193054199219,-14.976638793945312,-0.004521751310676336,0.005975776817649603,-0.8623071908950806,-1.0013579867518274e-06,0.8623278966721082,0.0009380560368299484,-0.09781241416931152,-5.512237112270668e-05,4.248023799391376e-07,0.005737358704209328,-89.60427856445312,-0.005676380358636379,-0.00022353204258251935,-0.029099516570568085
S2_k0.95_csqrt,84,22819,374.7702187212126,106.43222045898438,-15.019728660583496,-0.004520988557487726,0.005957448855042458,-0.8615195751190186,-1.077651972991589e-06,0.8615401728946108,-0.0003665592521429062,0.015752315521240234,-1.5258797247952316e-06,3.3246311659240746e-07,0.005546113476157188,-89.60370635986328,0.00993433129042387,7.241369894472882e-05,0.05697175860404968
S2_k0.95_csqrt,85,22820,374.82021872195764,106.43251037597656,-15.062949180603027,-0.004520988557487726,0.005979130510240793,-0.8662877678871155,1.4972686130931834e-06,0.8663084016646387,0.00043363310396671295,-0.09536385536193848,5.149840944795869e-05,1.8855556618291303e-06,0.005511962343007326,-89.60344696044922,-0.005417814012616873,5.147216870682314e-05,0.02572033926844597
S2_k0.95_csqrt,86,22821,374.8702187227027,106.43280792236328,-15.106236457824707,-0.00452018715441227,0.005983735900372267,-0.865437388420105,-2.384185791015625e-07,0.8654580742998438,9.210780262947083e-05,0.01700758934020996,-3.4713742934400216e-05,2.8706469947792357e-06,0.005320717114955187,-89.6039810180664,0.009848675690591335,0.00011877528595505282,-0.049856968224048615
S2_k0.95_csqrt,87,22822,374.92021872344776,106.43310546875,-15.14964771270752,-0.004520073067396879,0.006025757174938917,-0.870094358921051,-1.0108947208209429e-06,0.8701152240805743,0.0008404254913330078,-0.0931394100189209,-1.5449522834387608e-05,6.884800427542359e-07,0.0052865659818053246,-89.60417938232422,-0.005338246002793312,-0.0002617886057123542,-0.021885866299271584
S2_k0.95_csqrt,88,22823,374.9702187241928,106.43339538574219,-15.193123817443848,-0.0045194244012236595,0.006009594537317753,-0.8691784739494324,1.1730194273695815e-06,0.869199249197181,-0.00032325275242328644,0.018317699432373047,4.367828296381049e-05,0.0,0.005102151073515415,-89.60375213623047,0.009751398116350174,0.00011233429540880024,0.04131585359573364
S2_k0.95_csqrt,89,22824,375.0202187249379,106.43367767333984,-15.23671817779541,-0.004519119393080473,0.006033285055309534,-0.8737130761146545,-8.583068620282575e-07,0.8737339068063156,0.0004738103598356247,-0.09069204330444336,-4.0626528061693534e-05,1.6187514120247215e-06,0.00506117008626461,-89.60357666015625,-0.005207612179219723,0.00012935983249917626,0.018057212233543396
S2_k0.95_csqrt,90,22825,375.07021872568293,106.4339828491211,-15.28037166595459,-0.004518585279583931,0.0060340422205626965,-0.8727225065231323,1.8882750509874313e-06,0.8727433660940104,1.514330506324768e-05,0.019811391830444336,5.493163916980848e-05,1.340065978183702e-06,0.004876754712313414,-89.60393524169922,0.00967885460704565,9.175921877613291e-05,-0.03356561437249184
S2_k0.95_csqrt,91,22826,375.120218726428,106.43427276611328,-15.324142456054688,-0.0045183561742305756,0.00607090350240469,-0.877155065536499,1.2779235021298518e-06,0.8771760740394762,0.0007372256368398666,-0.08865118026733398,-1.2207030522404239e-05,1.0036425237558433e-06,0.004835773725062609,-89.6041030883789,-0.005198474042117596,-7.98706169007346e-05,-0.014085410162806511
S2_k0.95_csqrt,92,22827,375.17021872717305,106.4345703125,-15.367964744567871,-0.004517783876508474,0.006056628189980984,-0.8760672807693481,-4.863738922722405e-07,0.8760882165512033,-0.0002855062484741211,0.021755695343017578,-3.528594970703125e-05,1.3852976508132997e-06,0.004651358351111412,-89.60382080078125,0.009679104201495647,8.892968617146835e-05,0.024680182337760925
S2_k0.95_csqrt,93,22828,375.2202187279181,106.43486022949219,-15.411897659301758,-0.004517478868365288,0.006082247942686081,-0.8803826570510864,-6.866454782539222e-07,0.8804036668351846,0.000512395054101944,-0.08630752563476562,-4.00543194700731e-06,1.1912393347301986e-06,0.004610377363860607,-89.60372161865234,-0.00510733388364315,8.727521162654739e-06,0.010233691893517971
S2_k0.95_csqrt,94,22829,375.27021872866317,106.43515014648438,-15.455880165100098,-0.004516830202192068,0.006078312639147043,-0.8792123198509216,-6.00814814788464e-07,0.8792333303865018,-7.870607078075409e-05,0.0234067440032959,1.716613269309164e-06,1.3440263728625723e-06,0.004425962455570698,-89.60393524169922,0.00967960525304079,9.33299379539676e-05,-0.01767716184258461
S2_k0.95_csqrt,95,22830,375.3202187294082,106.4354476928711,-15.499964714050293,-0.004516639746725559,0.0061107235960662365,-0.8834259510040283,-9.822845186135964e-07,0.8834470849186182,0.0006482191383838654,-0.08427262306213379,-7.629394076502649e-06,1.3440263728625723e-06,0.004425962455570698,-89.60393524169922,-0.005093193147331476,-9.235111065208912e-05,-0.006844690069556236
S2_k0.95_csqrt,96,22831,375.3702187301533,106.43573760986328,-15.544095993041992,-0.004516067449003458,0.006098491605371237,-0.882141649723053,1.4781951449549524e-06,0.8821627297603064,-0.0002446398138999939,0.025686025619506836,4.920959327137098e-05,7.093241265465622e-07,0.004193735774606466,-89.60387420654297,0.009769988246262074,8.83461834746413e-05,0.010628866031765938
S2_k0.95_csqrt,97,22832,375.42021873089834,106.43603515625,-15.588326454162598,-0.004515838343650103,0.006125297397375107,-0.8862414360046387,1.344680754300498e-06,0.8862626033865914,0.0005361158400774002,-0.08199572563171387,-2.6702878130890895e-06,7.093241265465622e-07,0.004193735774606466,-89.60387420654297,-0.004988452419638634,-0.00011456725769676268,0.004044212866574526
S2_k0.95_csqrt,98,22833,375.4702187316434,106.43632507324219,-15.632596015930176,-0.004515113774687052,0.006117631681263447,-0.8848757743835449,1.201629629576928e-06,0.8848969214036796,-0.00015331432223320007,0.027313232421875,-2.861022494471399e-06,9.44236902000739e-08,0.003954679239541292,-89.60393524169922,0.009716330096125603,8.258011075668037e-05,-0.006098930258303881
S2_k0.95_csqrt,99,22834,375.52021873238846,106.43661499023438,-15.676959037780762,-0.004514999222010374,0.006146120373159647,-0.8888716697692871,1.1730194273695815e-06,0.888892918250257,0.0005697738379240036,-0.07991790771484375,-5.722040441469289e-07,9.44236902000739e-08,0.003954679239541292,-89.60393524169922,-0.0049973768182098866,-9.660622163210064e-05,-0.002128137042745948
S2_k0.95_csqrt,100,22835,375.5702187331335,106.4369125366211,-15.721358299255371,-0.004514236468821764,0.006134806666523218,-0.8874219059944153,1.678466787780053e-06,0.8874431109059407,-0.00022627413272857666,0.028995275497436523,1.0108947208209429e-05,4.1667320260785345e-07,0.0037224527914077044,-89.60393524169922,0.009632064029574394,8.87864880496636e-05,0.0025815481785684824
S2_k0.95_csqrt,101,22836,375.6202187338786,106.43720245361328,-15.765848159790039,-0.004514083731919527,0.006161525845527649,-0.8913282752037048,9.91821252682712e-07,0.8913495714809876,0.0005343835800886154,-0.07812738418579102,-1.3732910701946821e-05,4.1667320260785345e-07,0.0037224527914077044,-89.60393524169922,-0.005134894512593746,-4.876910679740831e-05,0.0008614140097051859
S2_k0.95_csqrt,102,22837,375.67021873462363,106.4375,-15.810365676879883,-0.004513359162956476,0.0061508831568062305,-0.8897944688796997,1.039505036715127e-06,0.8898157282345576,-0.00021285377442836761,0.03067612648010254,9.536756806483027e-07,6.287617111411237e-07,0.00349022657610476,-89.60393524169922,0.009583898819983006,9.361706179333851e-05,-0.0013817489380016923
S2_k0.95_csqrt,103,22838,375.7202187353687,106.43778991699219,-15.854971885681152,-0.004513320978730917,0.00617771502584219,-0.8936307430267334,8.010864007701457e-07,0.8936520962019245,0.0005366373807191849,-0.07672548294067383,-4.768372491525952e-06,6.287617111411237e-07,0.00349022657610476,-89.60393524169922,-0.005251281429082155,-2.2080657799961045e-05,-0.0004196900990791619
S2_k0.95_csqrt,104,22839,375.77021873611375,106.43807983398438,-15.899603843688965,-0.00451255775988102,0.006166103295981884,-0.8920378684997559,7.534026735811494e-07,0.8920591794651362,-0.00023223459720611572,0.03185749053955078,-9.536745437799254e-07,9.650809715822106e-07,0.003285320708528161,-89.6039810180664,0.009407604113221169,9.774424688657746e-05,0.00010951682634186
S2_k0.95_csqrt,105,22840,375.8202187368588,106.4383773803711,-15.944316864013672,-0.00451251957565546,0.006192126777023077,-0.8958015441894531,1.0204314548900584e-06,0.8958229451221221,0.0005204696208238602,-0.07527351379394531,5.340575626178179e-06,9.650809715822106e-07,0.003285320708528161,-89.6039810180664,-0.005423990543931723,-5.60382723051589e-05,9.825445886235684e-05
S2_k0.95_csqrt,106,22841,375.87021873760386,106.43866729736328,-15.989055633544922,-0.004511833190917969,0.006180203054100275,-0.894139289855957,4.1961669694501325e-07,0.8941606480795725,-0.00023847445845603943,0.033245086669921875,-1.2016294931527227e-05,1.2390764823067002e-06,0.0030872453935444355,-89.60399627685547,0.00927183497697115,0.00010253163782181218,4.34450848842971e-05
S2_k0.95_csqrt,107,22842,375.9202187383489,106.43896484375,-16.03387451171875,-0.0045117950066924095,0.0062058595940470695,-0.8978433609008789,9.91821252682712e-07,0.8978648079795034,0.0005131307989358902,-0.0740814208984375,1.1444090887380298e-05,1.2390764823067002e-06,0.0030872453935444355,-89.60399627685547,-0.005642729811370373,-5.1685427024494857e-05,8.918997627915815e-05
S2_k0.95_csqrt,108,22843,375.970218739094,106.43925476074219,-16.07871437072754,-0.004511222708970308,0.0061937677673995495,-0.8961269855499268,1.201629629576928e-06,0.896148390051223,-0.0002418365329504013,0.03432750701904297,4.196167537884321e-06,1.0731575912359403e-06,0.0029096603393554688,-89.60399627685547,0.009130468592047691,6.540635513374582e-05,-0.00030997011344879866
S2_k0.95_csqrt,109,22844,376.02021873983904,106.43954467773438,-16.12363052368164,-0.004511184524744749,0.006219212431460619,-0.8997715711593628,8.964538551481382e-07,0.8997930644713036,0.0005088932812213898,-0.0728917121887207,-6.103515261202119e-06,1.0731575912359403e-06,0.0029096603393554688,-89.60399627685547,-0.005741547327488661,-1.6159321603481658e-05,5.402975875767879e-05
S2_k0.95_csqrt,110,22845,376.0702187405841,106.4398422241211,-16.16856575012207,-0.004510612227022648,0.0062065888196229935,-0.8980211615562439,7.820129326319147e-07,0.8980426094279786,-0.00025247223675251007,0.03500819206237793,-2.28881845032447e-06,1.0704478654588456e-06,0.002745735924690962,-89.60403442382812,0.008924605324864388,0.00010059734631795436,-0.0005393127212300897
S2_k0.95_csqrt,111,22846,376.12021874132915,106.44013214111328,-16.213573455810547,-0.004510574042797089,0.006231596227735281,-0.9016042351722717,1.2302398317842744e-06,0.901625770302533,0.0005001481622457504,-0.07166147232055664,8.96453821042087e-06,1.0704478654588456e-06,0.002745735924690962,-89.60403442382812,-0.0058603486977517605,-5.673847772413865e-05,-0.00016163427790161222
S2_k0.95_csqrt,112,22847,376.1702187420742,106.4404296875,-16.25859832763672,-0.004510040394961834,0.0062185716815292835,-0.899800181388855,1.115798909268051e-06,0.899821669589269,-0.00026049092411994934,0.03608107566833496,-2.28881845032447e-06,8.826426665109466e-07,0.0026023020036518574,-89.60403442382812,0.008840245194733143,1.4814201676927041e-05,-0.00018709860160015523
S2_k0.95_csqrt,113,22848,376.22021874281927,106.44071960449219,-16.303693771362305,-0.004510078113526106,0.006243101786822081,-0.9033395051956177,1.1539458455445128e-06,0.9033610784001687,0.0004906021058559418,-0.0707864761352539,7.629387255292386e-07,8.826426665109466e-07,0.0026023020036518574,-89.60403442382812,-0.0060134874656796455,-1.1769011507567484e-05,2.4006238163565286e-05
S2_k0.95_csqrt,114,22849,376.2702187435643,106.44100952148438,-16.348806381225586,-0.004509544465690851,0.006230091210454702,-0.9014869332313538,9.72747784544481e-07,0.9015084607613553,-0.0002602115273475647,0.03705143928527832,-3.6239612200006377e-06,1.0746166481112596e-06,0.002465698169544339,-89.60403442382812,0.008770155720412731,8.798640192253515e-05,-0.00030839876853860915
S2_k0.95_csqrt,115,22850,376.3202187443094,106.4413070678711,-16.393985748291016,-0.0045095826499164104,0.0062545971013605595,-0.9049825072288513,8.392333938900265e-07,0.9050041206402447,0.0004901178181171417,-0.06991147994995117,-2.6702878130890895e-06,1.0746166481112596e-06,0.002465698169544339,-89.60403442382812,-0.0061334893107414246,-2.979109194711782e-05,-4.012638964923099e-05
S2_k0.95_csqrt,116,22851,376.37021874505444,106.44159698486328,-16.439176559448242,-0.0045090485364198685,0.006241265218704939,-0.9030881524085999,1.5830993334020604e-06,0.9031097189239051,-0.0002666376531124115,0.0378870964050293,1.4877318790240679e-05,5.283974928715907e-07,0.002335924655199051,-89.60403442382812,0.008620955981314182,7.646351878065616e-05,-0.0002662191982381046
S2_k0.95_csqrt,117,22852,376.4202187457995,106.44189453125,-16.484434127807617,-0.004509162623435259,0.0062651983462274075,-0.9065386652946472,1.659393319641822e-06,0.9065603148093742,0.00047866255044937134,-0.06901025772094727,1.5258797247952316e-06,5.283974928715907e-07,0.002335924655199051,-89.60403442382812,-0.0062137506902217865,-3.1837746064411476e-05,-2.3673652322031558e-05
S2_k0.95_csqrt,118,22853,376.47021874654456,106.44218444824219,-16.529701232910156,-0.004508628975600004,0.006251531187444925,-0.9045961499214172,1.678466787780053e-06,0.9046177513721783,-0.00027334317564964294,0.03885030746459961,3.814693627646193e-07,8.265720907729701e-07,0.002219811314716935,-89.60403442382812,0.008609476499259472,7.629462925251573e-05,-0.0004149207379668951
S2_k0.95_csqrt,119,22854,376.5202187472896,106.44247436523438,-16.57503318786621,-0.004508743062615395,0.00627547362819314,-0.9080125093460083,1.23977656585339e-06,0.9080341946753052,0.00047884881496429443,-0.06832718849182129,-8.773804438533261e-06,8.265720907729701e-07,0.002219811314716935,-89.60403442382812,-0.006340729538351297,-0.00011745462688850239,-4.457700561033562e-05
S2_k0.95_csqrt,120,22855,376.5702187480347,106.44255828857422,-16.5875301361084,-0.0039321137592196465,8.679129678057507e-05,-0.011410080827772617,-2.001762368308846e-05,0.011410428472706844,-0.12377364933490753,17.932048797607422,-0.00042514799861237407,1.0939013463939773e-06,-0.1528322994709015,-89.60430145263672,3.47922682762146,0.024034639820456505,-0.0006837097462266684
S2_k0.95_csqrt,121,22856,376.62021874877973,106.44254302978516,-16.5869140625,-0.003572616493329406,2.6580033591017127e-05,-0.003611486405134201,-4.734039248432964e-05,0.0036118944704151344,-0.0012042252346873283,0.15597188472747803,-0.0005464553833007812,1.1392649867048021e-05,-0.24954095482826233,-89.60430145263672,1.1249194145202637,0.007904589176177979,8.082773274509236e-05
S2_k0.95_csqrt,122,22857,376.6702187495248,106.44254302978516,-16.586793899536133,-0.0035032653249800205,1.0525463949306868e-06,1.5217437976389192e-06,-3.5591125197242945e-05,3.563918841535194e-05,-0.0005105497548356652,0.07226016372442245,0.0002349853457417339,1.7756017768988386e-05,-0.2685493528842926,-89.60430908203125,-0.0005457951920107007,3.692181780934334e-05,-4.721608274849132e-05
S2_k0.95_csqrt,123,22858,376.72021875026985,106.44254302978516,-16.586896896362305,-0.003566169645637274,-1.0377606486144941e-05,0.001568175619468093,-1.2845992387156002e-05,0.0015682625697665967,-0.00022860305034555495,0.031333077698946,0.00045490264892578125,1.9316814359626733e-05,-0.2520817816257477,-89.60430145263672,-0.4891424775123596,-0.0033351429738104343,-0.00010511790605960414
S2_k0.95_csqrt,124,22859,376.7702187510149,106.44254302978516,-16.58709144592285,-0.0036800382658839226,-1.4507068044622429e-05,0.002108299871906638,6.752014087396674e-06,0.00210836059406332,-8.258923480752856e-05,0.010802485048770905,0.00039196014404296875,1.8823180653271265e-05,-0.22174207866191864,-89.60430908203125,-0.6564447283744812,-0.004505378194153309,-0.000107719621155411
S2_k0.95_csqrt,125,22860,376.82021875175997,106.44254302978516,-16.587305068969727,-0.0038049696013331413,-1.5241981600411236e-05,0.0021527456119656563,1.6956328181549907e-05,0.002152866346270919,-1.4698271115776151e-05,0.0008889148011803627,0.00020408627460710704,1.7449090591981076e-05,-0.18813754618167877,-89.60430908203125,-0.6689140200614929,-0.004624839406460524,-8.772917499300092e-05
S2_k0.95_csqrt,126,22861,376.870218752505,106.44255828857422,-16.587507247924805,-0.003923301585018635,-1.3962635421194136e-05,0.0019766429904848337,1.9931792849092744e-05,0.0019767927922235327,2.5586923584342003e-05,-0.0035220524296164513,5.950929335085675e-05,1.4534215551975649e-05,-0.15619276463985443,-89.60430145263672,-0.6129812002182007,-0.00428741006180644,-6.387680332409218e-05
S2_k0.95_csqrt,127,22862,376.9202187532501,106.44255828857422,-16.587688446044922,-0.004027824383229017,-1.2275434528419282e-05,0.001719792140647769,1.9922255887649953e-05,0.001719951333499396,3.374401785549708e-05,-0.005137016996741295,-1.907392288558185e-07,1.2219665222801268e-05,-0.12790212035179138,-89.60430908203125,-0.5323888063430786,-0.0037571636494249105,-4.34921748819761e-05
S2_k0.95_csqrt,128,22863,376.97021875399514,106.44255828857422,-16.587841033935547,-0.0041165160946547985,-1.0529354767641053e-05,0.0014505138387903571,1.7414093235856853e-05,0.0014506565804756782,3.4921595215564594e-05,-0.005385566037148237,-5.0163253035862e-05,1.0325341463612858e-05,-0.10382570326328278,-89.60430145263672,-0.44835343956947327,-0.003116963431239128,-2.8269369067857042e-05
S2_k0.95_csqrt,129,22864,377.0202187547402,106.44255828857422,-16.587968826293945,-0.004190368577837944,-8.716187039681245e-06,0.001200218452140689,1.2378692190395668e-05,0.0012003139326009036,3.626335455919616e-05,-0.005005907732993364,-0.0001007080209092237,8.607780728198122e-06,-0.0837654322385788,-89.60430145263672,-0.37052085995674133,-0.0025890448596328497,-1.7710126485326327e-05
S2_k0.95_csqrt,130,22865,377.07021875548526,106.44255828857422,-16.58807373046875,-0.004251022357493639,-7.141288733691908e-06,0.000981111079454422,8.611678822489921e-06,0.0009811748617066893,3.1497966119786724e-05,-0.004382147453725338,-7.534027099609375e-05,6.6701109062705655e-06,-0.06735248863697052,-89.60430145263672,-0.3025674521923065,-0.0020970653276890516,-1.0733628187153954e-05
S2_k0.95_csqrt,131,22866,377.1202187562303,106.44255828857422,-16.588157653808594,-0.004300346132367849,-5.808351033920189e-06,0.0007954726461321115,5.855560175405117e-06,0.0007955154022840316,2.665875399543438e-05,-0.003712768666446209,-5.512237112270668e-05,5.466154561872827e-06,-0.05399264395236969,-89.60430908203125,-0.24511240422725677,-0.0016561433440074325,-6.239146841835463e-06
S2_k0.95_csqrt,132,22867,377.1702187569754,106.44255828857422,-16.588226318359375,-0.0043401336297392845,-4.694034487329191e-06,0.000641494698356837,2.3746490569465095e-06,0.0006415162670874693,2.2286330931819975e-05,-0.0030795589555054903,-6.961822509765625e-05,4.137134510528995e-06,-0.04318045452237129,-89.60430145263672,-0.197532519698143,-0.0013529144925996661,-3.4560875974420924e-06
S2_k0.95_csqrt,133,22868,377.22021875772043,106.44255828857422,-16.588281631469727,-0.004372329451143742,-3.9532715163659304e-06,0.000515440886374563,2.727508444877458e-06,0.0005154632625169268,1.4815259419265203e-05,-0.002521076239645481,7.057187758618966e-06,3.856989678752143e-06,-0.034512944519519806,-89.60430145263672,-0.1586311161518097,-0.0011009073350578547,-1.7573777313373284e-06
S2_k0.95_csqrt,134,22869,377.2702187584655,106.44256591796875,-16.58832550048828,-0.004398155026137829,-3.1675849641032983e-06,0.00041300500743091106,1.5830993334020604e-06,0.0004130201883213593,1.5713731045252644e-05,-0.0020487175788730383,-2.2888181774760596e-05,3.42093107974506e-06,-0.027525661513209343,-89.60430908203125,-0.1270502656698227,-0.0008606023038737476,-7.646112294423801e-07
S2_k0.95_csqrt,135,22870,377.32021875921055,106.44256591796875,-16.58832550048828,-0.004398155026137829,0.0,0.0,0.0,0.0,6.335169746307656e-05,-0.008260100148618221,-3.166198803228326e-05,3.42093107974506e-06,-0.027525661513209343,-89.60430908203125,0.0,0.0,0.0
S2_k0.95_csqrt,136,22871,377.3702187599556,106.44256591796875,-16.58832550048828,-0.004398155026137829,0.0,0.0,0.0,0.0,0.0,0.0,0.0,3.42093107974506e-06,-0.027525661513209343,-89.60430908203125,0.0,0.0,0.0
S2_k0.95_csqrt,137,22872,377.42021876070066,106.44256591796875,-16.58832550048828,-0.004398155026137829,0.0,0.0,0.0,0.0,0.0,0.0,0.0,3.42093107974506e-06,-0.027525661513209343,-89.60430908203125,0.0,0.0,0.0
S2_k0.95_csqrt,138,22873,377.4702187614457,106.44256591796875,-16.58832550048828,-0.004398155026137829,0.0,0.0,0.0,0.0,0.0,0.0,0.0,3.42093107974506e-06,-0.027525661513209343,-89.60430908203125,0.0,0.0,0.0
S2_k0.95_csqrt,139,22874,377.5202187621908,106.44256591796875,-16.58832550048828,-0.004398155026137829,0.0,0.0,0.0,0.0,0.0,0.0,0.0,3.42093107974506e-06,-0.027525661513209343,-89.60430908203125,0.0,0.0,0.0
S2_k0.95_csqrt,140,22875,377.57021876293584,106.44256591796875,-16.58832550048828,-0.004398155026137829,0.0,0.0,0.0,0.0,0.0,0.0,0.0,3.42093107974506e-06,-0.027525661513209343,-89.60430908203125,0.0,0.0,0.0
S2_k0.95_csqrt,141,22876,377.6202187636809,106.44256591796875,-16.58832550048828,-0.004398155026137829,0.0,0.0,0.0,0.0,0.0,0.0,0.0,3.42093107974506e-06,-0.027525661513209343,-89.60430908203125,0.0,0.0,0.0
S2_k0.95_csqrt,142,22877,377.67021876442595,106.44256591796875,-16.58832550048828,-0.004398155026137829,0.0,0.0,0.0,0.0,0.0,0.0,0.0,3.42093107974506e-06,-0.027525661513209343,-89.60430908203125,0.0,0.0,0.0
S2_k0.95_csqrt,143,22878,377.720218765171,106.44256591796875,-16.58832550048828,-0.004398155026137829,0.0,0.0,0.0,0.0,0.0,0.0,0.0,3.42093107974506e-06,-0.027525661513209343,-89.60430908203125,0.0,0.0,0.0
S2_k0.95_csqrt,144,22879,377.77021876591607,106.44256591796875,-16.58832550048828,-0.004398155026137829,0.0,0.0,0.0,0.0,0.0,0.0,0.0,3.42093107974506e-06,-0.027525661513209343,-89.60430908203125,0.0,0.0,0.0
S2_k0.95_csqrt,145,22880,377.8202187666611,106.44256591796875,-16.58832550048828,-0.004398155026137829,0.0,0.0,0.0,0.0,0.0,0.0,0.0,3.42093107974506e-06,-0.027525661513209343,-89.60430908203125,0.0,0.0,0.0
S2_k0.95_csqrt,146,22881,377.8702187674062,106.44256591796875,-16.58832550048828,-0.004398155026137829,0.0,0.0,0.0,0.0,0.0,0.0,0.0,3.42093107974506e-06,-0.027525661513209343,-89.60430908203125,0.0,0.0,0.0
S2_k0.95_csqrt,147,22882,377.92021876815124,106.44256591796875,-16.58832550048828,-0.004398155026137829,0.0,0.0,0.0,0.0,0.0,0.0,0.0,3.42093107974506e-06,-0.027525661513209343,-89.60430908203125,0.0,0.0,0.0
S2_k0.95_csqrt,148,22883,377.9702187688963,106.44256591796875,-16.58832550048828,-0.004398155026137829,0.0,0.0,0.0,0.0,0.0,0.0,0.0,3.42093107974506e-06,-0.027525661513209343,-89.60430908203125,0.0,0.0,0.0
S2_k0.95_csqrt,149,22884,378.02021876964136,106.44256591796875,-16.58832550048828,-0.004398155026137829,0.0,0.0,0.0,0.0,0.0,0.0,0.0,3.42093107974506e-06,-0.027525661513209343,-89.60430908203125,0.0,0.0,0.0
S2_k0.95_csqrt,150,22885,378.0702187703864,106.44256591796875,-16.58832550048828,-0.004398155026137829,0.0,0.0,0.0,0.0,0.0,0.0,0.0,3.42093107974506e-06,-0.027525661513209343,-89.60430908203125,0.0,0.0,0.0
S2_k0.95_csqrt,151,22886,378.1202187711315,106.44256591796875,-16.58832550048828,-0.004398155026137829,0.0,0.0,0.0,0.0,0.0,0.0,0.0,3.42093107974506e-06,-0.027525661513209343,-89.60430908203125,0.0,0.0,0.0
S2_k0.95_csqrt,152,22887,378.17021877187653,106.44256591796875,-16.58832550048828,-0.004398155026137829,0.0,0.0,0.0,0.0,0.0,0.0,0.0,3.42093107974506e-06,-0.027525661513209343,-89.60430908203125,0.0,0.0,0.0
S2_k0.95_csqrt,153,22888,378.2202187726216,106.44256591796875,-16.58832550048828,-0.004398155026137829,0.0,0.0,0.0,0.0,0.0,0.0,0.0,3.42093107974506e-06,-0.027525661513209343,-89.60430908203125,0.0,0.0,0.0
S2_k0.95_csqrt,154,22889,378.27021877336665,106.44256591796875,-16.58832550048828,-0.004398155026137829,0.0,0.0,0.0,0.0,0.0,0.0,0.0,3.42093107974506e-06,-0.027525661513209343,-89.60430908203125,0.0,0.0,0.0
S2_k0.95_csqrt,155,22890,378.3202187741117,106.44256591796875,-16.58832550048828,-0.004398155026137829,0.0,0.0,0.0,0.0,0.0,0.0,0.0,3.42093107974506e-06,-0.027525661513209343,-89.60430908203125,0.0,0.0,0.0
S2_k0.95_csqrt,156,22891,378.37021877485677,106.44256591796875,-16.58832550048828,-0.004398155026137829,0.0,0.0,0.0,0.0,0.0,0.0,0.0,3.42093107974506e-06,-0.027525661513209343,-89.60430908203125,0.0,0.0,0.0
S2_k0.95_csqrt,157,22892,378.4202187756018,106.44256591796875,-16.58832550048828,-0.004398155026137829,0.0,0.0,0.0,0.0,0.0,0.0,0.0,3.42093107974506e-06,-0.027525661513209343,-89.60430908203125,0.0,0.0,0.0
S2_k0.95_csqrt,158,22893,378.4702187763469,106.44256591796875,-16.58832550048828,-0.004398155026137829,0.0,0.0,0.0,0.0,0.0,0.0,0.0,3.42093107974506e-06,-0.027525661513209343,-89.60430908203125,0.0,0.0,0.0
S2_k0.95_csqrt,159,22894,378.52021877709194,106.44256591796875,-16.58832550048828,-0.004398155026137829,0.0,0.0,0.0,0.0,0.0,0.0,0.0,3.42093107974506e-06,-0.027525661513209343,-89.60430908203125,0.0,0.0,0.0
S2_k0.95_csqrt,160,22895,378.570218777837,106.44256591796875,-16.58832550048828,-0.004398155026137829,0.0,0.0,0.0,0.0,0.0,0.0,0.0,3.42093107974506e-06,-0.027525661513209343,-89.60430908203125,0.0,0.0,0.0
S2_k0.95_csqrt,161,22896,378.62021877858206,106.44256591796875,-16.58832550048828,-0.004398155026137829,0.0,0.0,0.0,0.0,0.0,0.0,0.0,3.42093107974506e-06,-0.027525661513209343,-89.60430908203125,0.0,0.0,0.0
S2_k0.95_csqrt,162,22897,378.6702187793271,106.44256591796875,-16.58832550048828,-0.004398155026137829,0.0,0.0,0.0,0.0,0.0,0.0,0.0,3.42093107974506e-06,-0.027525661513209343,-89.60430908203125,0.0,0.0,0.0
S2_k0.95_csqrt,163,22898,378.7202187800722,106.44256591796875,-16.58832550048828,-0.004398155026137829,0.0,0.0,0.0,0.0,0.0,0.0,0.0,3.42093107974506e-06,-0.027525661513209343,-89.60430908203125,0.0,0.0,0.0
S2_k0.95_csqrt,164,22899,378.77021878081723,106.44256591796875,-16.58832550048828,-0.004398155026137829,0.0,0.0,0.0,0.0,0.0,0.0,0.0,3.42093107974506e-06,-0.027525661513209343,-89.60430908203125,0.0,0.0,0.0
S2_k0.95_csqrt,165,22900,378.8202187815623,106.44256591796875,-16.58832550048828,-0.004398155026137829,0.0,0.0,0.0,0.0,0.0,0.0,0.0,3.42093107974506e-06,-0.027525661513209343,-89.60430908203125,0.0,0.0,0.0
S2_k0.95_csqrt,166,22901,378.87021878230735,106.44256591796875,-16.58832550048828,-0.004398155026137829,0.0,0.0,0.0,0.0,0.0,0.0,0.0,3.42093107974506e-06,-0.027525661513209343,-89.60430908203125,0.0,0.0,0.0
S2_k0.95_csqrt,167,22902,378.9202187830524,106.44256591796875,-16.58832550048828,-0.004398155026137829,0.0,0.0,0.0,0.0,0.0,0.0,0.0,3.42093107974506e-06,-0.027525661513209343,-89.60430908203125,0.0,0.0,0.0
S2_k0.95_csqrt,168,22903,378.97021878379746,106.44256591796875,-16.58832550048828,-0.004398155026137829,0.0,0.0,0.0,0.0,0.0,0.0,0.0,3.42093107974506e-06,-0.027525661513209343,-89.60430908203125,0.0,0.0,0.0
S2_k0.95_csqrt,169,22904,379.0202187845425,106.44256591796875,-16.58832550048828,-0.004398155026137829,0.0,0.0,0.0,0.0,0.0,0.0,0.0,3.42093107974506e-06,-0.027525661513209343,-89.60430908203125,0.0,0.0,0.0
S2_k0.95_csqrt,170,22905,379.0702187852876,106.44256591796875,-16.58832550048828,-0.004398155026137829,0.0,0.0,0.0,0.0,0.0,0.0,0.0,3.42093107974506e-06,-0.027525661513209343,-89.60430908203125,0.0,0.0,0.0
S2_k0.95_csqrt,171,22906,379.12021878603264,106.44256591796875,-16.58832550048828,-0.004398155026137829,0.0,0.0,0.0,0.0,0.0,0.0,0.0,3.42093107974506e-06,-0.027525661513209343,-89.60430908203125,0.0,0.0,0.0
S2_k0.95_csqrt,172,22907,379.1702187867777,106.44256591796875,-16.58832550048828,-0.004398155026137829,0.0,0.0,0.0,0.0,0.0,0.0,0.0,3.42093107974506e-06,-0.027525661513209343,-89.60430908203125,0.0,0.0,0.0
S2_k0.95_csqrt,173,22908,379.22021878752275,106.44256591796875,-16.58832550048828,-0.004398155026137829,0.0,0.0,0.0,0.0,0.0,0.0,0.0,3.42093107974506e-06,-0.027525661513209343,-89.60430908203125,0.0,0.0,0.0
S2_k0.95_csqrt,174,22909,379.2702187882678,106.44256591796875,-16.58832550048828,-0.004398155026137829,0.0,0.0,0.0,0.0,0.0,0.0,0.0,3.42093107974506e-06,-0.027525661513209343,-89.60430908203125,0.0,0.0,0.0
S2_k0.95_csqrt,175,22910,379.32021878901287,106.44256591796875,-16.58832550048828,-0.004398155026137829,0.0,0.0,0.0,0.0,0.0,0.0,0.0,3.42093107974506e-06,-0.027525661513209343,-89.60430908203125,0.0,0.0,0.0
S2_k0.95_csqrt,176,22911,379.3702187897579,106.44256591796875,-16.58832550048828,-0.004398155026137829,0.0,0.0,0.0,0.0,0.0,0.0,0.0,3.42093107974506e-06,-0.027525661513209343,-89.60430908203125,0.0,0.0,0.0
S2_k0.95_csqrt,177,22912,379.420218790503,106.44256591796875,-16.58832550048828,-0.004398155026137829,0.0,0.0,0.0,0.0,0.0,0.0,0.0,3.42093107974506e-06,-0.027525661513209343,-89.60430908203125,0.0,0.0,0.0
S2_k0.95_csqrt,178,22913,379.47021879124804,106.44256591796875,-16.58832550048828,-0.004398155026137829,0.0,0.0,0.0,0.0,0.0,0.0,0.0,3.42093107974506e-06,-0.027525661513209343,-89.60430908203125,0.0,0.0,0.0
S2_k0.95_csqrt,179,22914,379.5202187919931,106.44256591796875,-16.58832550048828,-0.004398155026137829,0.0,0.0,0.0,0.0,0.0,0.0,0.0,3.42093107974506e-06,-0.027525661513209343,-89.60430908203125,0.0,0.0,0.0
S2_k0.95_csqrt,180,22915,379.57021879273816,106.44256591796875,-16.58832550048828,-0.004398155026137829,0.0,0.0,0.0,0.0,0.0,0.0,0.0,3.42093107974506e-06,-0.027525661513209343,-89.60430908203125,0.0,0.0,0.0
S2_k0.95_csqrt,181,22916,379.6202187934832,106.44256591796875,-16.58832550048828,-0.004398155026137829,0.0,0.0,0.0,0.0,0.0,0.0,0.0,3.42093107974506e-06,-0.027525661513209343,-89.60430908203125,0.0,0.0,0.0
S2_k0.95_csqrt,182,22917,379.6702187942283,106.44256591796875,-16.58832550048828,-0.004398155026137829,0.0,0.0,0.0,0.0,0.0,0.0,0.0,3.42093107974506e-06,-0.027525661513209343,-89.60430908203125,0.0,0.0,0.0
S2_k0.95_csqrt,183,22918,379.72021879497333,106.44256591796875,-16.58832550048828,-0.004398155026137829,0.0,0.0,0.0,0.0,0.0,0.0,0.0,3.42093107974506e-06,-0.027525661513209343,-89.60430908203125,0.0,0.0,0.0
S2_k0.95_csqrt,184,22919,379.7702187957184,106.44256591796875,-16.58832550048828,-0.004398155026137829,0.0,0.0,0.0,0.0,0.0,0.0,0.0,3.42093107974506e-06,-0.027525661513209343,-89.60430908203125,0.0,0.0,0.0
S2_k0.95_csqrt,185,22920,379.82021879646345,106.44256591796875,-16.58832550048828,-0.004398155026137829,0.0,0.0,0.0,0.0,0.0,0.0,0.0,3.42093107974506e-06,-0.027525661513209343,-89.60430908203125,0.0,0.0,0.0
S2_k0.95_csqrt,186,22921,379.8702187972085,106.44256591796875,-16.58832550048828,-0.004398155026137829,0.0,0.0,0.0,0.0,0.0,0.0,0.0,3.42093107974506e-06,-0.027525661513209343,-89.60430908203125,0.0,0.0,0.0
S2_k0.95_csqrt,187,22922,379.92021879795357,106.44256591796875,-16.58832550048828,-0.004398155026137829,0.0,0.0,0.0,0.0,0.0,0.0,0.0,3.42093107974506e-06,-0.027525661513209343,-89.60430908203125,0.0,0.0,0.0
S2_k0.95_csqrt,188,22923,379.9702187986986,106.44256591796875,-16.58832550048828,-0.004398155026137829,0.0,0.0,0.0,0.0,0.0,0.0,0.0,3.42093107974506e-06,-0.027525661513209343,-89.60430908203125,0.0,0.0,0.0
S2_k0.95_csqrt,189,22924,380.0202187994437,106.44256591796875,-16.58832550048828,-0.004398155026137829,0.0,0.0,0.0,0.0,0.0,0.0,0.0,3.42093107974506e-06,-0.027525661513209343,-89.60430908203125,0.0,0.0,0.0
S2_k0.95_csqrt,190,22925,380.07021880018874,106.44256591796875,-16.58832550048828,-0.004398155026137829,0.0,0.0,0.0,0.0,0.0,0.0,0.0,3.42093107974506e-06,-0.027525661513209343,-89.60430908203125,0.0,0.0,0.0
S2_k0.95_csqrt,191,22926,380.1202188009338,106.44256591796875,-16.58832550048828,-0.004398155026137829,0.0,0.0,0.0,0.0,0.0,0.0,0.0,3.42093107974506e-06,-0.027525661513209343,-89.60430908203125,0.0,0.0,0.0
S2_k0.95_csqrt,192,22927,380.17021880167886,106.44256591796875,-16.58832550048828,-0.004398155026137829,0.0,0.0,0.0,0.0,0.0,0.0,0.0,3.42093107974506e-06,-0.027525661513209343,-89.60430908203125,0.0,0.0,0.0
S2_k0.95_csqrt,193,22928,380.2202188024239,106.44256591796875,-16.58832550048828,-0.004398155026137829,0.0,0.0,0.0,0.0,0.0,0.0,0.0,3.42093107974506e-06,-0.027525661513209343,-89.60430908203125,0.0,0.0,0.0
S2_k0.95_csqrt,194,22929,380.270218803169,106.44256591796875,-16.58832550048828,-0.004398155026137829,0.0,0.0,0.0,0.0,0.0,0.0,0.0,3.42093107974506e-06,-0.027525661513209343,-89.60430908203125,0.0,0.0,0.0
S2_k0.95_csqrt,195,22930,380.32021880391403,106.44256591796875,-16.58832550048828,-0.004398155026137829,0.0,0.0,0.0,0.0,0.0,0.0,0.0,3.42093107974506e-06,-0.027525661513209343,-89.60430908203125,0.0,0.0,0.0
S2_k0.95_csqrt,196,22931,380.3702188046591,106.44256591796875,-16.58832550048828,-0.004398155026137829,0.0,0.0,0.0,0.0,0.0,0.0,0.0,3.42093107974506e-06,-0.027525661513209343,-89.60430908203125,0.0,0.0,0.0
S2_k0.95_csqrt,197,22932,380.42021880540415,106.44256591796875,-16.58832550048828,-0.004398155026137829,0.0,0.0,0.0,0.0,0.0,0.0,0.0,3.42093107974506e-06,-0.027525661513209343,-89.60430908203125,0.0,0.0,0.0
S2_k0.95_csqrt,198,22933,380.4702188061492,106.44256591796875,-16.58832550048828,-0.004398155026137829,0.0,0.0,0.0,0.0,0.0,0.0,0.0,3.42093107974506e-06,-0.027525661513209343,-89.60430908203125,0.0,0.0,0.0
S2_k0.95_csqrt,199,22934,380.52021880689426,106.44256591796875,-16.58832550048828,-0.004398155026137829,0.0,0.0,0.0,0.0,0.0,0.0,0.0,3.42093107974506e-06,-0.027525661513209343,-89.60430908203125,0.0,0.0,0.0
S3_k1.05_csqrt,0,22939,380.77021881061955,106.41629028320312,-12.711931228637695,0.48239871859550476,0.0,0.0,-1.470000147819519,1.470000147819519,0.0,0.0,-9.80000114440918,0.0,0.0,-89.6092529296875,0.0,0.0,0.0
S3_k1.05_csqrt,1,22940,380.8202188113646,106.41629028320312,-12.711931228637695,0.3941987156867981,0.0,0.0,-1.9600002765655518,1.9600002765655518,0.0,0.0,-9.800003051757812,0.0,0.0,-89.6092529296875,0.0,0.0,0.0
S3_k1.05_csqrt,2,22941,380.87021881210967,106.41629028320312,-12.711931228637695,0.28149881958961487,0.0,0.0,-2.450000286102295,2.450000286102295,0.0,0.0,-9.800000190734863,0.0,0.0,-89.6092529296875,0.0,0.0,0.0
S3_k1.05_csqrt,3,22942,380.9202188128547,106.41629028320312,-12.711931228637695,0.14429865777492523,0.0,0.0,-2.93999981880188,2.93999981880188,0.0,0.0,-9.7999906539917,0.0,0.0,-89.6092529296875,0.0,0.0,0.0
S3_k1.05_csqrt,4,22943,380.9702188135998,106.41629028320312,-12.711931228637695,0.011329536326229572,-4.8128681595649425e-11,7.056988771125816e-09,-2.082118272781372,2.082118272781372,-9.625735764018373e-10,1.4113977897523e-07,17.157630920410156,0.0,0.0,-89.6092529296875,-2.176862835767679e-06,9.243465797226236e-07,-3.1030325531311576e-10
S3_k1.05_csqrt,5,22944,381.02021881434484,106.41629028320312,-12.711931228637695,-0.05772857367992401,2.5283773297246626e-08,9.427896685565429e-09,-0.9914951920509338,0.9914951920509343,5.066380595053488e-07,4.7418158288792256e-08,21.812461853027344,0.0,0.0,-89.6092529296875,-2.862573637685273e-06,4.19876278101583e-06,-4.056817035080762e-11
S3_k1.05_csqrt,6,22945,381.0702188150899,106.41629028320312,-12.711931228637695,-0.08708099275827408,4.822997468068024e-08,1.7544102837163678e-09,-0.3653944432735443,0.3653944432735475,4.589240347740997e-07,-1.5346972759289201e-07,12.522015571594238,0.0,0.0,-89.6092529296875,-4.817210310648079e-07,6.686248980258824e-06,-1.3301595935821808e-10
S3_k1.05_csqrt,7,22946,381.12021881583496,106.41629028320312,-12.711931228637695,-0.09423763304948807,4.089236682602859e-08,-6.183395129255587e-09,-0.024046124890446663,0.024046124890482228,-1.4675215709303302e-07,-1.587561087035283e-07,6.826966285705566,0.0,0.0,-89.6092529296875,1.8504297258914448e-06,7.538242698501563e-06,-5.374308553740548e-09
S3_k1.05_csqrt,8,22947,381.17021881658,106.41629028320312,-12.711931228637695,-0.08980747312307358,5.008743286794015e-08,-1.1343205486014085e-08,0.14651532471179962,0.14651532471180861,1.8390132083823119e-07,-1.0319620713516997e-07,3.411228895187378,0.0,0.0,-89.6092529296875,3.5240238958067494e-06,7.272566108440515e-06,-1.0772697317529278e-10
S3_k1.05_csqrt,9,22948,381.2202188173251,106.41629028320312,-12.711931228637695,-0.0800531730055809,6.838251920271432e-08,3.184736030448221e-08,0.2176750749349594,0.21767507493497248,3.6590171248462866e-07,8.638113513370627e-07,1.4231950044631958,0.0,0.0,-89.6092529296875,-9.489725016464945e-06,-2.6136056476389058e-05,-4.419363985874725e-09
S3_k1.05_csqrt,10,22949,381.27021881807013,106.41629028320312,-12.711931228637695,-0.06853725016117096,8.53013801815905e-08,-1.2469993926345069e-08,0.23347382247447968,0.23347382247449558,3.3837721957752365e-07,-8.863470384312677e-07,0.3159749507904053,0.0,0.0,-89.6092529296875,3.9222982195497025e-06,1.0871121958189178e-05,6.568242477689168e-12
S3_k1.05_csqrt,11,22950,381.3202188188152,106.41629028320312,-12.711931228637695,-0.05717384070158005,-2.4239656681857014e-07,-1.428361073863016e-08,0.2205572873353958,0.22055728733552948,-6.553958883159794e-06,-3.627233624570181e-08,-0.25833070278167725,0.0,0.0,-89.6092529296875,3.7216436794551555e-06,2.144348582078237e-05,3.2421110240932194e-09
S3_k1.05_csqrt,12,22951,381.37021881956025,106.41629028320312,-12.711931228637695,-0.046893805265426636,8.968341802528812e-08,-1.3789141384279446e-08,0.19461560249328613,0.19461560249330728,6.641599611612037e-06,9.889387087014256e-09,-0.5188336968421936,0.0,0.0,-89.6092529296875,4.341068688518135e-06,1.0685504093999043e-05,5.313811890506059e-12
S3_k1.05_csqrt,13,22952,381.4202188203053,106.41629028320312,-12.711931228637695,-0.03806037828326225,5.8358068599773105e-08,-1.5330806846236555e-08,0.16454845666885376,0.1645484566688648,-6.265070169320097e-07,-3.083330923914218e-08,-0.6013429164886475,0.0,0.0,-89.6092529296875,4.786222689290298e-06,1.0840480172191747e-05,3.2441098696267545e-09
S3_k1.05_csqrt,14,22953,381.47021882105037,106.41629028320312,-12.711931228637695,-0.030724409967660904,-6.723036705125196e-08,-1.6410547587497604e-08,0.13511435687541962,0.13511435687543732,-2.511768570911954e-06,-2.1594814825220965e-08,-0.5886819958686829,0.0,0.0,-89.6092529296875,4.788884325535037e-06,1.5039413483464159e-05,1.5597868552319483e-09
S3_k1.05_csqrt,15,22954,381.5202188217954,106.41629028320312,-12.711931228637695,-0.024778174236416817,-1.0558954954831279e-07,-1.538239224885274e-08,0.1086043119430542,0.10860431194310662,-7.67183678362926e-07,2.05631067728973e-08,-0.5302008986473083,0.0,0.0,-89.6092529296875,4.442157660378143e-06,1.2323791452217847e-05,2.026032230872943e-09
S3_k1.05_csqrt,16,22955,381.5702188225405,106.41629028320312,-12.711931228637695,-0.020045241340994835,5.094358002111221e-08,-1.5106746076298805e-08,0.08588819205760956,0.08588819205762599,3.1306626624427736e-06,5.512923451078677e-09,-0.4543223977088928,0.0,0.0,-89.6092529296875,4.6954846766311675e-06,6.944880169612588e-06,-6.601034163722375e-10
S3_k1.05_csqrt,17,22956,381.62021882328554,106.41629028320312,-12.711931228637695,-0.016330832615494728,6.195168111844396e-08,-1.373732594345256e-08,0.06705901771783829,0.0670590177178683,2.2016202194663492e-07,2.7388402656924882e-08,-0.3765834867954254,0.0,0.0,-89.6092529296875,4.886391707259463e-06,-7.314696995308623e-05,7.367690013637684e-09
S3_k1.05_csqrt,18,22957,381.6702188240306,106.41629028320312,-12.711931228637695,-0.0134485624730587,6.317689127399717e-08,-1.5568559774692403e-08,0.051819801330566406,0.051819801330607256,2.450420311106427e-08,-3.662467662479685e-08,-0.3047843277454376,0.0,0.0,-89.6092529296875,4.860093213210348e-06,7.415166692226194e-06,-5.945467729251419e-11
S3_k1.05_csqrt,19,22958,381.72021882477566,106.41629028320312,-12.711931228637695,-0.011232567019760609,6.669446150908698e-08,1.2233834922881215e-07,0.03970132768154144,0.039701327681785956,7.035140470179613e-08,2.758138180070091e-06,-0.24236947298049927,0.0,0.0,-89.6092529296875,-3.7216123018879443e-05,-3.7138252082513645e-05,-1.2848849983981836e-08
S3_k1.05_csqrt,20,22959,381.7702188255207,106.41629028320312,-12.711931228637695,-0.009542006999254227,-5.983248740903946e-08,-1.2148702488445906e-08,0.030201664194464684,0.030201664194526395,-2.5305389499408193e-06,-2.6897409952653106e-06,-0.1899932622909546,0.0,0.0,-89.6092529296875,3.5516741263563745e-06,1.2350036740826908e-05,9.034246239991717e-09
S3_k1.05_csqrt,21,22960,381.8202188262658,106.41629028320312,-12.711931228637695,-0.0082605741918087,-3.3228363349735446e-07,-1.3719761327024571e-08,0.022833803668618202,0.022833803671040064,-5.449022864922881e-06,-3.14211767715733e-08,-0.14735721051692963,0.0,0.0,-89.6092529296875,3.3955654998862883e-06,1.9916506062145345e-05,6.843157152047752e-09
S3_k1.05_csqrt,22,22961,381.87021882701083,106.41629028320312,-12.711931228637695,-0.007294807117432356,4.8963137544433266e-08,-1.2749513444987315e-08,0.017172737047076225,0.01717273704715076,7.624935278727207e-06,1.9404957640745124e-08,-0.11322133243083954,0.0,0.0,-89.6092529296875,3.978047516284278e-06,5.771691576228477e-06,-5.605086186855068e-11
S3_k1.05_csqrt,23,22962,381.9202188277559,106.41629028320312,-12.711931228637695,-0.00657043419778347,4.2499863184275455e-08,-1.2337410204565913e-08,0.012856168672442436,0.012856168672518604,-1.2926548720315623e-07,8.24206480842804e-09,-0.08633136749267578,0.0,0.0,-89.6092529296875,3.84084432880627e-06,5.39509164809715e-06,-4.723031965525593e-10
S3_k1.05_csqrt,24,22963,381.97021882850095,106.41629028320312,-12.711931228637695,-0.006029434036463499,1.391506998515979e-08,-8.992752320580166e-09,0.009584874846041203,0.009584874846055521,-5.716958639823133e-07,6.689315767971493e-08,-0.06542587280273438,0.0,0.0,-89.6092529296875,2.7544310796656646e-06,5.258858891465934e-06,-8.022620762160315e-11
S3_k1.05_csqrt,25,22964,382.020218829246,106.41630554199219,-12.71495246887207,-0.005689315497875214,0.0012535357382148504,-0.18286292254924774,0.0071212672628462315,0.18300582570652785,0.0250704362988472,-3.6572580337524414,-0.04927214980125427,0.0,0.016836415976285934,-89.60945892333984,-1.0764641761779785,-0.007597966585308313,-0.0027828204911202192
S3_k1.05_csqrt,26,22965,382.07021882999106,106.41644287109375,-12.736227989196777,-0.0056993099860847,0.0037017911672592163,-0.543829083442688,0.0052660368382930756,0.5438671771673138,0.04896510764956474,-7.21932315826416,-0.03710460662841797,1.5207865544653032e-06,0.10023301839828491,-89.60955810546875,-1.897031545639038,-0.013103638775646687,0.006620716769248247
S3_k1.05_csqrt,27,22966,382.1202188307361,106.4166488647461,-12.764705657958984,-0.005675735417753458,0.00420925160869956,-0.6047646403312683,0.0038750742096453905,0.6047917031460038,0.010149208828806877,-1.2187111377716064,-0.027819253504276276,-0.0001220767298946157,0.15352898836135864,-89.61193084716797,-0.8308312296867371,-0.011837512254714966,0.4546720087528229
S3_k1.05_csqrt,28,22967,382.1702188314812,106.41679382324219,-12.798280715942383,-0.0056169889867305756,0.004360474646091461,-0.6873398423194885,0.002848386764526367,0.6873595753941883,0.0030244607478380203,-1.6515040397644043,-0.020533747971057892,0.00035217672120779753,0.18151909112930298,-89.60417938232422,-0.3025624752044678,-0.02533259242773056,1.0500117540359497
S3_k1.05_csqrt,29,22968,382.22021883222624,106.41704559326172,-12.832637786865234,-0.005485115107148886,0.004219472873955965,-0.6857581734657288,0.002100171986967325,0.6857743704373629,-0.002820035442709923,0.03163337707519531,-0.01496429555118084,0.0007327214116230607,0.17804935574531555,-89.6197509765625,0.2621631920337677,0.021231794729828835,-1.3413031101226807
S3_k1.05_csqrt,30,22969,382.2702188329713,106.41722106933594,-12.866979598999023,-0.005331077612936497,0.004148611333221197,-0.7025286555290222,0.0015463733579963446,0.7025426065983272,-0.0014172308146953583,-0.33540964126586914,-0.011075972579419613,0.0001807872613426298,0.15994936227798462,-89.60547637939453,0.358165442943573,0.004944157786667347,1.3297462463378906
S3_k1.05_csqrt,31,22970,382.32021883371635,106.41752624511719,-12.902506828308105,-0.005197295919060707,0.0035411736462265253,-0.7185884118080139,0.0011362265795469284,0.7185980354178522,-0.012148753739893436,-0.321195125579834,-0.008202935568988323,5.889721433049999e-05,0.14117316901683807,-89.61376953125,0.3919975161552429,0.06551149487495422,-1.0378847122192383
S3_k1.05_csqrt,32,22971,382.3702188344614,106.41769409179688,-12.93857192993164,-0.005077857989817858,0.004562521353363991,-0.7326917052268982,0.0008348941337317228,0.7327063863223893,0.020426955074071884,-0.28206586837768555,-0.0060266489163041115,0.00029097069636918604,0.12162517011165619,-89.59888458251953,0.3615952730178833,-0.011829206719994545,1.2488319873809814
S3_k1.05_csqrt,33,22972,382.42021883520647,106.41797637939453,-12.974898338317871,-0.004971847403794527,0.0049451482482254505,-0.7306826710700989,0.000611372001003474,0.730699660646599,0.007652537897229195,0.04018068313598633,-0.004470442421734333,0.0002638764854054898,0.10228890925645828,-89.61577606201172,0.3882809579372406,0.0014675742713734508,-1.4458324909210205
S3_k1.05_csqrt,34,22973,382.4702188359515,106.41818237304688,-13.011563301086426,-0.004884414374828339,0.005307170562446117,-0.738114058971405,0.00044683454325422645,0.7381332737194082,0.007240446284413338,-0.14862775802612305,-0.003290749154984951,1.1442580216680653e-05,0.08547298610210419,-89.6076431274414,0.3247736692428589,-0.022933855652809143,1.1538503170013428
S3_k1.05_csqrt,35,22974,382.5202188366966,106.41844177246094,-13.048870086669922,-0.004818000830709934,0.0036427732557058334,-0.7519233822822571,0.0003250217414461076,0.7519322763779424,-0.03328794613480568,-0.276186466217041,-0.0024362560361623764,0.0006985373911447823,0.0725092813372612,-89.62311553955078,0.23856540024280548,0.04563109576702118,-1.1726378202438354
S3_k1.05_csqrt,36,22975,382.57021883744164,106.41863250732422,-13.086661338806152,-0.004765205085277557,0.004819056950509548,-0.7639054656028748,0.0002374172181589529,0.7639207027269077,0.023525673896074295,-0.23964166641235352,-0.0017520904075354338,0.0007334352703765035,0.06188834086060524,-89.615966796875,0.17269089818000793,-0.023464620113372803,1.09110689163208
S3_k1.05_csqrt,37,22976,382.6202188381867,106.4189224243164,-13.124550819396973,-0.0047177886590361595,0.005648548249155283,-0.762272298336029,0.00017035483324434608,0.7622932453646591,0.016589825972914696,0.03266334533691406,-0.0013412476982921362,0.00032231633667834103,0.0517045296728611,-89.63150024414062,0.18734832108020782,-0.029301166534423828,-1.3210515975952148
S3_k1.05_csqrt,38,22977,382.67021883893176,106.4190902709961,-13.162792205810547,-0.0046814726665616035,0.004620240069925785,-0.7679935097694397,0.00012443542073015124,0.7680074173798455,-0.020566163584589958,-0.11442422866821289,-0.0009183882502838969,0.00029283275944180787,0.04380883276462555,-89.6163330078125,0.15709245204925537,0.001109009375795722,1.412979245185852
S3_k1.05_csqrt,39,22978,382.7202188396768,106.41936492919922,-13.201395988464355,-0.004653205629438162,0.004177744034677744,-0.7745828032493591,8.75377663760446e-05,0.77459407453047,-0.008849920704960823,-0.13178586959838867,-0.0007379531161859632,0.0001720837753964588,0.037538718432188034,-89.6241683959961,0.12028482556343079,0.03110986202955246,-1.0853172540664673
S3_k1.05_csqrt,40,22979,382.7702188404219,106.41958618164062,-13.240213394165039,-0.004629478324204683,0.005692556966096163,-0.7817762494087219,6.492614920716733e-05,0.7817969772004656,0.030296258628368378,-0.14386892318725586,-0.0004522323433775455,-9.155389852821827e-05,0.032095056027173996,-89.6112060546875,0.07954730838537216,-0.034548208117485046,1.177428126335144
S3_k1.05_csqrt,41,22980,382.82021884116693,106.41989135742188,-13.279196739196777,-0.0046091461554169655,0.005777515470981598,-0.7824447751045227,4.444122168933973e-05,0.7824661064534404,0.001699170097708702,-0.013370513916015625,-0.000409698550356552,-0.0002136235125362873,0.027348075062036514,-89.62359619140625,0.08861658722162247,-0.019492043182253838,-1.3009799718856812
S3_k1.05_csqrt,42,22981,382.870218841912,106.42009735107422,-13.318340301513672,-0.0045920563861727715,0.00445822486653924,-0.7823053002357483,3.2634732633596286e-05,0.782318004145968,-0.02638581208884716,0.0027894973754882812,-0.00023612978111486882,2.2464086214313284e-05,0.02323630265891552,-89.60995483398438,0.09708932042121887,0.020932290703058243,1.30803382396698
S3_k1.05_csqrt,43,22982,382.92021884265705,106.42037963867188,-13.357710838317871,-0.004579353146255016,0.003854022128507495,-0.7892162203788757,2.3136139134294353e-05,0.7892256309389388,-0.0120840547606349,-0.13821840286254883,-0.00018997187726199627,0.0003601198841352016,0.020121736451983452,-89.62060546875,0.05555710941553116,0.03669210895895958,-1.1270551681518555
S3_k1.05_csqrt,44,22983,382.9702188434021,106.42059326171875,-13.39730453491211,-0.0045699309557676315,0.0058147660456597805,-0.796424925327301,1.6517638869117945e-05,0.796446152266175,0.039214879274368286,-0.14417409896850586,-0.00013237001257948577,-3.0517407139996067e-05,0.01785411313176155,-89.60796356201172,0.022075463086366653,-0.037109918892383575,1.1819260120391846
S3_k1.05_csqrt,45,22984,383.02021884414717,106.42090606689453,-13.43704605102539,-0.004561347886919975,0.00582616264000535,-0.7966075539588928,1.0471343557583168e-05,0.7966288591967574,0.0002279318869113922,-0.0036525726318359375,-0.00012092590623069555,-0.00021362266852520406,0.01576407626271248,-89.62033081054688,0.04169124737381935,-0.020000435411930084,-1.3024803400039673
S3_k1.05_csqrt,46,22985,383.0702188448922,106.42111206054688,-13.476908683776855,-0.004553451668471098,0.004613855853676796,-0.7962648868560791,1.1405944860598538e-05,0.7962782540267307,-0.024246135726571083,0.006853342056274414,1.86920260603074e-05,-3.0517821869580075e-05,0.013776490464806557,-89.60674285888672,0.05652337893843651,0.0201148372143507,1.2973930835723877
S3_k1.05_csqrt,47,22986,383.1202188456373,106.42138671875,-13.5169677734375,-0.004548034630715847,0.004020115360617638,-0.8025949001312256,8.115768650895916e-06,0.8026049682814269,-0.011874809861183167,-0.1266002655029297,-6.580352783203125e-05,0.00029194512171670794,0.012383132241666317,-89.61734008789062,0.022535033524036407,0.035179462283849716,-1.1225215196609497
S3_k1.05_csqrt,48,22987,383.17021884638234,106.4216079711914,-13.557215690612793,-0.0045442963019013405,0.005915770307183266,-0.8088338375091553,4.5967099140398204e-06,0.8088554710572488,0.03791309893131256,-0.12477874755859375,-7.038117473712191e-05,-9.155304724117741e-05,0.011447396129369736,-89.60491180419922,-0.0010536033660173416,-0.03491287678480148,1.1865538358688354
S3_k1.05_csqrt,49,22988,383.2202188471274,106.42192077636719,-13.597583770751953,-0.0045404816046357155,0.005959362257272005,-0.8089210391044617,1.5640258652638295e-06,0.8089429902698964,0.0008718390017747879,-0.0017440319061279297,-6.065368506824598e-05,-0.0003051765379495919,0.010463849641382694,-89.61724853515625,0.020151127129793167,-0.01960350014269352,-1.2955824136734009
S3_k1.05_csqrt,50,22989,383.27021884787246,106.42212677001953,-13.638070106506348,-0.004536590538918972,0.0048331511206924915,-0.8085730075836182,1.4209747405402595e-06,0.808587452255223,-0.02252422273159027,0.006960630416870117,-2.861022494471399e-06,-0.00012207002873765305,0.009452980943024158,-89.60370635986328,0.03749052807688713,0.018378300592303276,1.2935700416564941
S3_k1.05_csqrt,51,22990,383.3202188486175,106.42240142822266,-13.67873477935791,-0.004534263629466295,0.004253222607076168,-0.8145304918289185,2.155303945983178e-06,0.8145415962529172,-0.01159857027232647,-0.11914968490600586,1.468658410885837e-05,0.00019136826449539512,0.008845094591379166,-89.6143798828125,0.008219758979976177,0.0333583764731884,-1.1279207468032837
S3_k1.05_csqrt,52,22991,383.3702188493626,106.42262268066406,-13.719575881958008,-0.004532966297119856,0.006079759914427996,-0.8203184604644775,1.8787383169183158e-06,0.8203409901150602,0.0365307480096817,-0.11575937271118164,-5.531312581297243e-06,-0.00015258743951562792,0.008524075150489807,-89.60192108154297,-0.011118140071630478,-0.03339873626828194,1.1876811981201172
S3_k1.05_csqrt,53,22992,383.42021885010763,106.42293548583984,-13.760528564453125,-0.004531173501163721,0.00606858404353261,-0.8203948736190796,1.9359588350198464e-06,0.8204173184279491,-0.00022351741790771484,-0.0015282630920410156,1.1444103620306123e-06,-0.00033569353399798274,0.008052792400121689,-89.61425018310547,0.010649001225829124,-0.017467880621552467,-1.2903332710266113
S3_k1.05_csqrt,54,22993,383.4702188508527,106.42314147949219,-13.801581382751465,-0.004528999328613281,0.005032314453274012,-0.8199577927589417,2.0027160019253643e-07,0.8199732349869185,-0.020725391805171967,0.008741617202758789,-3.4713742934400216e-05,-0.00018310525047127157,0.007444905582815409,-89.60079193115234,0.028929704800248146,0.017219053581357002,1.2892011404037476
S3_k1.05_csqrt,55,22994,383.52021885159775,106.42343139648438,-13.842804908752441,-0.004527854733169079,0.004464161116629839,-0.8255016803741455,4.768371297814156e-08,0.8255137509666421,-0.011363066732883453,-0.11087775230407715,-3.0517576306010596e-06,0.00014695286517962813,0.007151207886636257,-89.61156463623047,0.0026840041391551495,0.03191769868135452,-1.1325300931930542
S3_k1.05_csqrt,56,22995,383.5702188523428,106.42366790771484,-13.884185791015625,-0.004527549725025892,0.006221074145287275,-0.8308544754981995,1.4019011587151908e-06,0.830877765511194,0.03513826057314873,-0.1070559024810791,2.708435022213962e-05,-0.0001831058762036264,0.00706241512671113,-89.5991439819336,-0.014302534982562065,-0.032156381756067276,1.187827706336975
S3_k1.05_csqrt,57,22996,383.62021885308786,106.42398834228516,-13.925667762756348,-0.004526443313807249,0.006156985182315111,-0.8308394551277161,7.629394360719743e-08,0.8308622681669093,-0.001281779259443283,0.00030040740966796875,-2.6512143449508585e-05,-0.0003356933011673391,0.006789207458496094,-89.61144256591797,0.007025009486824274,-0.015378937125205994,-1.2857787609100342
S3_k1.05_csqrt,58,22997,383.6702188538329,106.42420959472656,-13.967242240905762,-0.004524765070527792,0.005201610270887613,-0.8303202390670776,1.9931792394345393e-06,0.8303365318699352,-0.019107498228549957,0.010384321212768555,3.833770824712701e-05,-0.0001831056724768132,0.006345245521515608,-89.59805297851562,0.025022437795996666,0.016141947358846664,1.2849617004394531
S3_k1.05_csqrt,59,22998,383.720218854578,106.42449951171875,-14.008965492248535,-0.004524001851677895,0.004653216805309057,-0.8353931903839111,8.583068478174027e-08,0.8354061497059105,-0.010967869311571121,-0.10145902633666992,-3.814696901827119e-05,0.00013484912051353604,0.006160830147564411,-89.60892486572266,0.001023087534122169,0.03040594607591629,-1.1372381448745728
S3_k1.05_csqrt,60,22999,383.77021885532304,106.42474365234375,-14.050833702087402,-0.004524116404354572,0.006349508184939623,-0.8403694033622742,4.386901650832442e-07,0.8403933902416462,0.03392582759261131,-0.09952425956726074,7.057189577608369e-06,-0.0001831056724768132,0.0061540002934634686,-89.5965576171875,-0.014909468591213226,-0.031382568180561066,1.1873633861541748
S3_k1.05_csqrt,61,23000,383.8202188560681,106.42507934570312,-14.092793464660645,-0.004523429553955793,0.006236860994249582,-0.8402912020683289,8.773803301664884e-07,0.8403143475564775,-0.0022529438138008118,0.00156402587890625,8.77380352903856e-06,-0.0003051758976653218,0.005962754599750042,-89.60887908935547,0.00525018060579896,-0.013630982488393784,-1.2816686630249023
S3_k1.05_csqrt,62,23001,383.87021885681315,106.42530059814453,-14.134833335876465,-0.004521904047578573,0.005358053371310234,-0.8396579027175903,-1.907348590179936e-08,0.8396749980391417,-0.017576152458786964,0.012665987014770508,-1.792907642084174e-05,-0.00015258784696925431,0.005593924783170223,-89.59557342529297,0.022873887792229652,0.014872954227030277,1.2809427976608276
S3_k1.05_csqrt,63,23002,383.9202188575582,106.42561340332031,-14.177010536193848,-0.004521522205322981,0.004821895621716976,-0.844397246837616,-8.392333938900265e-07,0.8444110143437477,-0.010723154991865158,-0.0947868824005127,-1.640319896978326e-05,0.00013352552196010947,0.005464151035994291,-89.6065444946289,5.236033302935539e-06,0.029049446806311607,-1.1407506465911865
S3_k1.05_csqrt,64,23003,383.97021885830327,106.42587280273438,-14.219319343566895,-0.004521484486758709,0.006458951625972986,-0.8490175604820251,1.2493132999225054e-06,0.8490421285569502,0.03274112194776535,-0.0924062728881836,4.1770937968976796e-05,-0.00018310546875,0.005498302169144154,-89.59420776367188,-0.014882387593388557,-0.03054707497358322,1.1869988441467285
S3_k1.05_csqrt,65,23004,384.0202188590483,106.42621612548828,-14.261710166931152,-0.004521102644503117,0.006303924135863781,-0.8488048911094666,8.773803301664884e-07,0.8488282998531764,-0.003100549802184105,0.004253387451171875,-7.4386593951203395e-06,-0.00027465829043649137,0.005334377288818359,-89.60657501220703,0.004613138735294342,-0.0120566850528121,-1.278100609779358
S3_k1.05_csqrt,66,23005,384.0702188597934,106.42646026611328,-14.30417251586914,-0.004519767593592405,0.005496131721884012,-0.8481059670448303,1.0013579867518274e-06,0.8481237756377036,-0.016155848279595375,0.01397848129272461,2.47955313170678e-06,-0.00015258784696925431,0.0050065284594893456,-89.59332275390625,0.02131890319287777,0.013822239823639393,1.277357578277588
S3_k1.05_csqrt,67,23006,384.12021886053844,106.42678833007812,-14.346757888793945,-0.004519348032772541,0.004974042531102896,-0.8524118661880493,-2.546310270190588e-06,0.8524263784772136,-0.01044178381562233,-0.08611798286437988,-7.095336331985891e-05,0.00013392051914706826,0.0048904153518378735,-89.60432434082031,9.547590161673725e-05,0.027779128402471542,-1.144447922706604
S3_k1.05_csqrt,68,23007,384.1702188612835,106.42704010009766,-14.3894624710083,-0.004519462585449219,0.0065544163808226585,-0.8566849231719971,-8.48770127959142e-07,0.8567099964194559,0.031607478857040405,-0.08546113967895508,3.395080420887098e-05,-0.00015258806524798274,0.0049245660193264484,-89.5920639038086,-0.01421972643584013,-0.029685478657484055,1.1868129968643188
S3_k1.05_csqrt,69,23008,384.22021886202856,106.42739868164062,-14.432235717773438,-0.0045188902877271175,0.006361973937600851,-0.8563991189002991,-1.163482693300466e-06,0.856422749328242,-0.0038488488644361496,0.005716085433959961,-6.294251306826482e-06,-0.0002746580867096782,0.004781132098287344,-89.60436248779297,0.004092453513294458,-0.010444756597280502,-1.2743518352508545
S3_k1.05_csqrt,70,23009,384.2702188627736,106.42765045166016,-14.475071907043457,-0.004517936613410711,0.005620083771646023,-0.8555991053581238,5.531310875994677e-07,0.8556175631855204,-0.014837803319096565,0.01600027084350586,3.4332275390625e-05,-0.00012207023974042386,0.004473773762583733,-89.59124755859375,0.020031416788697243,0.012728661298751831,1.273772120475769
S3_k1.05_csqrt,71,23010,384.3202188635187,106.42798614501953,-14.518022537231445,-0.004517517052590847,0.005108112469315529,-0.8596088290214539,1.6307830037476378e-06,0.8596240060324594,-0.010239426046609879,-0.08019447326660156,2.1553038095589727e-05,0.00013709694030694664,0.004378151148557663,-89.60234832763672,-0.00015380597324110568,0.026672713458538055,-1.1477956771850586
S3_k1.05_csqrt,72,23011,384.37021886426373,106.42825317382812,-14.561080932617188,-0.004517745692282915,0.0066404459066689014,-0.8635661602020264,9.346007914246002e-07,0.8635916908868362,0.03064666874706745,-0.0791466236114502,-1.3923644473834429e-05,-0.00015258784696925431,0.004425962455570698,-89.590087890625,-0.013797078281641006,-0.028976889327168465,1.1863056421279907
S3_k1.05_csqrt,73,23012,384.4202188650088,106.4286117553711,-14.60420036315918,-0.004517097491770983,0.006415570620447397,-0.8631681799888611,-1.201629629576928e-06,0.8631920217964905,-0.004497505724430084,0.007959604263305664,-4.272460864740424e-05,-0.00024414047948084772,0.004289358388632536,-89.60240936279297,0.0037569941487163305,-0.009184686467051506,-1.2709957361221313
S3_k1.05_csqrt,74,23013,384.47021886575385,106.42886352539062,-14.647370338439941,-0.004516182001680136,0.005730686243623495,-0.8622995018959045,2.670288097306184e-07,0.8623185442368843,-0.013697687536478043,0.01737356185913086,2.937316821771674e-05,-0.00012207023974042386,0.004009320866316557,-89.58931732177734,0.01904197596013546,0.0118331890553236,1.2708364725112915
S3_k1.05_csqrt,75,23014,384.5202188664989,106.42919921875,-14.690641403198242,-0.004515724256634712,0.005233686417341232,-0.865943968296051,-1.5830993334020604e-06,0.8659597841149054,-0.009939996525645256,-0.07288932800292969,-3.700256274896674e-05,0.00013676552043762058,0.003913698252290487,-89.60045623779297,5.330748899723403e-05,0.025614559650421143,-1.151096224784851
S3_k1.05_csqrt,76,23015,384.57021886724397,106.42947387695312,-14.734009742736816,-0.004516029264777899,0.006718815304338932,-0.8696308135986328,-2.670288097306184e-07,0.8696567681789092,0.029702577739953995,-0.07373690605163574,2.632141149661038e-05,-0.00015258784696925431,0.003961509559303522,-89.58824920654297,-0.013132118619978428,-0.028375746682286263,1.186298131942749
S3_k1.05_csqrt,77,23016,384.620218867989,106.4298324584961,-14.777430534362793,-0.00451534241437912,0.006461601238697767,-0.8691831827163696,4.863738922722405e-07,0.8692072005038629,-0.005144281312823296,0.008952617645263672,1.5068053471622989e-05,-0.00021362307597883046,0.00383856613188982,-89.60057830810547,0.003274388611316681,-0.0077916597947478294,-1.2675137519836426
S3_k1.05_csqrt,78,23017,384.6702188687341,106.4300765991211,-14.820895195007324,-0.004514503292739391,0.005831789691001177,-0.8682314157485962,2.8610228852699038e-08,0.8682510011879125,-0.012596230953931808,0.01903533935546875,-9.155272891803179e-06,-0.00012207044346723706,0.0035721887834370136,-89.5875473022461,0.01797044277191162,0.011107007041573524,1.2681654691696167
S3_k1.05_csqrt,79,23018,384.72021886947914,106.43040466308594,-14.86445140838623,-0.0045141601003706455,0.00534770917147398,-0.8715965151786804,-1.7929077102962765e-06,0.8716129205491489,-0.009681610390543938,-0.06730198860168457,-3.643035961431451e-05,0.00013664150901604444,0.00349022657610476,-89.5987548828125,-1.784920459613204e-05,0.024575654417276382,-1.1537896394729614
S3_k1.05_csqrt,80,23019,384.7702188702242,106.43067932128906,-14.908099174499512,-0.004514465108513832,0.006788345519453287,-0.8750540614128113,-3.814697180359872e-08,0.8750803917526372,0.028812726959586143,-0.06915092468261719,3.509521411615424e-05,-0.00015258784696925431,0.0035448679700493813,-89.5865478515625,-0.012827862054109573,-0.02774236351251602,1.1861493587493896
S3_k1.05_csqrt,81,23020,384.82021887096926,106.4310531616211,-14.951790809631348,-0.004514007363468409,0.006502935662865639,-0.8745319843292236,-1.1062621751989354e-06,0.8745561615975663,-0.005708197131752968,0.01044154167175293,-2.136230432370212e-05,-0.00021362297411542386,0.0034424150362610817,-89.59888458251953,0.0029086132999509573,-0.00680333748459816,-1.2644652128219604
S3_k1.05_csqrt,82,23021,384.8702188717143,106.43131256103516,-14.99552059173584,-0.004513130057603121,0.0059219663962721825,-0.8735132217407227,-1.1920928955078125e-06,0.8735332954405782,-0.011619385331869125,0.02037525177001953,-1.7166144061775412e-06,-9.15528362384066e-05,0.0031965284142643213,-89.58586883544922,0.017159612849354744,0.01040300726890564,1.265498399734497
S3_k1.05_csqrt,83,23022,384.9202188724594,106.43167114257812,-15.039332389831543,-0.004512939136475325,0.005454108584672213,-0.8766334056854248,1.8596648487800849e-06,0.8766503723078763,-0.009357156231999397,-0.06240367889404297,6.103515261202119e-05,0.00013489174307323992,0.003121396293863654,-89.59713745117188,-5.774310920969583e-05,0.023482535034418106,-1.1567221879959106
S3_k1.05_csqrt,84,23023,384.97021887320443,106.43195343017578,-15.083224296569824,-0.004513053689152002,0.006851253565400839,-0.8798390030860901,-1.0108947208209429e-06,0.8798656778326817,0.027942899614572525,-0.06411194801330566,-5.7411190937273204e-05,-0.00012207044346723706,0.0031760376878082752,-89.5849609375,-0.012294263578951359,-0.027150141075253487,1.1860826015472412
S3_k1.05_csqrt,85,23024,385.0202188739495,106.43231201171875,-15.127156257629395,-0.004512786865234375,0.006537116132676601,-0.8792848587036133,-2.8610227786884934e-07,0.8793091587336317,-0.006282748654484749,0.011082887649536133,1.449584942747606e-05,-0.00018310546875,0.0030804150737822056,-89.59728240966797,0.0024563532788306475,-0.005655473098158836,-1.2612231969833374
S3_k1.05_csqrt,86,23025,385.07021887469455,106.43257904052734,-15.171121597290039,-0.004511871375143528,0.00600902596488595,-0.8782328367233276,-1.3351440202313825e-06,0.8782533938983283,-0.010561803355813026,0.02104043960571289,-2.09808349609375e-05,-9.15528362384066e-05,0.0028550189454108477,-89.58434295654297,0.016161244362592697,0.009601389057934284,1.263183832168579
S3_k1.05_csqrt,87,23026,385.1202188754396,106.43292999267578,-15.215160369873047,-0.004511565901339054,0.005547699052840471,-0.8811114430427551,1.182556161438697e-06,0.8811289077241001,-0.009226538240909576,-0.057572126388549805,5.035399954067543e-05,0.00013423619384411722,0.0027935472317039967,-89.59562683105469,-0.00010812242544488981,0.022678649052977562,-1.15934157371521
S3_k1.05_csqrt,88,23027,385.17021887618466,106.43321228027344,-15.259273529052734,-0.004511871375143528,0.0069090742617845535,-0.8840861320495605,1.0681152389224735e-06,0.8841131286157042,0.027227504178881645,-0.0594937801361084,-2.28881845032447e-06,-0.00012207034160383046,0.0028481886256486177,-89.58349609375,-0.011751336045563221,-0.026611901819705963,1.1863423585891724
S3_k1.05_csqrt,89,23028,385.2202188769297,106.43357849121094,-15.30341625213623,-0.004511451814323664,0.006569583900272846,-0.8834828734397888,1.535415663056483e-06,0.8835072988359554,-0.006789807230234146,0.01206517219543457,9.34600848268019e-06,-0.00018310546875,0.002759396331384778,-89.59575653076172,0.0022338919807225466,-0.004573609214276075,-1.2585662603378296
S3_k1.05_csqrt,90,23029,385.2702188776748,106.43384552001953,-15.347586631774902,-0.004510688595473766,0.0060855913907289505,-0.88237464427948,-2.8610227786884934e-07,0.8823956296865911,-0.009679850190877914,0.022164583206176758,-3.643035961431451e-05,-9.155252337222919e-05,0.0025408302899450064,-89.58284759521484,0.015425805002450943,0.008884351700544357,1.2613102197647095
S3_k1.05_csqrt,91,23030,385.32021887841984,106.43419647216797,-15.391824722290039,-0.0045103454031050205,0.005637238267809153,-0.8849970698356628,-9.91821252682712e-07,0.8850150236430909,-0.008967062458395958,-0.05244851112365723,-1.411438006471144e-05,0.0001312595559284091,0.0024793585762381554,-89.59420776367188,0.0001208289759233594,0.021854057908058167,-1.1618989706039429
S3_k1.05_csqrt,92,23031,385.3702188791649,106.4344711303711,-15.436127662658691,-0.004510803148150444,0.006960539147257805,-0.8878059387207031,1.3923644246460753e-06,0.8878332241670774,0.026466017588973045,-0.056177377700805664,4.76837158203125e-05,-0.00012207044346723706,0.0025408302899450064,-89.5820541381836,-0.011382603086531162,-0.026082338765263557,1.1863971948623657
S3_k1.05_csqrt,93,23032,385.42021887990995,106.43484497070312,-15.480460166931152,-0.0045104981400072575,0.006598464213311672,-0.8872106671333313,1.3160705520931515e-06,0.8872352042197589,-0.007241498678922653,0.011905431747436523,-1.5258774510584772e-06,-0.00015258784696925431,0.002465698169544339,-89.59435272216797,0.0017424685647711158,-0.0037344074808061123,-1.2557528018951416
S3_k1.05_csqrt,94,23033,385.470218880655,106.43510437011719,-15.524816513061523,-0.00450973492115736,0.006155099719762802,-0.8860801458358765,-6.294250169958104e-07,0.8861015235837734,-0.008867289870977402,0.02261042594909668,-3.890991138177924e-05,-9.1552734375e-05,0.00226762262172997,-89.58147430419922,0.014513494446873665,0.00831612665206194,1.2591770887374878
S3_k1.05_csqrt,95,23034,385.52021888140007,106.43545532226562,-15.569231986999512,-0.0045095826499164104,0.005717155057936907,-0.8884990215301514,1.449584942747606e-06,0.8885174152058553,-0.008758893236517906,-0.04837751388549805,4.158019874012098e-05,0.00013010480324737728,0.002219811314716935,-89.59282684326172,0.00013163454423192888,0.02114180475473404,-1.164292812347412
S3_k1.05_csqrt,96,23035,385.5702188821451,106.43573760986328,-15.613706588745117,-0.004509696736931801,0.007010694593191147,-0.8911253809928894,1.0108947208209429e-06,0.891152957964806,0.0258707907050848,-0.05252718925476074,-8.773804438533261e-06,-0.00012207034160383046,0.002281283028423786,-89.5806884765625,-0.010902265086770058,-0.02576225809752941,1.1867254972457886
S3_k1.05_csqrt,97,23036,385.6202188828902,106.43611145019531,-15.658205032348633,-0.0045094299130141735,0.006624077446758747,-0.8905074596405029,1.6021728015402914e-06,0.8905320960414451,-0.007732342928647995,0.012358427047729492,1.182556115963962e-05,-0.00015258784696925431,0.002206150908023119,-89.59298706054688,0.0014939371030777693,-0.0028033838607370853,-1.2531458139419556
S3_k1.05_csqrt,98,23037,385.67021888363524,106.43637084960938,-15.70272159576416,-0.004508743062615395,0.006217802409082651,-0.8893367648124695,-1.926422100950731e-06,0.8893585004471589,-0.00812550075352192,0.023413896560668945,-7.05718994140625e-05,-6.103522173361853e-05,0.002028566086664796,-89.58013916015625,0.013940902426838875,0.007811598014086485,1.2577873468399048
S3_k1.05_csqrt,99,23038,385.7202188843803,106.43672943115234,-15.747294425964355,-0.004508476238697767,0.005797544028609991,-0.8915529251098633,4.1007993445418833e-07,0.8915717748946999,-0.008405167609453201,-0.04432320594787598,4.673004150390625e-05,0.0001270385255338624,0.001973924459889531,-89.59153747558594,0.0003325381549075246,0.020151203498244286,-1.1669819355010986
S3_k1.05_csqrt,100,23039,385.77021888512536,106.43699645996094,-15.791919708251953,-0.004508743062615395,0.007056291680783033,-0.8940358757972717,-4.386901650832442e-07,0.8940637217028053,0.025174953043460846,-0.049659013748168945,-1.697540210443549e-05,-0.00012207034160383046,0.002035396173596382,-89.57943725585938,-0.010515568777918816,-0.025277243927121162,1.1868101358413696
S3_k1.05_csqrt,101,23040,385.8202188858704,106.43737030029297,-15.836566925048828,-0.004508704878389835,0.006645808462053537,-0.8934244513511658,-7.343292054429185e-07,0.8934491686955588,-0.00820966437458992,0.01222848892211914,-5.91278057981981e-06,-0.0001525879488326609,0.001980754779651761,-89.59170532226562,0.0011358123738318682,-0.0018525919876992702,-1.2504942417144775
S3_k1.05_csqrt,102,23041,385.8702188866155,106.43763732910156,-15.881227493286133,-0.004508018493652344,0.006282854359596968,-0.8922353982925415,-1.0108947208209429e-06,0.8922575190079242,-0.007259082049131393,0.02378106117248535,-5.531310307560489e-06,-6.103506893850863e-05,0.0018100000452250242,-89.57887268066406,0.013198759406805038,0.007138794753700495,1.2560124397277832
S3_k1.05_csqrt,103,23042,385.92021888736053,106.43798828125,-15.925936698913574,-0.004507827572524548,0.005863852798938751,-0.8942700028419495,-8.48770127959142e-07,0.8942892276849298,-0.00838003121316433,-0.04069209098815918,3.2424918572360184e-06,0.00012409972259774804,0.0017621887382119894,-89.59033203125,0.00040003962931223214,0.019548503682017326,-1.1690702438354492
S3_k1.05_csqrt,104,23043,385.9702188881056,106.43827056884766,-15.970696449279785,-0.004508018493652344,0.0070954435504972935,-0.8966382145881653,-1.1253356433371664e-06,0.8966662886382522,0.024631815031170845,-0.047364234924316406,-5.531310307560489e-06,-0.00012207034160383046,0.0018236604519188404,-89.57823944091797,-0.01026137825101614,-0.024920504540205002,1.1869934797286987
S3_k1.05_csqrt,105,23044,386.02021888885065,106.43863677978516,-16.015472412109375,-0.004507789388298988,0.006664710585027933,-0.896023690700531,-1.2111663636460435e-06,0.896048476738424,-0.008614659309387207,0.012290477752685547,-1.7166144061775412e-06,-0.00012207023974042386,0.0017826792318373919,-89.59044647216797,0.0007246470195241272,-0.001023606164380908,-1.2477360963821411
S3_k1.05_csqrt,106,23045,386.0702188895957,106.43890380859375,-16.060258865356445,-0.004507331643253565,0.0063380408100783825,-0.8948253393173218,-1.1444091114753974e-06,0.8948477851830332,-0.006533395498991013,0.02396702766418457,1.335145043412922e-06,-6.103517080191523e-05,0.0016187547007575631,-89.57766723632812,0.012443277053534985,0.0066461870446801186,1.2549049854278564
S3_k1.05_csqrt,107,23046,386.12021889034077,106.43925476074219,-16.105093002319336,-0.004507103003561497,0.005937546957284212,-0.8966788053512573,-8.106231348392612e-07,0.8966984634929878,-0.008009877055883408,-0.03706932067871094,6.675719305349048e-06,0.00011847927089547738,0.0015777735970914364,-89.5891342163086,0.0004996909992769361,0.01873478665947914,-1.1714946031570435
S3_k1.05_csqrt,108,23047,386.1702188910858,106.43953704833984,-16.14997100830078,-0.004507369827479124,0.007138844579458237,-0.8989126682281494,1.0108947208209429e-06,0.898941014863602,0.02402595244348049,-0.0446772575378418,3.6430355976335704e-05,-0.00012207029067212716,0.0016392453107982874,-89.57701873779297,-0.009837456047534943,-0.024603446945548058,1.1872421503067017
S3_k1.05_csqrt,109,23048,386.2202188918309,106.4399185180664,-16.194862365722656,-0.004507103003561497,0.006682702340185642,-0.8983149528503418,-8.48770127959142e-07,0.8983398093292981,-0.009122844785451889,0.011954307556152344,-3.719329833984375e-05,-0.00012207029067212716,0.0015982642071321607,-89.5892333984375,0.0004273370432201773,-0.00013644035789184272,-1.2450127601623535
S3_k1.05_csqrt,110,23049,386.27021889257594,106.44020080566406,-16.239763259887695,-0.004506607074290514,0.00638953922316432,-0.8970928192138672,-1.9073486328125e-06,0.8971155736582698,-0.005863262340426445,0.024442672729492188,-2.117157055181451e-05,-6.103511987021193e-05,0.0014480000827461481,-89.57645416259766,0.01191333681344986,0.006230376660823822,1.254052758216858
S3_k1.05_csqrt,111,23050,386.320218893321,106.44056701660156,-16.28470230102539,-0.004506454337388277,0.006010372657328844,-0.8987582325935364,1.2779235021298518e-06,0.898778329309163,-0.007583331316709518,-0.03330826759338379,6.370543997036293e-05,0.0001112396566895768,0.0014070188626646996,-89.58793640136719,0.00087461102521047,0.01782330684363842,-1.1741982698440552
S3_k1.05_csqrt,112,23051,386.37021889406606,106.44085693359375,-16.329683303833008,-0.0045066834427416325,0.007180397864431143,-0.9008961915969849,-6.675720101156912e-07,0.9009248060453705,0.023400504142045975,-0.04275918006896973,-3.890991138177924e-05,-0.00012207023974042386,0.0014684905763715506,-89.57586669921875,-0.009420718066394329,-0.024252457544207573,1.1875766515731812
S3_k1.05_csqrt,113,23052,386.4202188948111,106.44123840332031,-16.374675750732422,-0.004506607074290514,0.0066973427310585976,-0.9003209471702576,-9.059905892172537e-07,0.9003458570538478,-0.009661102667450905,0.011504888534545898,-4.76837158203125e-06,-0.00012207029067212716,0.001434339676052332,-89.5880355834961,6.0127673350507393e-05,0.0008862378308549523,-1.242170810699463
S3_k1.05_csqrt,114,23053,386.4702188955562,106.44152069091797,-16.419675827026367,-0.004506072960793972,0.006439113989472389,-0.8991017937660217,1.964569037227193e-06,0.8991248510335519,-0.005164574831724167,0.024383068084716797,5.741119457525201e-05,-6.103511987021193e-05,0.0012909056385979056,-89.57527923583984,0.01124610286206007,0.005851658992469311,1.2530550956726074
S3_k1.05_csqrt,115,23054,386.52021889630123,106.44187927246094,-16.464706420898438,-0.004505729768425226,0.006074605509638786,-0.9005751013755798,-3.9100646631595737e-07,0.9005955885134496,-0.007290169596672058,-0.02946615219116211,-4.711151268566027e-05,0.00011138847912661731,0.001249924534931779,-89.58682250976562,0.0011457575019448996,0.016973039135336876,-1.1771557331085205
S3_k1.05_csqrt,116,23055,386.5702188970463,106.44217681884766,-16.509777069091797,-0.004505920223891735,0.007206651847809553,-0.902581512928009,-3.0517577442878974e-07,0.9026102831844773,0.022640926763415337,-0.040128231048583984,1.7166138377433526e-06,-0.00012207034160383046,0.0013045660452917218,-89.5747299194336,-0.00885942205786705,-0.023681776598095894,1.1873401403427124
S3_k1.05_csqrt,117,23056,386.62021889779135,106.44254302978516,-16.554855346679688,-0.0045059965923428535,0.006697544828057289,-0.9020659923553467,-1.2111663636460435e-06,0.9020908555529356,-0.01018214039504528,0.01031041145324707,-1.811981201171875e-05,-9.155262523563579e-05,0.0012772453483194113,-89.5869140625,-0.0004009634430985898,0.0019433621782809496,-1.2393287420272827
S3_k1.05_csqrt,118,23057,386.6702188985364,106.44283294677734,-16.59994125366211,-0.004505424294620752,0.0064811911433935165,-0.9008389115333557,-1.0108947208209429e-06,0.9008622260769181,-0.004327073693275452,0.024541616439819336,4.005432856502011e-06,-6.103511987021193e-05,0.0011474717175588012,-89.57415008544922,0.010589414276182652,0.005313684232532978,1.2522088289260864
S3_k1.05_csqrt,119,23058,386.72021889928146,106.44319915771484,-16.645051956176758,-0.004505272023379803,0.006143699865788221,-0.9021274447441101,8.392333938900265e-07,0.902148364521758,-0.006749825552105904,-0.02577066421508789,3.700256274896674e-05,0.00010587918222881854,0.0011064906138926744,-89.58574676513672,0.0014950709883123636,0.015840359032154083,-1.1804286241531372
S3_k1.05_csqrt,120,23059,386.7702189000265,106.44312286376953,-16.657712936401367,-0.003943710122257471,-0.0002552012156229466,-0.011065766215324402,-2.0437240891624242e-05,0.011068727445984278,-0.12797801196575165,17.82123374938965,-0.0004255294625181705,0.0009324307320639491,-0.15002509951591492,-89.56072998046875,3.3704655170440674,-0.0036647464148700237,-0.0006044994224794209
S3_k1.05_csqrt,121,23060,386.8202189007716,106.44312286376953,-16.657135009765625,-0.0036082458682358265,-0.00010208853927906603,-0.003201210405677557,-4.539489600574598e-05,0.003203159507088864,0.003062253585085273,0.15729111433029175,-0.0004991531022824347,5.7016568462131545e-05,-0.24023139476776123,-89.56072998046875,0.9964026808738708,-0.003848755033686757,5.485381916514598e-05
S3_k1.05_csqrt,122,23061,386.87021890151664,106.44313049316406,-16.65705108642578,-0.0035590743646025658,-4.564982373267412e-05,0.0002931675990112126,-2.979278542625252e-05,0.0002981924841109817,0.001128774369135499,0.06988755613565445,0.0003120422188658267,-0.0002746510144788772,-0.253878116607666,-89.56072998046875,-0.09157262742519379,-0.004503287840634584,-6.038265928509645e-05
S3_k1.05_csqrt,123,23062,386.9202189022617,106.44313049316406,-16.657175064086914,-0.0036336134653538465,-2.277865496580489e-05,0.0017193371895700693,-8.01086389401462e-06,0.0017195067352299275,0.00045742338988929987,0.028523392975330353,0.0004356384160928428,-0.0003356959205120802,-0.23422083258628845,-89.56072235107422,-0.5357391238212585,-0.004785687662661076,-0.00010748689237516373
S3_k1.05_csqrt,124,23063,386.97021890300675,106.44313049316406,-16.657377243041992,-0.0037516020238399506,-1.2732294635497965e-05,0.002146471291780472,1.1787414223363157e-05,0.0021465414183980906,0.00020092719933018088,0.00854268204420805,0.00039596552960574627,-0.0003357018867973238,-0.20263120532035828,-89.56073760986328,-0.667552649974823,-0.004627535585314035,-0.00010286943870596588
S3_k1.05_csqrt,125,23064,387.0202189037518,106.44313049316406,-16.6575870513916,-0.003875541500747204,-8.235975656134542e-06,0.0021139471791684628,1.795768730517011e-05,0.002114039494934439,8.992638322524726e-05,-0.000650482252240181,0.0001234054652741179,-0.0003051786916330457,-0.16924524307250977,-89.56072998046875,-0.6560869216918945,-0.004161044489592314,-7.979861402418464e-05
S3_k1.05_csqrt,126,23065,387.07021890449687,106.44313049316406,-16.65778350830078,-0.0039897155947983265,-5.678008164977655e-06,0.0018917740089818835,1.8405913579044864e-05,0.001891872067157499,5.1159349823137745e-05,-0.0044434634037315845,8.964525477495044e-06,-0.00024413326173089445,-0.1384001225233078,-89.56076049804688,-0.5860059261322021,-0.0035968790762126446,-5.566638719756156e-05
S3_k1.05_csqrt,127,23066,387.1202189052419,106.44314575195312,-16.6579532623291,-0.004088287241756916,-4.224795247864677e-06,0.0016115467296913266,1.5964507838361897e-05,0.0016116313400974236,2.9064258342259564e-05,-0.005604545585811138,-4.882811481365934e-05,-0.00021361722610890865,-0.11169407516717911,-89.56075286865234,-0.4983676075935364,-0.002937114564701915,-3.6346882552606985e-05
S3_k1.05_csqrt,128,23067,387.170218905987,106.44314575195312,-16.65809440612793,-0.004170570056885481,-3.086602646362735e-06,0.0013342745369300246,1.35517120725126e-05,0.001334346924872173,2.2763852030038834e-05,-0.00554544385522604,-4.825591531698592e-05,-0.00018310797167941928,-0.08942083269357681,-89.56072235107422,-0.4120427668094635,-0.002482067793607712,-2.2665199139737524e-05
S3_k1.05_csqrt,129,23068,387.22021890673204,106.44314575195312,-16.65821075439453,-0.004237937740981579,-2.2851261292089475e-06,0.0010856722947210073,1.2426376088114921e-05,0.0010857458119416753,1.602953125257045e-05,-0.0049720448441803455,-2.250671968795359e-05,-0.00015259213978424668,-0.07117056846618652,-89.56072998046875,-0.3348861336708069,-0.0019861324690282345,-1.3555640180129558e-05
S3_k1.05_csqrt,130,23069,387.2702189074771,106.44314575195312,-16.658306121826172,-0.004292106721550226,-1.8687624105950817e-06,0.0008736407035030425,7.600784101668978e-06,0.0008736757653782085,8.327274372277316e-06,-0.004240632057189941,-9.651183790992945e-05,-0.00012207300460431725,-0.05643102154135704,-89.56072998046875,-0.2692332863807678,-0.0015866034664213657,-7.778287908877246e-06
S3_k1.05_csqrt,131,23070,387.32021890822216,106.44314575195312,-16.65837860107422,-0.004335708450525999,-1.1871420610987116e-06,0.0006979317986406386,4.720687684311997e-06,0.0006979487730143545,1.3632406989927404e-05,-0.0035141780972480774,-5.760193016612902e-05,-9.155557199846953e-05,-0.04464211314916611,-89.56075286865234,-0.21492379903793335,-0.001304329838603735,-4.2451506487850565e-06
S3_k1.05_csqrt,132,23071,387.3702189089672,106.44314575195312,-16.65837860107422,-0.004335708450525999,0.0,0.0,0.0,0.0,2.374284122197423e-05,-0.013958635739982128,-9.441375732421875e-05,-9.155557199846953e-05,-0.04464211314916611,-89.56075286865234,0.0,0.0,0.0
S3_k1.05_csqrt,133,23072,387.4202189097123,106.44314575195312,-16.65837860107422,-0.004335708450525999,0.0,0.0,0.0,0.0,0.0,0.0,0.0,-9.155557199846953e-05,-0.04464211314916611,-89.56075286865234,0.0,0.0,0.0
S3_k1.05_csqrt,134,23073,387.47021891045733,106.44314575195312,-16.65837860107422,-0.004335708450525999,0.0,0.0,0.0,0.0,0.0,0.0,0.0,-9.155557199846953e-05,-0.04464211314916611,-89.56075286865234,0.0,0.0,0.0
S3_k1.05_csqrt,135,23074,387.5202189112024,106.44314575195312,-16.65837860107422,-0.004335708450525999,0.0,0.0,0.0,0.0,0.0,0.0,0.0,-9.155557199846953e-05,-0.04464211314916611,-89.56075286865234,0.0,0.0,0.0
S3_k1.05_csqrt,136,23075,387.57021891194745,106.44314575195312,-16.65837860107422,-0.004335708450525999,0.0,0.0,0.0,0.0,0.0,0.0,0.0,-9.155557199846953e-05,-0.04464211314916611,-89.56075286865234,0.0,0.0,0.0
S3_k1.05_csqrt,137,23076,387.6202189126925,106.44314575195312,-16.65837860107422,-0.004335708450525999,0.0,0.0,0.0,0.0,0.0,0.0,0.0,-9.155557199846953e-05,-0.04464211314916611,-89.56075286865234,0.0,0.0,0.0
S3_k1.05_csqrt,138,23077,387.67021891343757,106.44314575195312,-16.65837860107422,-0.004335708450525999,0.0,0.0,0.0,0.0,0.0,0.0,0.0,-9.155557199846953e-05,-0.04464211314916611,-89.56075286865234,0.0,0.0,0.0
S3_k1.05_csqrt,139,23078,387.7202189141826,106.44314575195312,-16.65837860107422,-0.004335708450525999,0.0,0.0,0.0,0.0,0.0,0.0,0.0,-9.155557199846953e-05,-0.04464211314916611,-89.56075286865234,0.0,0.0,0.0
S3_k1.05_csqrt,140,23079,387.7702189149277,106.44314575195312,-16.65837860107422,-0.004335708450525999,0.0,0.0,0.0,0.0,0.0,0.0,0.0,-9.155557199846953e-05,-0.04464211314916611,-89.56075286865234,0.0,0.0,0.0
S3_k1.05_csqrt,141,23080,387.82021891567274,106.44314575195312,-16.65837860107422,-0.004335708450525999,0.0,0.0,0.0,0.0,0.0,0.0,0.0,-9.155557199846953e-05,-0.04464211314916611,-89.56075286865234,0.0,0.0,0.0
S3_k1.05_csqrt,142,23081,387.8702189164178,106.44314575195312,-16.65837860107422,-0.004335708450525999,0.0,0.0,0.0,0.0,0.0,0.0,0.0,-9.155557199846953e-05,-0.04464211314916611,-89.56075286865234,0.0,0.0,0.0
S3_k1.05_csqrt,143,23082,387.92021891716286,106.44314575195312,-16.65837860107422,-0.004335708450525999,0.0,0.0,0.0,0.0,0.0,0.0,0.0,-9.155557199846953e-05,-0.04464211314916611,-89.56075286865234,0.0,0.0,0.0
S3_k1.05_csqrt,144,23083,387.9702189179079,106.44314575195312,-16.65837860107422,-0.004335708450525999,0.0,0.0,0.0,0.0,0.0,0.0,0.0,-9.155557199846953e-05,-0.04464211314916611,-89.56075286865234,0.0,0.0,0.0
S3_k1.05_csqrt,145,23084,388.020218918653,106.44314575195312,-16.65837860107422,-0.004335708450525999,0.0,0.0,0.0,0.0,0.0,0.0,0.0,-9.155557199846953e-05,-0.04464211314916611,-89.56075286865234,0.0,0.0,0.0
S3_k1.05_csqrt,146,23085,388.07021891939803,106.44314575195312,-16.65837860107422,-0.004335708450525999,0.0,0.0,0.0,0.0,0.0,0.0,0.0,-9.155557199846953e-05,-0.04464211314916611,-89.56075286865234,0.0,0.0,0.0
S3_k1.05_csqrt,147,23086,388.1202189201431,106.44314575195312,-16.65837860107422,-0.004335708450525999,0.0,0.0,0.0,0.0,0.0,0.0,0.0,-9.155557199846953e-05,-0.04464211314916611,-89.56075286865234,0.0,0.0,0.0
S3_k1.05_csqrt,148,23087,388.17021892088815,106.44314575195312,-16.65837860107422,-0.004335708450525999,0.0,0.0,0.0,0.0,0.0,0.0,0.0,-9.155557199846953e-05,-0.04464211314916611,-89.56075286865234,0.0,0.0,0.0
S3_k1.05_csqrt,149,23088,388.2202189216332,106.44314575195312,-16.65837860107422,-0.004335708450525999,0.0,0.0,0.0,0.0,0.0,0.0,0.0,-9.155557199846953e-05,-0.04464211314916611,-89.56075286865234,0.0,0.0,0.0
S3_k1.05_csqrt,150,23089,388.27021892237826,106.44314575195312,-16.65837860107422,-0.004335708450525999,0.0,0.0,0.0,0.0,0.0,0.0,0.0,-9.155557199846953e-05,-0.04464211314916611,-89.56075286865234,0.0,0.0,0.0
S3_k1.05_csqrt,151,23090,388.3202189231233,106.44314575195312,-16.65837860107422,-0.004335708450525999,0.0,0.0,0.0,0.0,0.0,0.0,0.0,-9.155557199846953e-05,-0.04464211314916611,-89.56075286865234,0.0,0.0,0.0
S3_k1.05_csqrt,152,23091,388.3702189238684,106.44314575195312,-16.65837860107422,-0.004335708450525999,0.0,0.0,0.0,0.0,0.0,0.0,0.0,-9.155557199846953e-05,-0.04464211314916611,-89.56075286865234,0.0,0.0,0.0
S3_k1.05_csqrt,153,23092,388.42021892461344,106.44314575195312,-16.65837860107422,-0.004335708450525999,0.0,0.0,0.0,0.0,0.0,0.0,0.0,-9.155557199846953e-05,-0.04464211314916611,-89.56075286865234,0.0,0.0,0.0
S3_k1.05_csqrt,154,23093,388.4702189253585,106.44314575195312,-16.65837860107422,-0.004335708450525999,0.0,0.0,0.0,0.0,0.0,0.0,0.0,-9.155557199846953e-05,-0.04464211314916611,-89.56075286865234,0.0,0.0,0.0
S3_k1.05_csqrt,155,23094,388.52021892610355,106.44314575195312,-16.65837860107422,-0.004335708450525999,0.0,0.0,0.0,0.0,0.0,0.0,0.0,-9.155557199846953e-05,-0.04464211314916611,-89.56075286865234,0.0,0.0,0.0
S3_k1.05_csqrt,156,23095,388.5702189268486,106.44314575195312,-16.65837860107422,-0.004335708450525999,0.0,0.0,0.0,0.0,0.0,0.0,0.0,-9.155557199846953e-05,-0.04464211314916611,-89.56075286865234,0.0,0.0,0.0
S3_k1.05_csqrt,157,23096,388.62021892759367,106.44314575195312,-16.65837860107422,-0.004335708450525999,0.0,0.0,0.0,0.0,0.0,0.0,0.0,-9.155557199846953e-05,-0.04464211314916611,-89.56075286865234,0.0,0.0,0.0
S3_k1.05_csqrt,158,23097,388.6702189283387,106.44314575195312,-16.65837860107422,-0.004335708450525999,0.0,0.0,0.0,0.0,0.0,0.0,0.0,-9.155557199846953e-05,-0.04464211314916611,-89.56075286865234,0.0,0.0,0.0
S3_k1.05_csqrt,159,23098,388.7202189290838,106.44314575195312,-16.65837860107422,-0.004335708450525999,0.0,0.0,0.0,0.0,0.0,0.0,0.0,-9.155557199846953e-05,-0.04464211314916611,-89.56075286865234,0.0,0.0,0.0
S3_k1.05_csqrt,160,23099,388.77021892982884,106.44314575195312,-16.65837860107422,-0.004335708450525999,0.0,0.0,0.0,0.0,0.0,0.0,0.0,-9.155557199846953e-05,-0.04464211314916611,-89.56075286865234,0.0,0.0,0.0
S3_k1.05_csqrt,161,23100,388.8202189305739,106.44314575195312,-16.65837860107422,-0.004335708450525999,0.0,0.0,0.0,0.0,0.0,0.0,0.0,-9.155557199846953e-05,-0.04464211314916611,-89.56075286865234,0.0,0.0,0.0
S3_k1.05_csqrt,162,23101,388.87021893131896,106.44314575195312,-16.65837860107422,-0.004335708450525999,0.0,0.0,0.0,0.0,0.0,0.0,0.0,-9.155557199846953e-05,-0.04464211314916611,-89.56075286865234,0.0,0.0,0.0
S3_k1.05_csqrt,163,23102,388.920218932064,106.44314575195312,-16.65837860107422,-0.004335708450525999,0.0,0.0,0.0,0.0,0.0,0.0,0.0,-9.155557199846953e-05,-0.04464211314916611,-89.56075286865234,0.0,0.0,0.0
S3_k1.05_csqrt,164,23103,388.9702189328091,106.44314575195312,-16.65837860107422,-0.004335708450525999,0.0,0.0,0.0,0.0,0.0,0.0,0.0,-9.155557199846953e-05,-0.04464211314916611,-89.56075286865234,0.0,0.0,0.0
S3_k1.05_csqrt,165,23104,389.02021893355413,106.44314575195312,-16.65837860107422,-0.004335708450525999,0.0,0.0,0.0,0.0,0.0,0.0,0.0,-9.155557199846953e-05,-0.04464211314916611,-89.56075286865234,0.0,0.0,0.0
S3_k1.05_csqrt,166,23105,389.0702189342992,106.44314575195312,-16.65837860107422,-0.004335708450525999,0.0,0.0,0.0,0.0,0.0,0.0,0.0,-9.155557199846953e-05,-0.04464211314916611,-89.56075286865234,0.0,0.0,0.0
S3_k1.05_csqrt,167,23106,389.12021893504425,106.44314575195312,-16.65837860107422,-0.004335708450525999,0.0,0.0,0.0,0.0,0.0,0.0,0.0,-9.155557199846953e-05,-0.04464211314916611,-89.56075286865234,0.0,0.0,0.0
S3_k1.05_csqrt,168,23107,389.1702189357893,106.44314575195312,-16.65837860107422,-0.004335708450525999,0.0,0.0,0.0,0.0,0.0,0.0,0.0,-9.155557199846953e-05,-0.04464211314916611,-89.56075286865234,0.0,0.0,0.0
S3_k1.05_csqrt,169,23108,389.22021893653437,106.44314575195312,-16.65837860107422,-0.004335708450525999,0.0,0.0,0.0,0.0,0.0,0.0,0.0,-9.155557199846953e-05,-0.04464211314916611,-89.56075286865234,0.0,0.0,0.0
S3_k1.05_csqrt,170,23109,389.2702189372794,106.44314575195312,-16.65837860107422,-0.004335708450525999,0.0,0.0,0.0,0.0,0.0,0.0,0.0,-9.155557199846953e-05,-0.04464211314916611,-89.56075286865234,0.0,0.0,0.0
S3_k1.05_csqrt,171,23110,389.3202189380245,106.44314575195312,-16.65837860107422,-0.004335708450525999,0.0,0.0,0.0,0.0,0.0,0.0,0.0,-9.155557199846953e-05,-0.04464211314916611,-89.56075286865234,0.0,0.0,0.0
S3_k1.05_csqrt,172,23111,389.37021893876954,106.44314575195312,-16.65837860107422,-0.004335708450525999,0.0,0.0,0.0,0.0,0.0,0.0,0.0,-9.155557199846953e-05,-0.04464211314916611,-89.56075286865234,0.0,0.0,0.0
S3_k1.05_csqrt,173,23112,389.4202189395146,106.44314575195312,-16.65837860107422,-0.004335708450525999,0.0,0.0,0.0,0.0,0.0,0.0,0.0,-9.155557199846953e-05,-0.04464211314916611,-89.56075286865234,0.0,0.0,0.0
S3_k1.05_csqrt,174,23113,389.47021894025966,106.44314575195312,-16.65837860107422,-0.004335708450525999,0.0,0.0,0.0,0.0,0.0,0.0,0.0,-9.155557199846953e-05,-0.04464211314916611,-89.56075286865234,0.0,0.0,0.0
S3_k1.05_csqrt,175,23114,389.5202189410047,106.44314575195312,-16.65837860107422,-0.004335708450525999,0.0,0.0,0.0,0.0,0.0,0.0,0.0,-9.155557199846953e-05,-0.04464211314916611,-89.56075286865234,0.0,0.0,0.0
S3_k1.05_csqrt,176,23115,389.5702189417498,106.44314575195312,-16.65837860107422,-0.004335708450525999,0.0,0.0,0.0,0.0,0.0,0.0,0.0,-9.155557199846953e-05,-0.04464211314916611,-89.56075286865234,0.0,0.0,0.0
S3_k1.05_csqrt,177,23116,389.62021894249483,106.44314575195312,-16.65837860107422,-0.004335708450525999,0.0,0.0,0.0,0.0,0.0,0.0,0.0,-9.155557199846953e-05,-0.04464211314916611,-89.56075286865234,0.0,0.0,0.0
S3_k1.05_csqrt,178,23117,389.6702189432399,106.44314575195312,-16.65837860107422,-0.004335708450525999,0.0,0.0,0.0,0.0,0.0,0.0,0.0,-9.155557199846953e-05,-0.04464211314916611,-89.56075286865234,0.0,0.0,0.0
S3_k1.05_csqrt,179,23118,389.72021894398495,106.44314575195312,-16.65837860107422,-0.004335708450525999,0.0,0.0,0.0,0.0,0.0,0.0,0.0,-9.155557199846953e-05,-0.04464211314916611,-89.56075286865234,0.0,0.0,0.0
S3_k1.05_csqrt,180,23119,389.77021894473,106.44314575195312,-16.65837860107422,-0.004335708450525999,0.0,0.0,0.0,0.0,0.0,0.0,0.0,-9.155557199846953e-05,-0.04464211314916611,-89.56075286865234,0.0,0.0,0.0
S3_k1.05_csqrt,181,23120,389.82021894547506,106.44314575195312,-16.65837860107422,-0.004335708450525999,0.0,0.0,0.0,0.0,0.0,0.0,0.0,-9.155557199846953e-05,-0.04464211314916611,-89.56075286865234,0.0,0.0,0.0
S3_k1.05_csqrt,182,23121,389.8702189462201,106.44314575195312,-16.65837860107422,-0.004335708450525999,0.0,0.0,0.0,0.0,0.0,0.0,0.0,-9.155557199846953e-05,-0.04464211314916611,-89.56075286865234,0.0,0.0,0.0
S3_k1.05_csqrt,183,23122,389.9202189469652,106.44314575195312,-16.65837860107422,-0.004335708450525999,0.0,0.0,0.0,0.0,0.0,0.0,0.0,-9.155557199846953e-05,-0.04464211314916611,-89.56075286865234,0.0,0.0,0.0
S3_k1.05_csqrt,184,23123,389.97021894771024,106.44314575195312,-16.65837860107422,-0.004335708450525999,0.0,0.0,0.0,0.0,0.0,0.0,0.0,-9.155557199846953e-05,-0.04464211314916611,-89.56075286865234,0.0,0.0,0.0
S3_k1.05_csqrt,185,23124,390.0202189484553,106.44314575195312,-16.65837860107422,-0.004335708450525999,0.0,0.0,0.0,0.0,0.0,0.0,0.0,-9.155557199846953e-05,-0.04464211314916611,-89.56075286865234,0.0,0.0,0.0
S3_k1.05_csqrt,186,23125,390.07021894920035,106.44314575195312,-16.65837860107422,-0.004335708450525999,0.0,0.0,0.0,0.0,0.0,0.0,0.0,-9.155557199846953e-05,-0.04464211314916611,-89.56075286865234,0.0,0.0,0.0
S3_k1.05_csqrt,187,23126,390.1202189499454,106.44314575195312,-16.65837860107422,-0.004335708450525999,0.0,0.0,0.0,0.0,0.0,0.0,0.0,-9.155557199846953e-05,-0.04464211314916611,-89.56075286865234,0.0,0.0,0.0
S3_k1.05_csqrt,188,23127,390.17021895069047,106.44314575195312,-16.65837860107422,-0.004335708450525999,0.0,0.0,0.0,0.0,0.0,0.0,0.0,-9.155557199846953e-05,-0.04464211314916611,-89.56075286865234,0.0,0.0,0.0
S3_k1.05_csqrt,189,23128,390.2202189514355,106.44314575195312,-16.65837860107422,-0.004335708450525999,0.0,0.0,0.0,0.0,0.0,0.0,0.0,-9.155557199846953e-05,-0.04464211314916611,-89.56075286865234,0.0,0.0,0.0
S3_k1.05_csqrt,190,23129,390.2702189521806,106.44314575195312,-16.65837860107422,-0.004335708450525999,0.0,0.0,0.0,0.0,0.0,0.0,0.0,-9.155557199846953e-05,-0.04464211314916611,-89.56075286865234,0.0,0.0,0.0
S3_k1.05_csqrt,191,23130,390.32021895292564,106.44314575195312,-16.65837860107422,-0.004335708450525999,0.0,0.0,0.0,0.0,0.0,0.0,0.0,-9.155557199846953e-05,-0.04464211314916611,-89.56075286865234,0.0,0.0,0.0
S3_k1.05_csqrt,192,23131,390.3702189536707,106.44314575195312,-16.65837860107422,-0.004335708450525999,0.0,0.0,0.0,0.0,0.0,0.0,0.0,-9.155557199846953e-05,-0.04464211314916611,-89.56075286865234,0.0,0.0,0.0
S3_k1.05_csqrt,193,23132,390.42021895441576,106.44314575195312,-16.65837860107422,-0.004335708450525999,0.0,0.0,0.0,0.0,0.0,0.0,0.0,-9.155557199846953e-05,-0.04464211314916611,-89.56075286865234,0.0,0.0,0.0
S3_k1.05_csqrt,194,23133,390.4702189551608,106.44314575195312,-16.65837860107422,-0.004335708450525999,0.0,0.0,0.0,0.0,0.0,0.0,0.0,-9.155557199846953e-05,-0.04464211314916611,-89.56075286865234,0.0,0.0,0.0
S3_k1.05_csqrt,195,23134,390.5202189559059,106.44314575195312,-16.65837860107422,-0.004335708450525999,0.0,0.0,0.0,0.0,0.0,0.0,0.0,-9.155557199846953e-05,-0.04464211314916611,-89.56075286865234,0.0,0.0,0.0
S3_k1.05_csqrt,196,23135,390.57021895665093,106.44314575195312,-16.65837860107422,-0.004335708450525999,0.0,0.0,0.0,0.0,0.0,0.0,0.0,-9.155557199846953e-05,-0.04464211314916611,-89.56075286865234,0.0,0.0,0.0
S3_k1.05_csqrt,197,23136,390.620218957396,106.44314575195312,-16.65837860107422,-0.004335708450525999,0.0,0.0,0.0,0.0,0.0,0.0,0.0,-9.155557199846953e-05,-0.04464211314916611,-89.56075286865234,0.0,0.0,0.0
S3_k1.05_csqrt,198,23137,390.67021895814105,106.44314575195312,-16.65837860107422,-0.004335708450525999,0.0,0.0,0.0,0.0,0.0,0.0,0.0,-9.155557199846953e-05,-0.04464211314916611,-89.56075286865234,0.0,0.0,0.0
S3_k1.05_csqrt,199,23138,390.7202189588861,106.44314575195312,-16.65837860107422,-0.004335708450525999,0.0,0.0,0.0,0.0,0.0,0.0,0.0,-9.155557199846953e-05,-0.04464211314916611,-89.56075286865234,0.0,0.0,0.0
S4_k1.00_c1.10,0,23143,390.9702189626114,106.41629028320312,-12.711931228637695,0.48239871859550476,0.0,0.0,-1.470000147819519,1.470000147819519,0.0,0.0,-9.80000114440918,0.0,0.0,-89.6092529296875,0.0,0.0,0.0
S4_k1.00_c1.10,1,23144,391.02021896335646,106.41629028320312,-12.711931228637695,0.3941987156867981,0.0,0.0,-1.9600002765655518,1.9600002765655518,0.0,0.0,-9.800003051757812,0.0,0.0,-89.6092529296875,0.0,0.0,0.0
S4_k1.00_c1.10,2,23145,391.0702189641015,106.41629028320312,-12.711931228637695,0.28149881958961487,0.0,0.0,-2.450000286102295,2.450000286102295,0.0,0.0,-9.800000190734863,0.0,0.0,-89.6092529296875,0.0,0.0,0.0
S4_k1.00_c1.10,3,23146,391.1202189648466,106.41629028320312,-12.711931228637695,0.14429865777492523,0.0,0.0,-2.93999981880188,2.93999981880188,0.0,0.0,-9.7999906539917,0.0,0.0,-89.6092529296875,0.0,0.0,0.0
S4_k1.00_c1.10,4,23147,391.17021896559163,106.41629028320312,-12.711931228637695,0.012887153774499893,4.0354930064268046e-08,2.7877069541659694e-09,-2.0158560276031494,2.01585602760315,8.070986154962156e-07,5.575413908331939e-08,18.48287582397461,0.0,0.0,-89.6092529296875,-8.068691954576934e-07,5.031590262660757e-06,-1.7686493936075465e-10
S4_k1.00_c1.10,5,23148,391.2202189663367,106.41629028320312,-12.711931228637695,-0.0523688867688179,7.338886831576019e-08,5.9125255802428e-09,-0.9189378023147583,0.9189378023147613,6.606787792406976e-07,6.249636896882294e-08,21.938364028930664,0.0,0.0,-89.6092529296875,-1.72140767062956e-06,9.403567673871294e-06,1.1760228901813718e-10
S4_k1.00_c1.10,6,23149,391.27021896708175,106.41629028320312,-12.711931228637695,-0.07908115535974503,9.175084159096514e-08,2.0773291420361772e-10,-0.3276817202568054,0.3276817202568183,3.672394655040989e-07,-1.1409585454202897e-07,11.825121879577637,0.0,0.0,-89.6092529296875,4.493654870429964e-08,1.2246898222656455e-05,-8.416124741561504e-11
S4_k1.00_c1.10,7,23150,391.3202189678268,106.41629028320312,-12.711931228637695,-0.08547797799110413,1.1217223772064244e-07,-5.859038587630039e-09,-0.022819561883807182,0.02281956188408363,4.084279225935461e-07,-1.2133543236814148e-07,6.097243309020996,0.0,0.0,-89.6092529296875,1.922808678500587e-06,1.5051845366542693e-05,-1.92369273288584e-10
S4_k1.00_c1.10,8,23151,391.37021896857186,106.41629028320312,-12.711931228637695,-0.08180110901594162,7.988472816577996e-08,-8.811935181540775e-09,0.12231215834617615,0.12231215834620254,-6.457502195189591e-07,-5.905793187821473e-08,2.902634382247925,0.0,0.0,-89.6092529296875,2.749837449300685e-06,1.6484986190334894e-05,-1.8459588302377483e-09
S4_k1.00_c1.10,9,23152,391.4202189693169,106.41629028320312,-12.711931228637695,-0.07369419187307358,-1.1873203931145326e-07,3.765154588108999e-08,0.18041208386421204,0.18041208386425503,-3.972335434809793e-06,9.292696176999016e-07,1.1619985103607178,0.0,0.0,-89.6092529296875,-1.166530364571372e-05,-1.5363728380179964e-05,-2.608919330571169e-11
S4_k1.00_c1.10,10,23153,391.470218970062,106.41629028320312,-12.711931228637695,-0.06417476385831833,1.0789693583035387e-08,3.8999214524437775e-08,0.19282351434230804,0.1928235143423123,2.5904346330207773e-06,2.695337286695576e-08,0.24822860956192017,0.0,0.0,-89.6092529296875,-1.1766322131734341e-05,-2.209092963312287e-05,-2.079468819360386e-09
S4_k1.00_c1.10,11,23154,391.52021897080704,106.41629028320312,-12.711931228637695,-0.05477721989154816,-5.529350843858083e-08,-1.026490803468505e-08,0.18274137377738953,0.18274137377739819,-1.3216640581958927e-06,-9.852824405243155e-07,-0.20164281129837036,0.0,0.0,-89.6092529296875,2.9118052680132678e-06,1.717107261356432e-05,1.7112002925756542e-09
S4_k1.00_c1.10,12,23155,391.5702189715521,106.41629028320312,-12.711931228637695,-0.046212539076805115,2.451424307992056e-08,-1.0691246110638986e-08,0.16292443871498108,0.16292443871498327,1.596155016159173e-06,-8.526761519078718e-09,-0.39633870124816895,0.0,0.0,-89.6092529296875,3.2485108931723516e-06,1.179380706162192e-05,-1.4714708340690663e-09
S4_k1.00_c1.10,13,23156,391.62021897229715,106.41629028320312,-12.711931228637695,-0.038745954632759094,8.702322418230324e-08,-1.4257049762989027e-08,0.14016631245613098,0.1401663124561587,1.2501795936259441e-06,-7.131607304700083e-08,-0.45516252517700195,0.0,0.0,-89.6092529296875,4.482152235141257e-06,1.0341572306060698e-05,1.489662386500168e-11
S4_k1.00_c1.10,14,23157,391.6702189730422,106.41629028320312,-12.711931228637695,-0.0324116125702858,1.580903941089673e-08,8.235171833348431e-08,0.11790575087070465,0.11790575087073447,-1.4242837096389849e-06,1.932175337060471e-06,-0.4452112317085266,0.0,0.0,-89.6092529296875,-2.5383738829987124e-05,1.3528702766052447e-05,-9.259427891095129e-09
S4_k1.00_c1.10,15,23158,391.72021897378727,106.41629028320312,-12.711931228637695,-0.02713191881775856,-8.33593745142025e-08,3.609859433595375e-08,0.09771572053432465,0.09771572053436688,-1.9833682927128393e-06,-9.250624657397566e-07,-0.4038006067276001,0.0,0.0,-89.6092529296875,-1.1125979654025286e-05,-2.2479085600934923e-05,-3.4832716711008516e-09
S4_k1.00_c1.10,16,23159,391.7702189745323,106.41629028320312,-12.711931228637695,-0.02278362214565277,4.57575701773294e-08,-1.1884905504189192e-08,0.08016327023506165,0.08016327023507559,2.5823387659329455e-06,-9.596699328540126e-07,-0.35104900598526,0.0,0.0,-89.6092529296875,4.29273222835036e-06,-7.667170575587079e-05,3.038000517818773e-09
S4_k1.00_c1.10,17,23160,391.8202189752774,106.41629028320312,-12.711931228637695,-0.019231757149100304,1.6024419124960332e-08,-1.527099158238343e-08,0.06530030816793442,0.06530030816793816,-5.946629926256719e-07,-6.772172156388478e-08,-0.29725924134254456,0.0,0.0,-89.6092529296875,4.645280114345951e-06,1.0944763744191732e-05,-2.988357616917625e-10
S4_k1.00_c1.10,18,23161,391.87021897602244,106.41629028320312,-12.711931228637695,-0.016347236931324005,1.0680782480676498e-08,-1.6746023234759377e-08,0.05292879045009613,0.05292879045009986,-1.0687273288567667e-07,-2.950063304751893e-08,-0.24743035435676575,0.0,0.0,-89.6092529296875,5.6775488701532595e-06,-7.551278395112604e-05,-8.245635285675235e-10
S4_k1.00_c1.10,19,23162,391.9202189767675,106.41629028320312,-12.711931228637695,-0.014014358632266521,7.350534048100599e-08,-1.7277688613148712e-08,0.04274819418787956,0.04274819418794625,1.2564910321088973e-06,-1.0633307567786687e-08,-0.20361192524433136,0.0,0.0,-89.6092529296875,5.437245363282273e-06,8.969035661721136e-06,7.97218202563954e-09
S4_k1.00_c1.10,20,23163,391.97021897751256,106.41629028320312,-12.711931228637695,-0.012133216485381126,7.827178194474982e-08,-1.87358288883388e-08,0.03443611040711403,0.03443611040720808,9.532882927487663e-08,-2.9162805503801792e-08,-0.16624167561531067,0.0,0.0,-89.6092529296875,5.853162747371243e-06,9.129206773650367e-06,-4.4245648811447325e-10
S4_k1.00_c1.10,21,23164,392.0202189782576,106.41629028320312,-12.711931228637695,-0.01061958260834217,-8.142303897784586e-08,-1.903358359811591e-08,0.027687910944223404,0.027687910944349668,-3.1938964184519136e-06,-5.955094195542188e-09,-0.1349639892578125,0.0,0.0,-89.6092529296875,5.563292688748334e-06,1.5977131624822505e-05,1.5401628861155814e-09
S4_k1.00_c1.10,22,23165,392.0702189790027,106.41629028320312,-12.711931228637695,-0.009403495118021965,7.077458974436013e-08,-1.5021720756180912e-08,0.022233180701732635,0.02223318070185036,3.04395257444412e-06,8.023725683869998e-08,-0.10909460484981537,0.0,0.0,-89.6092529296875,4.702270416601095e-06,1.088311637431616e-05,3.493168865276175e-09
S4_k1.00_c1.10,23,23166,392.12021897974773,106.41629028320312,-12.711931228637695,-0.00842765811830759,-8.42742693407672e-08,3.5208845616807594e-08,0.01783492974936962,0.017834929749603483,-3.100977210124256e-06,1.004611362986907e-06,-0.08796501904726028,0.0,0.0,-89.6092529296875,-1.0820422176038846e-05,-2.2204088963917457e-05,5.748852949238881e-09
S4_k1.00_c1.10,24,23167,392.1702189804928,106.41629028320312,-12.711931228637695,-0.007645149249583483,5.7715023871196536e-08,-1.1552849343843263e-08,0.014296111650764942,0.014296111650886111,2.8397857931850012e-06,-9.352339134238719e-07,-0.07077635824680328,0.0,0.0,-89.6092529296875,3.6022477161168354e-06,8.78570517670596e-06,4.443081902394397e-09
S4_k1.00_c1.10,25,23168,392.22021898123785,106.41630554199219,-12.714961051940918,-0.007080039940774441,0.0012552295811474323,-0.18314070999622345,0.011453237384557724,0.18350278446336785,0.025103436782956123,-3.662813901901245,-0.05685748532414436,0.0,0.016713472083210945,-89.60945892333984,-1.0669597387313843,-0.007521971128880978,-0.002843267284333706
S4_k1.00_c1.10,26,23169,392.2702189819829,106.41641998291016,-12.735151290893555,-0.00685604102909565,0.0026009774301201105,-0.4818144142627716,0.009162730537354946,0.48190854994061877,0.02691495791077614,-5.97347354888916,-0.04581013694405556,0.0007504846435040236,0.09190019220113754,-89.61492156982422,-1.4487926959991455,-0.011883391067385674,-0.36530110239982605
S4_k1.00_c1.10,27,23170,392.32021898272797,106.41658020019531,-12.765324592590332,-0.0066803740337491035,0.004105173982679844,-0.6620699763298035,0.00732357008382678,0.662123206578313,0.030083931982517242,-3.6051111221313477,-0.036783210933208466,0.00035284319892525673,0.15317381918430328,-89.60850524902344,-1.104870319366455,-0.034649305045604706,0.46818286180496216
S4_k1.00_c1.10,28,23171,392.370218983473,106.41677856445312,-12.798645973205566,-0.006439475808292627,0.00400141067802906,-0.6739363670349121,0.005862340796738863,0.6739737421734227,-0.0020752660930156708,-0.23732781410217285,-0.029224585741758347,6.94828195264563e-05,0.17492114007472992,-89.60726165771484,-0.17147411406040192,-0.0010884221410378814,0.04703933000564575
S4_k1.00_c1.10,29,23172,392.4202189842181,106.41696166992188,-12.833090782165527,-0.006173858419060707,0.004290222655981779,-0.7021201252937317,0.004698419477790594,0.7021489525011859,0.005776239559054375,-0.5636751651763916,-0.023278426378965378,-3.0515873731928878e-05,0.17261935770511627,-89.60509490966797,0.12779660522937775,-0.00249456986784935,0.3467981815338135
S4_k1.00_c1.10,30,23173,392.47021898496314,106.41720581054688,-12.869664192199707,-0.005939483642578125,0.004971668589860201,-0.7417483925819397,0.0037639616057276726,0.7417746037668236,0.013628918677568436,-0.7925653457641602,-0.01868915744125843,-0.0003357011592015624,0.16490808129310608,-89.60582733154297,0.23951956629753113,-0.0039445492438972,0.2713128328323364
S4_k1.00_c1.10,31,23174,392.5202189857082,106.41744995117188,-12.906428337097168,-0.005709304474294186,0.0050641815178096294,-0.7394030094146729,0.003018951276317239,0.7394265144912839,0.0018502585589885712,0.046907663345336914,-0.014900206588208675,-0.0004882867215201259,0.1472657024860382,-89.60552978515625,0.3968033790588379,0.002199956914409995,-0.18540145456790924
S4_k1.00_c1.10,32,23175,392.57021898645326,106.41769409179688,-12.943644523620605,-0.005509147420525551,0.005248339846730232,-0.7515711784362793,0.0024196624290198088,0.7515933981173031,0.003683166578412056,-0.2433633804321289,-0.0119857769459486,-0.0005493179778568447,0.12886516749858856,-89.60569763183594,0.36880338191986084,0.0013141338713467121,-0.02224166877567768
S4_k1.00_c1.10,33,23176,392.6202189871983,106.41791534423828,-12.98193359375,-0.005348472390323877,0.005085047334432602,-0.7739953398704529,0.0019375800620764494,0.7740144688983974,-0.003265850245952606,-0.4484832286834717,-0.009641647338867188,-0.00039672537241131067,0.11405732482671738,-89.60214233398438,0.2863122224807739,0.008184104226529598,0.23942752182483673
S4_k1.00_c1.10,34,23177,392.6702189879434,106.41815948486328,-13.02058219909668,-0.0052079008892178535,0.0050955042243003845,-0.7807998657226562,0.0015510368393734097,0.7808180327010225,0.00020913779735565186,-0.13609051704406738,-0.007730864454060793,-0.00021362380357459188,0.09898309409618378,-89.60153198242188,0.268856406211853,0.006102335173636675,-0.07257263362407684
S4_k1.00_c1.10,35,23178,392.72021898868843,106.41840362548828,-13.059285163879395,-0.005085677839815617,0.005142230074852705,-0.7808067798614502,0.0012422847794368863,0.7808247007358458,0.0009345170110464096,-0.00013828277587890625,-0.006175041198730469,-9.155397856375203e-05,0.08427087217569351,-89.60295104980469,0.2698626220226288,0.000911686394829303,-0.25019532442092896
S4_k1.00_c1.10,36,23179,392.7702189894335,106.41864013671875,-13.098233222961426,-0.004984588362276554,0.005181632936000824,-0.781523585319519,0.0009933853289112449,0.7815413940060825,0.0007880572229623795,-0.014336109161376953,-0.004977989010512829,-0.00012206970859551802,0.07161452621221542,-89.60195922851562,0.25329142808914185,0.0007970238220877945,0.16615740954875946
S4_k1.00_c1.10,37,23180,392.82021899017855,106.41888427734375,-13.137540817260742,-0.0049032592214643955,0.005198728293180466,-0.7887993454933167,0.0007930183201096952,0.7888168755196653,0.00034190714359283447,-0.14551520347595215,-0.004007340408861637,-0.0001220730337081477,0.0613897368311882,-89.60095977783203,0.19693133234977722,0.002032854128628969,0.13149228692054749
S4_k1.00_c1.10,38,23181,392.8702189909236,106.41912841796875,-13.177177429199219,-0.0048378752544522285,0.005261159036308527,-0.7986266016960144,0.0006350612384267151,0.7986441836222851,0.0012486148625612259,-0.19654512405395508,-0.003159141633659601,-9.15505806915462e-05,0.05311154946684837,-89.60247802734375,0.13645857572555542,0.002588088857010007,-0.1027209460735321
S4_k1.00_c1.10,39,23182,392.92021899166866,106.41939544677734,-13.217076301574707,-0.004784431308507919,0.005307598039507866,-0.8052208423614502,0.0005096149398013949,0.8052384958989599,0.0009287800639867783,-0.13188481330871582,-0.002508925972506404,1.751737181621138e-05,0.04613792523741722,-89.60586547851562,0.10678000003099442,-0.001176385092549026,-0.2348477691411972
S4_k1.00_c1.10,40,23183,392.9702189924137,106.41962432861328,-13.257220268249512,-0.004739074502140284,0.005191745236515999,-0.8026875853538513,0.0004054450837429613,0.8027044775541701,-0.0023170560598373413,0.05066514015197754,-0.002083397004753351,1.071719543688232e-05,0.039942942559719086,-89.60540008544922,0.139897882938385,0.003050735220313072,0.170069620013237
S4_k1.00_c1.10,41,23184,393.0202189931588,106.41986846923828,-13.297643661499023,-0.0047029112465679646,0.005105170421302319,-0.8115324974060059,0.00032425878453068435,0.8115486197726042,-0.0017314963042736053,-0.17689824104309082,-0.0016237259842455387,0.00012003192387055606,0.034977395087480545,-89.60392761230469,0.08738172799348831,0.0040456196293234825,0.20599842071533203
S4_k1.00_c1.10,42,23185,393.07021899390384,106.42011260986328,-13.338343620300293,-0.0046738432720303535,0.005174157675355673,-0.8192373514175415,0.0002630329108797014,0.8192537330104698,0.0013797450810670853,-0.1540970802307129,-0.0012245174730196595,0.00015865181921981275,0.03098173625767231,-89.60515594482422,0.05438031628727913,0.001004211837425828,-0.06156754866242409
S4_k1.00_c1.10,43,23186,393.1202189946489,106.42037963867188,-13.379209518432617,-0.0046487427316606045,0.005304626654833555,-0.8196946382522583,0.00020671843958552927,0.8197118284958202,0.0026093795895576477,-0.009145736694335938,-0.0011262893676757812,0.00012638601765502244,0.027266113087534904,-89.6091079711914,0.0728658139705658,-0.0023998506367206573,-0.3399883210659027
S4_k1.00_c1.10,44,23187,393.17021899539395,106.42061614990234,-13.420235633850098,-0.004627036862075329,0.005207243841141462,-0.8198152184486389,0.00016716956452000886,0.8198317728254219,-0.001947656273841858,-0.0024116039276123047,-0.0007909775013104081,0.00011581557191675529,0.023864679038524628,-89.60809326171875,0.08489462733268738,0.0006919089355506003,0.15040868520736694
S4_k1.00_c1.10,45,23188,393.220218996139,106.42086029052734,-13.461487770080566,-0.00461017619818449,0.005205868743360043,-0.8270787000656128,0.00013087272236589342,0.8270950938672448,-2.750195562839508e-05,-0.14526963233947754,-0.0007259368430823088,0.00011798251944128424,0.021248716861009598,-89.60672760009766,0.04462055489420891,0.0018836930394172668,0.187181293964386
S4_k1.00_c1.10,46,23189,393.27021899688407,106.42110443115234,-13.50295639038086,-0.004596938844770193,0.005285078659653664,-0.8337522149085999,0.00010563850082689896,0.8337689722464657,0.0015841983258724213,-0.1334702968597412,-0.0005046844016760588,0.00010282052971888334,0.019226981326937675,-89.6077651977539,0.018753336742520332,-0.00010793992987601086,-0.05259395390748978
S4_k1.00_c1.10,47,23190,393.3202189976291,106.42137145996094,-13.54456615447998,-0.004584998823702335,0.005401517730206251,-0.8340745568275452,8.275985601358116e-05,0.834092051029171,0.00232878141105175,-0.00644683837890625,-0.0004575728962663561,6.106649379944429e-05,0.017280377447605133,-89.61144256591797,0.03926636278629303,-0.0025858005974441767,-0.3224863111972809
S4_k1.00_c1.10,48,23191,393.3702189983742,106.421630859375,-13.58631706237793,-0.004574356134980917,0.005317019764333963,-0.8340814709663391,6.618499901378527e-05,0.8340984206249287,-0.001689959317445755,-0.00013828277587890625,-0.0003314971399959177,5.2061848691664636e-05,0.015415736474096775,-89.61040496826172,0.05430419370532036,0.0006796600646339357,0.14394494891166687
S4_k1.00_c1.10,49,23192,393.42021899911924,106.42188262939453,-13.628273963928223,-0.00456657400354743,0.005317034665495157,-0.8407447338104248,5.324363519321196e-05,0.8407615483134804,2.980232238769531e-07,-0.13326525688171387,-0.00025882729096338153,5.779897765023634e-05,0.0141111696138978,-89.60903930664062,0.02043912000954151,0.0018557582516223192,0.17816948890686035
S4_k1.00_c1.10,50,23193,393.4702189998643,106.42215728759766,-13.670425415039062,-0.004560699220746756,0.005394686479121447,-0.8468827605247498,4.228591933497228e-05,0.8468999436204537,0.0015530362725257874,-0.12276053428649902,-0.0002191543171647936,4.78063193440903e-05,0.013175434432923794,-89.60991668701172,-0.00019886922382283956,-0.00020207847410347313,-0.04636005312204361
S4_k1.00_c1.10,51,23194,393.52021900060936,106.42244720458984,-13.71270751953125,-0.004555091727524996,0.0054938653483986855,-0.8471544981002808,3.717422441695817e-05,0.8471723128088688,0.001983577385544777,-0.005434751510620117,-0.00010223389836028218,1.5505078408750705e-05,0.012164566665887833,-89.61339569091797,0.021717948839068413,-0.0023478083312511444,-0.3070015609264374
S4_k1.00_c1.10,52,23195,393.5702190013544,106.42274475097656,-13.75511360168457,-0.004549674689769745,0.0054208519868552685,-0.8471400141716003,2.6626586986822076e-05,0.8471573584381462,-0.0014602672308683395,0.00028967857360839844,-0.00021095274132676423,1.314302789978683e-05,0.011105886660516262,-89.61233520507812,0.0380614697933197,0.0005703633069060743,0.1394711434841156
S4_k1.00_c1.10,53,23196,393.6202190020995,106.42302703857422,-13.797710418701172,-0.004546012729406357,0.00541782146319747,-0.8533510565757751,2.388000393693801e-05,0.8533682552794272,-6.061047315597534e-05,-0.1242208480834961,-5.493166099768132e-05,2.5843743060249835e-05,0.010450189001858234,-89.61102294921875,0.008455213159322739,0.001827061758376658,0.16973111033439636
S4_k1.00_c1.10,54,23197,393.67021900284453,106.42332458496094,-13.840486526489258,-0.004543494898825884,0.00549436267465353,-0.859022855758667,1.5392302884720266e-05,0.8590404268565591,0.0015308242291212082,-0.11343598365783691,-0.0001697540283203125,1.9497138055157848e-05,0.010047207586467266,-89.6117935180664,-0.008819314651191235,-0.00034970679553225636,-0.04219232499599457
S4_k1.00_c1.10,55,23198,393.7202190035896,106.42362976074219,-13.883380889892578,-0.004540595691651106,0.00557743851095438,-0.8592116236686707,1.3084410966257565e-05,0.8592297261145582,0.0016615167260169983,-0.003775358200073242,-4.615783836925402e-05,0.0,0.009480302222073078,-89.61505126953125,0.01332254707813263,-0.00191011733841151,-0.2921062707901001
S4_k1.00_c1.10,56,23199,393.77021900433465,106.42391204833984,-13.926387786865234,-0.0045374296605587006,0.005513236857950687,-0.8591216206550598,9.593963113729842e-06,0.8591393105600934,-0.0012840330600738525,0.0018000602722167969,-6.980895705055445e-05,0.0,0.00879728328436613,-89.61397552490234,0.029923222959041595,0.0004693357623182237,0.13541662693023682
S4_k1.00_c1.10,57,23200,393.8202190050797,106.42420959472656,-13.969565391540527,-0.004535484127700329,0.005508331581950188,-0.8647884726524353,9.632110050006304e-06,0.8648060153827135,-9.810552000999451e-05,-0.11333703994750977,7.629387255292386e-07,1.0418705642223358e-05,0.008435282856225967,-89.6126708984375,0.0035413061268627644,0.0016647328156977892,0.1601662039756775
S4_k1.00_c1.10,58,23201,393.87021900582477,106.42449951171875,-14.012907028198242,-0.004534568637609482,0.005583165679126978,-0.870062530040741,4.653930773201864e-06,0.8700804433738037,0.0014966819435358047,-0.10548114776611328,-9.95635855360888e-05,4.858338797930628e-06,0.008257698267698288,-89.61334228515625,-0.012241419404745102,-0.00044847020762972534,-0.03876151517033577
S4_k1.00_c1.10,59,23202,393.9202190065698,106.4248046875,-14.056357383728027,-0.004532966297119856,0.005652995780110359,-0.8701600432395935,7.3814389907056466e-06,0.8701784054241445,0.0013966020196676254,-0.0019502639770507812,5.455016435007565e-05,0.0,0.007902528159320354,-89.61638641357422,0.009279231540858746,-0.001788443885743618,-0.27755337953567505
S4_k1.00_c1.10,60,23203,393.9702190073149,106.42509460449219,-14.099906921386719,-0.0045308684930205345,0.005597212817519903,-0.8699876070022583,3.0517576306010596e-06,0.8700056121302631,-0.0011156592518091202,0.0034487247467041016,-8.659363084007055e-05,0.0,0.007410754915326834,-89.61531829833984,0.025443706661462784,0.00039644798380322754,0.13181541860103607
S4_k1.00_c1.10,61,23204,394.02021900805994,106.42537689208984,-14.14361572265625,-0.004529914818704128,0.005589487962424755,-0.8752574920654297,6.132125690783141e-06,0.8752753394389394,-0.00015449710190296173,-0.10539770126342773,6.160735938465223e-05,3.3608998819545377e-06,0.007185358554124832,-89.6140365600586,0.0010021901689469814,0.0017166733741760254,0.15218500792980194
S4_k1.00_c1.10,62,23205,394.070219008805,106.4256820678711,-14.18747329711914,-0.0045294188894331455,0.005663803778588772,-0.880092203617096,3.1375884645967744e-06,0.8801104280433693,0.0014863163232803345,-0.0966942310333252,-5.989074270473793e-05,0.0,0.007123887073248625,-89.61466217041016,-0.013253407552838326,-0.00046214862959459424,-0.03547065705060959
S4_k1.00_c1.10,63,23206,394.12021900955006,106.42598724365234,-14.231423377990723,-0.004528465215116739,0.005721663124859333,-0.8800818920135498,1.5830993334020604e-06,0.8801004908995166,0.0011571869254112244,0.00020623207092285156,-3.108978125965223e-05,-3.051740350201726e-05,0.006864339578896761,-89.6175537109375,0.007335722912102938,-0.0015146485529839993,-0.26457682251930237
S4_k1.00_c1.10,64,23207,394.1702190102951,106.42626953125,-14.275463104248047,-0.004526824690401554,0.005672194063663483,-0.8798204660415649,2.7561186470848043e-06,0.8798387501461211,-0.0009893812239170074,0.005228519439697266,2.3460386728402227e-05,-3.0517610866809264e-05,0.00646135862916708,-89.61648559570312,0.022831574082374573,0.0003989786491729319,0.1285356730222702
S4_k1.00_c1.10,65,23208,394.2202190110402,106.42655944824219,-14.319647789001465,-0.004526061937212944,0.005663969554007053,-0.8846259713172913,2.0408629097801168e-06,0.8846441034022297,-0.00016449019312858582,-0.09611010551452637,-1.430511474609375e-05,2.0844082015969434e-10,0.006297434214502573,-89.615234375,0.00016727959155105054,0.0016916038002818823,0.14331640303134918
S4_k1.00_c1.10,66,23209,394.27021901178523,106.42684936523438,-14.36396598815918,-0.004525947384536266,0.005735389422625303,-0.8891165256500244,1.8501281147109694e-06,0.8891350239863587,0.0014283973723649979,-0.08981108665466309,-3.8146959013829473e-06,2.0844082015969434e-10,0.0062769437208771706,-89.61578369140625,-0.013409057632088661,-0.0005239127785898745,-0.03262617066502571
S4_k1.00_c1.10,67,23210,394.3202190125303,106.42715454101562,-14.408367156982422,-0.004525108262896538,0.0057836249470710754,-0.8889788389205933,3.9100646631595737e-07,0.8889976526213594,0.0009647104889154434,0.002753734588623047,-2.9182432626839727e-05,-3.051740350201726e-05,0.0060652075335383415,-89.61849975585938,0.0062638865783810616,-0.0013200242538005114,-0.25144097208976746
S4_k1.00_c1.10,68,23211,394.37021901327535,106.42745208740234,-14.452847480773926,-0.0045236204750835896,0.005740802735090256,-0.8885862827301025,-2.47955313170678e-07,0.8886048270588037,-0.000856444239616394,0.007851123809814453,-1.277923547604587e-05,-3.0517610866809264e-05,0.005710037890821695,-89.61740112304688,0.021116109564900398,0.0003201488871127367,0.12458496540784836
S4_k1.00_c1.10,69,23212,394.4202190140204,106.427734375,-14.497454643249512,-0.004523124545812607,0.005729165393859148,-0.8929735422134399,-5.435943535303522e-07,0.8929919206967238,-0.00023274682462215424,-0.08774518966674805,-5.91278057981981e-06,0.0,0.0055734338238835335,-89.6162338256836,-9.547590161673725e-05,0.0016029044054448605,0.13492539525032043
S4_k1.00_c1.10,70,23213,394.47021901476546,106.42802429199219,-14.542183876037598,-0.0045232390984892845,0.005799276288598776,-0.897093653678894,9.91821252682712e-07,0.8971123982408239,0.0014022178947925568,-0.08240222930908203,3.0708310077898204e-05,-2.0844082015969434e-10,0.0055734338238835335,-89.61672973632812,-0.012985139153897762,-0.0005607001949101686,-0.029972191900014877
S4_k1.00_c1.10,71,23214,394.5202190155105,106.42832946777344,-14.58698844909668,-0.004522590432316065,0.005839457269757986,-0.8969173431396484,1.287460349885805e-06,0.8969363520827711,0.0008036196231842041,0.0035262107849121094,5.912781944061862e-06,-3.0517610866809264e-05,0.005395849235355854,-89.61929321289062,0.005302557721734047,-0.00120608601719141,-0.23951204121112823
S4_k1.00_c1.10,72,23215,394.5702190162556,106.42861938476562,-14.631861686706543,-0.004521331749856472,0.005801341496407986,-0.8964702486991882,1.1730194273695815e-06,0.8964890196579757,-0.0007623154670000076,0.008941888809204102,-2.28881845032447e-06,-3.0517821869580075e-05,0.005088490433990955,-89.6181869506836,0.019449196755886078,0.00026603738660924137,0.12199904769659042
S4_k1.00_c1.10,73,23216,394.62021901700064,106.42891693115234,-14.676850318908691,-0.004520950373262167,0.005790043156594038,-0.900489866733551,-5.245208853921213e-07,0.9005084811870674,-0.00022596679627895355,-0.08039236068725586,-3.395080420887098e-05,-2.0844082015969434e-10,0.004979207646101713,-89.61707305908203,-0.00030752524617128074,0.0015674458118155599,0.12629643082618713
S4_k1.00_c1.10,74,23217,394.6702190177457,106.42920684814453,-14.72194766998291,-0.004520988557487726,0.005858957767486572,-0.9043048024177551,-2.47955313170678e-07,0.9043237822052441,0.0013782922178506851,-0.07629871368408203,5.53131121705519e-06,2.0844082015969434e-10,0.004992867819964886,-89.61748504638672,-0.012588177807629108,-0.0006689365254715085,-0.027860913425683975
S4_k1.00_c1.10,75,23218,394.72021901849075,106.42951202392578,-14.767108917236328,-0.004520416259765625,0.0058911568485200405,-0.9040268659591675,1.7356871921947459e-06,0.9040460608331752,0.0006439816206693649,0.00555872917175293,3.967285010730848e-05,-3.0517610866809264e-05,0.004835773725062609,-89.61990356445312,0.004762269090861082,-0.001011007116176188,-0.22720055282115936
S4_k1.00_c1.10,76,23219,394.7702190192358,106.42979431152344,-14.812331199645996,-0.004519348032772541,0.005858561955392361,-0.9034926295280457,5.245208853921213e-07,0.9035116238100994,-0.0006518978625535965,0.010684728622436523,-2.422332727292087e-05,-3.0517610866809264e-05,0.0045489058829844,-89.61883544921875,0.018152566626667976,0.00014030850434210151,0.11918863654136658
S4_k1.00_c1.10,77,23220,394.82021901998087,106.43008422851562,-14.857658386230469,-0.004519004840403795,0.005844778381288052,-0.9071862697601318,9.250640573554847e-07,0.9072050978012,-0.00027567148208618164,-0.07387280464172363,8.01086389401462e-06,0.0,0.00445328326895833,-89.61773681640625,-0.0003831242211163044,0.0014598529087379575,0.11812818050384521
S4_k1.00_c1.10,78,23221,394.8702190207259,106.43038177490234,-14.903085708618164,-0.004519119393080473,0.005912857595831156,-0.9106980562210083,1.4877318790240679e-06,0.9107172511223693,0.0013615842908620834,-0.0702357292175293,1.1253356205997989e-05,0.0,0.004473773762583733,-89.61809539794922,-0.01191459409892559,-0.0006683627725578845,-0.025582032278180122
S4_k1.00_c1.10,79,23222,394.920219021471,106.43067932128906,-14.948567390441895,-0.004518547095358372,0.005938410758972168,-0.9103641510009766,9.536742595628311e-08,0.9103835192654139,0.0005110632628202438,0.006678104400634766,-2.7847288947668858e-05,-3.051740350201726e-05,0.004337169695645571,-89.620361328125,0.004288108088076115,-0.000864714733324945,-0.21587136387825012
S4_k1.00_c1.10,80,23223,394.97021902221604,106.43096160888672,-14.994102478027344,-0.004517631605267525,0.005909361876547337,-0.9097640514373779,1.8882750509874313e-06,0.9097832433327763,-0.0005809776484966278,0.012001991271972656,3.585815284168348e-05,-3.0517610866809264e-05,0.004070792347192764,-89.61929321289062,0.017041640356183052,0.00016435360885225236,0.11680815368890762
S4_k1.00_c1.10,81,23224,395.0202190229611,106.43125915527344,-15.0397310256958,-0.004517249763011932,0.005894648376852274,-0.9130982160568237,1.6212463549436507e-07,0.9131172427709746,-0.00029426999390125275,-0.06668329238891602,-3.4523007343523204e-05,0.0,0.0039820000529289246,-89.6182861328125,-0.00010013830615207553,0.001360225141979754,0.10923580825328827
S4_k1.00_c1.10,82,23225,395.07021902370616,106.43154907226562,-15.08544921875,-0.004517249763011932,0.005961395334452391,-0.9163892865180969,-7.438659395120339e-07,0.9164086766721677,0.0013349391520023346,-0.06582140922546387,-1.811981201171875e-05,0.0,0.004009320866316557,-89.61859130859375,-0.011546674184501171,-0.0007572151371277869,-0.02385762892663479
S4_k1.00_c1.10,83,23226,395.1202190244512,106.43185424804688,-15.131217002868652,-0.004516639746725559,0.005980630870908499,-0.9159695506095886,1.287460349885805e-06,0.9159890750392187,0.00038471072912216187,0.008394718170166016,4.0626528061693534e-05,-3.0517821869580075e-05,0.003879547119140625,-89.6207275390625,0.003947175573557615,-0.0007289292407222092,-0.2041785717010498
S4_k1.00_c1.10,84,23227,395.1702190251963,106.43214416503906,-15.177027702331543,-0.004515914712101221,0.005955942906439304,-0.9153047204017639,1.363754222438729e-06,0.9153240980371465,-0.0004937592893838882,0.01329660415649414,1.5258774510584772e-06,-3.051740350201726e-05,0.0036336604971438646,-89.6196517944336,0.016054952517151833,8.996159886009991e-05,0.11500158160924911
S4_k1.00_c1.10,85,23228,395.22021902594133,106.43242645263672,-15.222920417785645,-0.004515533335506916,0.005940322298556566,-0.9183225631713867,1.2779235021298518e-06,0.9183417759528908,-0.00031241215765476227,-0.060356855392456055,-1.7166144061775412e-06,-2.0844082015969434e-10,0.0035448679700493813,-89.61868286132812,-1.0005159083448234e-06,0.0012634015874937177,0.10073255747556686
S4_k1.00_c1.10,86,23229,395.2702190266864,106.43272399902344,-15.26889705657959,-0.004515571519732475,0.006006000563502312,-0.9214012026786804,-1.3351440202313825e-06,0.9214207770298378,0.0013135652989149094,-0.06157279014587402,-5.226134817348793e-05,2.0844082015969434e-10,0.0035790188703686,-89.61896514892578,-0.011132307350635529,-0.0006888002972118556,-0.022166069597005844
S4_k1.00_c1.10,87,23230,395.32021902743145,106.43302154541016,-15.314916610717773,-0.004515304695814848,0.006020030472427607,-0.9209908843040466,-1.9741057712963084e-06,0.9210105589741824,0.0002805981785058975,0.008206367492675781,-1.277923547604587e-05,-3.0517610866809264e-05,0.003476566169410944,-89.6209716796875,0.0031408430077135563,-0.0005607024650089443,-0.1929837316274643
S4_k1.00_c1.10,88,23231,395.3702190281765,106.43331909179688,-15.36097526550293,-0.0045145414769649506,0.005999250337481499,-0.9203200936317444,-1.411438006471144e-06,0.9203396469504869,-0.0004156026989221573,0.013415813446044922,1.1253355296503287e-05,-3.051771636819467e-05,0.0032580001279711723,-89.61988067626953,0.014714314602315426,4.128608270548284e-05,0.1135028600692749
S4_k1.00_c1.10,89,23232,395.42021902892157,106.43360137939453,-15.407110214233398,-0.0045141601003706455,0.005982671864330769,-0.923041045665741,7.343292054429185e-07,0.9230604337457434,-0.00033156946301460266,-0.05441904067993164,4.291534423828125e-05,0.0,0.0031896980945020914,-89.61896514892578,0.00024519310682080686,0.0013340712757781148,0.09226346015930176
S4_k1.00_c1.10,90,23233,395.4702190296666,106.43389129638672,-15.453317642211914,-0.0045143128372728825,0.006048800889402628,-0.9258718490600586,-7.152557373046875e-07,0.925891607519262,0.0013225805014371872,-0.05661606788635254,-2.899169885495212e-05,-3.0517507184413262e-05,0.00322384899482131,-89.61920166015625,-0.010383961722254753,-0.0008063295390456915,-0.02067253738641739
S4_k1.00_c1.10,91,23234,395.5202190304117,106.43419647216797,-15.499560356140137,-0.004513892810791731,0.006057319696992636,-0.9254546165466309,-7.820129326319147e-07,0.9254744396308278,0.00017037615180015564,0.008344650268554688,-1.3351439065445447e-06,-3.0517507184413262e-05,0.003121396293863654,-89.62105560302734,0.002742587588727474,-0.00048209400847554207,-0.1817038506269455
S4_k1.00_c1.10,92,23235,395.57021903115674,106.43448638916016,-15.545835494995117,-0.00451316824182868,0.006039988249540329,-0.9247255325317383,-1.4972686130931834e-06,0.9247452578826254,-0.00034662894904613495,0.014581680297851562,-1.4305113836599048e-05,-3.0517610866809264e-05,0.0029164906591176987,-89.61994171142578,0.013853360898792744,2.2425731003750116e-05,0.11220811307430267
S4_k1.00_c1.10,93,23236,395.6202190319018,106.43477630615234,-15.592181205749512,-0.004512977320700884,0.006022683810442686,-0.9271693229675293,-2.365112322877394e-06,0.927188883765299,-0.00034608878195285797,-0.04887580871582031,-1.735687328618951e-05,0.0,0.0028481886256486177,-89.61913299560547,0.0004356646677479148,0.0012839194387197495,0.0832182839512825
S4_k1.00_c1.10,94,23237,395.67021903264686,106.43506622314453,-15.638591766357422,-0.004513091873377562,0.00608775345608592,-0.9298256635665894,-8.773803301664884e-07,0.929845592219461,0.001301392912864685,-0.05312681198120117,2.975463939947076e-05,-3.0517610866809264e-05,0.00288233975879848,-89.61932373046875,-0.009897850453853607,-0.0008173516835086048,-0.019599176943302155
S4_k1.00_c1.10,95,23238,395.7202190333919,106.43537139892578,-15.685036659240723,-0.004512748681008816,0.00609179912135005,-0.9294240474700928,-2.4890898657758953e-06,0.9294440112445825,8.091330528259277e-05,0.00803232192993164,-3.223419116693549e-05,-3.0517507184413262e-05,0.002800377318635583,-89.62105560302734,0.00215985719114542,-0.0003836821124423295,-0.1709882616996765
S4_k1.00_c1.10,96,23239,395.77021903413697,106.43566131591797,-15.731511116027832,-0.004512100014835596,0.006077918689697981,-0.9286618828773499,1.3828276905769599e-06,0.9286817720870888,-0.00027760863304138184,0.015243291854858398,7.743835158180445e-05,-3.0517610866809264e-05,0.0026091320905834436,-89.61994171142578,0.012855639681220055,-9.778365347301587e-05,0.11105120927095413
S4_k1.00_c1.10,97,23240,395.82021903488203,106.43594360351562,-15.778043746948242,-0.004511909559369087,0.006060387939214706,-0.9308598637580872,1.0490417707842425e-06,0.9308795917081859,-0.0003506150096654892,-0.043959617614746094,-6.6757183958543465e-06,1.0422041007984717e-10,0.0025476603768765926,-89.61917114257812,0.0005749231204390526,0.0012147451052442193,0.07409639656543732
S4_k1.00_c1.10,98,23241,395.8702190356271,106.43624114990234,-15.824638366699219,-0.004512138199061155,0.0061253746971488,-0.9333177804946899,1.4019011587151908e-06,0.9333378807295244,0.0012997351586818695,-0.049158334732055664,7.057187758618966e-06,-3.0517507184413262e-05,0.0025818112771958113,-89.61935424804688,-0.00933850184082985,-0.000827072246465832,-0.018937986344099045
S4_k1.00_c1.10,99,23242,395.92021903637215,106.43653869628906,-15.871259689331055,-0.004511680454015732,0.006124867592006922,-0.9329392313957214,-4.482269275740691e-07,0.9329593364560216,-1.0142102837562561e-05,0.007570981979370117,-3.700256274896674e-05,-3.051771636819467e-05,0.002513509476557374,-89.6209716796875,0.001680543296970427,-0.00018358755914960057,-0.15944643318653107
S4_k1.00_c1.10,100,23243,395.9702190371172,106.43683624267578,-15.9179048538208,-0.004511031787842512,0.006113708019256592,-0.9321625828742981,1.8310546465727384e-06,0.9321826314301185,-0.00022319145500659943,0.015532970428466797,4.558562795864418e-05,-3.0517507184413262e-05,0.002335924655199051,-89.61981201171875,0.011928818188607693,-2.28041553782532e-05,0.11070487648248672
S4_k1.00_c1.10,101,23244,396.02021903786226,106.43711853027344,-15.964601516723633,-0.004510803148150444,0.0060956766828894615,-0.9340684413909912,-1.4019011587151908e-06,0.9340883311972071,-0.0003606267273426056,-0.038117170333862305,-6.465911428676918e-05,0.0,0.0022744529414922,-89.61913299560547,0.0011343315709382296,0.001218983787111938,0.0641634613275528
S4_k1.00_c1.10,102,23245,396.0702190386073,106.43740844726562,-16.011354446411133,-0.00451099406927824,0.006161341909319162,-0.936391294002533,-1.306533818024036e-06,0.9364115642278072,0.001313304528594017,-0.04645705223083496,1.9073468138230965e-06,-3.0517507184413262e-05,0.002315433928743005,-89.61929321289062,-0.008722564205527306,-0.0009175610612146556,-0.01885560341179371
S4_k1.00_c1.10,103,23246,396.1202190393524,106.43771362304688,-16.05813217163086,-0.004510764963924885,0.0061573158018291,-0.9360849261283875,-7.438659395120339e-07,0.9361051764963301,-8.052214980125427e-05,0.006127357482910156,1.1253358024987392e-05,-3.0517610866809264e-05,0.002253962215036154,-89.6207275390625,0.0009679024806246161,-0.00014676261343993247,-0.1461586356163025
S4_k1.00_c1.10,104,23247,396.17021904009744,106.43800354003906,-16.104930877685547,-0.004510192666202784,0.006149892695248127,-0.9353158473968506,1.287460349885805e-06,0.9353360655793773,-0.00014846213161945343,0.015381574630737305,4.0626528061693534e-05,-3.0517610866809264e-05,0.002103698207065463,-89.61956787109375,0.010860977694392204,-0.00013405423669610173,0.11149821430444717
S4_k1.00_c1.10,105,23248,396.2202190408425,106.43828582763672,-16.15177345275879,-0.004510040394961834,0.006132394075393677,-0.9369059801101685,1.3160705520931515e-06,0.9369260492829855,-0.0003499723970890045,-0.03180265426635742,5.722040441469289e-07,-3.0517610866809264e-05,0.002035396173596382,-89.61898803710938,0.001753744320012629,0.0010808833176270127,0.05168416351079941
S4_k1.00_c1.10,106,23249,396.27021904158755,106.43858337402344,-16.198667526245117,-0.004510192666202784,0.006197853945195675,-0.9390676021575928,6.580352760465757e-07,0.9390880548787583,0.0013091973960399628,-0.04323244094848633,-1.316070574830519e-05,-3.0517507184413262e-05,0.0020695473067462444,-89.61913299560547,-0.007876642048358917,-0.0009021805599331856,-0.019775576889514923
S4_k1.00_c1.10,107,23250,396.3202190423326,106.43888092041016,-16.24558448791504,-0.004510002210736275,0.0061898804269731045,-0.9388864636421204,-7.629394360719743e-08,0.9389068677084605,-0.00015947036445140839,0.003622770309448242,-1.468658410885837e-05,-3.0517507184413262e-05,0.002028566086664796,-89.62039947509766,4.519664071267471e-05,-2.3164862795965746e-05,-0.1295974850654602
S4_k1.00_c1.10,108,23251,396.37021904307767,106.43917083740234,-16.29252052307129,-0.004509468097239733,0.006186815444380045,-0.9381353259086609,1.2302398317842744e-06,0.9381557260948769,-6.12996518611908e-05,0.015022754669189453,2.613067590573337e-05,-3.0517507184413262e-05,0.0018919622525572777,-89.61917114257812,0.009548533707857132,-9.613926522433758e-05,0.11391052603721619
S4_k1.00_c1.10,109,23252,396.4202190438227,106.43946075439453,-16.339494705200195,-0.0045090485364198685,0.006171191576868296,-0.9393442273139954,-9.059905892172537e-07,0.9393644984745944,-0.00031247735023498535,-0.024178028106689453,-4.272460864740424e-05,-3.0517507184413262e-05,0.0018236604519188404,-89.61871337890625,0.002814991632476449,0.0010029480326920748,0.033786434680223465
S4_k1.00_c1.10,110,23253,396.4702190445678,106.43975067138672,-16.38650894165039,-0.004509315360337496,0.006235554814338684,-0.9412998557090759,-1.6498565855727065e-06,0.9413205089152641,0.0012872647494077682,-0.03911256790161133,-1.487731969973538e-05,-3.0517610866809264e-05,0.0018373207421973348,-89.61890411376953,-0.006549263838678598,-0.001049505197443068,-0.02358994074165821
S4_k1.00_c1.10,111,23254,396.52021904531284,106.44005584716797,-16.43354606628418,-0.004509086720645428,0.0062249768525362015,-0.9413790702819824,-1.1062621751989354e-06,0.9413996517436195,-0.0002115592360496521,-0.0015842914581298828,1.0871888662222773e-05,-3.0517610866809264e-05,0.0018031698418781161,-89.61988067626953,-0.0014764646766707301,0.00013917470641899854,-0.10376942902803421
S4_k1.00_c1.10,112,23255,396.5702190460579,106.44033813476562,-16.48059844970703,-0.004508590791374445,0.006229842081665993,-0.9406455159187317,-5.531310875994677e-07,0.9406661456386561,9.73045825958252e-05,0.014671087265014648,1.1062621524615679e-05,-3.0517559935105965e-05,0.0016802264144644141,-89.61859130859375,0.007711363025009632,-0.0002052575582638383,0.11927880346775055
S4_k1.00_c1.10,113,23256,396.62021904680296,106.44063568115234,-16.527677536010742,-0.004508285317569971,0.006219583563506603,-0.9412829875946045,1.0013579867518274e-06,0.9413035355058063,-0.00020517036318778992,-0.012749433517456055,3.108978125965223e-05,-3.0517610866809264e-05,0.0015982642071321607,-89.61844635009766,0.004755352158099413,0.0007731388905085623,0.0005724952206946909
S4_k1.00_c1.10,114,23257,396.670219047548,106.44092559814453,-16.57479476928711,-0.004508208949118853,0.006284336093813181,-0.9430517554283142,-9.91821252682712e-07,0.943072694068463,0.0012950506061315536,-0.035375356674194336,-3.986358569818549e-05,-6.103517080191523e-05,0.0015982642071321607,-89.61873626708984,-0.0045835901983082294,-0.0010561069939285517,-0.03245052695274353
S4_k1.00_c1.10,115,23258,396.7202190482931,106.44121551513672,-16.62193489074707,-0.004508285317569971,0.006269916892051697,-0.9436528086662292,1.468658410885837e-06,0.9436736380569573,-0.0002883840352296829,-0.012021064758300781,4.920959327137098e-05,-6.103522173361853e-05,0.0015914340037852526,-89.61932373046875,-0.004206135869026184,0.00028628631844185293,-0.059023335576057434
S4_k1.00_c1.10,116,23259,396.77021904903813,106.44151306152344,-16.669090270996094,-0.004508018493652344,0.006286208983510733,-0.9430722594261169,-1.2969970839549205e-06,0.9430932100933331,0.00032584182918071747,0.011610984802246094,-5.53131103515625e-05,-6.103511987021193e-05,0.0015094716800376773,-89.61795043945312,0.00434208894148469,-0.00017136195674538612,0.12844449281692505
S4_k1.00_c1.10,117,23260,396.8202190497832,106.44180297851562,-16.716264724731445,-0.00450756074860692,0.006286730989813805,-0.9428852796554565,-7.24792471373803e-07,0.9429062379568883,1.0440126061439514e-05,0.003739595413208008,1.1444091796875e-05,-6.103517080191523e-05,0.0014138490660116076,-89.61849975585938,0.007658859249204397,0.00037642987444996834,-0.062297992408275604
S4_k1.00_c1.10,118,23261,396.87021905052825,106.44210052490234,-16.763473510742188,-0.004507751204073429,0.006344662979245186,-0.9444035291671753,6.961822123230377e-07,0.9444248411875985,0.0011586397886276245,-0.030364990234375,2.841949390131049e-05,-6.103517080191523e-05,0.0014138490660116076,-89.61898803710938,-0.0010967255802825093,-0.0010450585978105664,-0.04266209155321121
S4_k1.00_c1.10,119,23262,396.9202190512733,106.44239807128906,-16.810720443725586,-0.004507942125201225,0.006319043692201376,-0.945993959903717,1.1730194273695815e-06,0.9460150646204718,-0.0005123857408761978,-0.03180861473083496,9.536744073557202e-06,-6.103517080191523e-05,0.0014138490660116076,-89.61898803710938,-0.007705813739448786,0.0009068386862054467,-0.00014079926768317819
S4_k1.00_c1.10,120,23263,396.97021905201836,106.4423599243164,-16.827604293823242,-0.003985939081758261,-0.0002521648129913956,-0.017596416175365448,-1.7662048776401207e-05,0.01759823176508199,-0.1314241737127304,18.567951202392578,-0.00037670135498046875,0.0006696539930999279,-0.13897384703159332,-89.59548950195312,3.85058856010437,0.0035448074340820312,-0.013211321085691452
S4_k1.00_c1.10,121,23264,397.0202190527634,106.4423599243164,-16.826976776123047,-0.0036186217330396175,-7.646165613550693e-05,-0.003515733638778329,-4.640579209080897e-05,0.0035168711806428266,0.0035140630789101124,0.28161364793777466,-0.0005748748662881553,-6.103199484641664e-05,-0.23775887489318848,-89.59548950195312,1.0941462516784668,-0.0012706390116363764,6.216936162672937e-05
S4_k1.00_c1.10,122,23265,397.0702190535085,106.4423599243164,-16.826871871948242,-0.0035574722569435835,-3.169928822899237e-05,0.00012001473078271374,-3.201484651071951e-05,0.00012819255390301312,0.0008952473290264606,0.07271496951580048,0.00028781889704987407,-0.00027466434403322637,-0.25458163022994995,-89.59548950195312,-0.037550292909145355,-0.0029030253645032644,-5.151314690010622e-05
S4_k1.00_c1.10,123,23266,397.12021905425354,106.4423599243164,-16.82697868347168,-0.003621711628511548,-1.5323992556659505e-05,0.0015347977168858051,-7.038116109470138e-06,0.0015348903516486532,0.0003275059279985726,0.02829565852880478,0.0004995345952920616,-0.00033569600782357156,-0.23767007887363434,-89.59548950195312,-0.4783155024051666,-0.0036355173215270042,-9.829350892687216e-05
S4_k1.00_c1.10,124,23267,397.1702190549986,106.4423599243164,-16.827159881591797,-0.0037286377046257257,-9.324829079560004e-06,0.001952278078533709,7.200240816018777e-06,0.0019523136253759134,0.00011998326954199001,0.008349606767296791,0.0002847671275958419,-0.00033569533843547106,-0.2091062366962433,-89.59548950195312,-0.6073729991912842,-0.0037211664021015167,-9.619263437343761e-05
S4_k1.00_c1.10,125,23268,397.22021905574366,106.4423599243164,-16.827356338500977,-0.003842010395601392,-6.338763341773301e-06,0.0019390268716961145,1.621246337890625e-05,0.0019391050082574527,5.9721314755734056e-05,-0.0002650241367518902,0.00018024446035269648,-0.0002746696409303695,-0.17856162786483765,-89.59548950195312,-0.602118968963623,-0.0034641134552657604,-7.701206777710468e-05
S4_k1.00_c1.10,126,23269,397.2702190564887,106.44236755371094,-16.82753562927246,-0.003947677556425333,-5.06749620399205e-06,0.0017569924239069223,1.7652511814958416e-05,0.0017570884065286746,2.5425342755625024e-05,-0.003640688955783844,2.880096872104332e-05,-0.0002441400574753061,-0.15005241334438324,-89.59548950195312,-0.5446286797523499,-0.0029819845221936703,-5.627361679216847e-05
S4_k1.00_c1.10,127,23270,397.32021905723377,106.44236755371094,-16.827695846557617,-0.004040298517793417,-3.9817650758777745e-06,0.0015245985705405474,1.4925002687959932e-05,0.0015246768219700315,2.1714622562285513e-05,-0.004647877067327499,-5.455018253996968e-05,-0.00021361732797231525,-0.1249992847442627,-89.59548950195312,-0.4718526005744934,-0.002603956963866949,-3.91731082345359e-05
S4_k1.00_c1.10,128,23271,397.37021905797883,106.44236755371094,-16.827831268310547,-0.0041192625649273396,-3.4869194678321946e-06,0.001293159439228475,1.3074874914309476e-05,0.0012932302371299182,9.896912160911597e-06,-0.0046287826262414455,-3.7002555473009124e-05,-0.00018310805899091065,-0.10357297956943512,-89.59548950195312,-0.39968839287757874,-0.0022728994954377413,-2.6471998353372328e-05
S4_k1.00_c1.10,129,23272,397.4202190587239,106.44236755371094,-16.827945709228516,-0.004185523837804794,-2.71303292720404e-06,0.0010832227999344468,1.0223388017038815e-05,0.001083274440069567,1.5477729903068393e-05,-0.004198732785880566,-5.702973794541322e-05,-0.00015258218627423048,-0.08560275286436081,-89.5954818725586,-0.3344252109527588,-0.001792535767890513,-1.7512689737486653e-05
S4_k1.00_c1.10,130,23273,397.47021905946895,106.44236755371094,-16.828041076660156,-0.004240875132381916,-2.30978162107931e-06,0.0009008548804558814,5.91278057981981e-06,0.0009008772456369971,8.0650261224946e-06,-0.003647358389571309,-8.621215238235891e-05,-0.00012206970859551802,-0.07061732560396194,-89.59548950195312,-0.27786192297935486,-0.0014958013780415058,-1.1361847100488376e-05
S4_k1.00_c1.10,131,23274,397.520219060214,106.44236755371094,-16.8281192779541,-0.004286766052246094,-1.8483899566490436e-06,0.0007460612687282264,4.5967099140398204e-06,0.0007460777191310812,9.227833288605325e-06,-0.0030958722345530987,-2.6321413315599784e-05,-9.155059524346143e-05,-0.058165889233350754,-89.59548950195312,-0.22993791103363037,-0.0012861560098826885,-7.244614607770927e-06
S4_k1.00_c1.10,132,23275,397.57021906095906,106.44236755371094,-16.8281192779541,-0.004286766052246094,0.0,0.0,0.0,0.0,3.696779822348617e-05,-0.014921225607395172,-9.193419828079641e-05,-9.155059524346143e-05,-0.058165889233350754,-89.59548950195312,0.0,0.0,0.0
S4_k1.00_c1.10,133,23276,397.6202190617041,106.44236755371094,-16.8281192779541,-0.004286766052246094,0.0,0.0,0.0,0.0,0.0,0.0,0.0,-9.155059524346143e-05,-0.058165889233350754,-89.59548950195312,0.0,0.0,0.0
S4_k1.00_c1.10,134,23277,397.6702190624492,106.44236755371094,-16.8281192779541,-0.004286766052246094,0.0,0.0,0.0,0.0,0.0,0.0,0.0,-9.155059524346143e-05,-0.058165889233350754,-89.59548950195312,0.0,0.0,0.0
S4_k1.00_c1.10,135,23278,397.72021906319424,106.44236755371094,-16.8281192779541,-0.004286766052246094,0.0,0.0,0.0,0.0,0.0,0.0,0.0,-9.155059524346143e-05,-0.058165889233350754,-89.59548950195312,0.0,0.0,0.0
S4_k1.00_c1.10,136,23279,397.7702190639393,106.44236755371094,-16.8281192779541,-0.004286766052246094,0.0,0.0,0.0,0.0,0.0,0.0,0.0,-9.155059524346143e-05,-0.058165889233350754,-89.59548950195312,0.0,0.0,0.0
S4_k1.00_c1.10,137,23280,397.82021906468435,106.44236755371094,-16.8281192779541,-0.004286766052246094,0.0,0.0,0.0,0.0,0.0,0.0,0.0,-9.155059524346143e-05,-0.058165889233350754,-89.59548950195312,0.0,0.0,0.0
S4_k1.00_c1.10,138,23281,397.8702190654294,106.44236755371094,-16.8281192779541,-0.004286766052246094,0.0,0.0,0.0,0.0,0.0,0.0,0.0,-9.155059524346143e-05,-0.058165889233350754,-89.59548950195312,0.0,0.0,0.0
S4_k1.00_c1.10,139,23282,397.92021906617447,106.44236755371094,-16.8281192779541,-0.004286766052246094,0.0,0.0,0.0,0.0,0.0,0.0,0.0,-9.155059524346143e-05,-0.058165889233350754,-89.59548950195312,0.0,0.0,0.0
S4_k1.00_c1.10,140,23283,397.9702190669195,106.44236755371094,-16.8281192779541,-0.004286766052246094,0.0,0.0,0.0,0.0,0.0,0.0,0.0,-9.155059524346143e-05,-0.058165889233350754,-89.59548950195312,0.0,0.0,0.0
S4_k1.00_c1.10,141,23284,398.0202190676646,106.44236755371094,-16.8281192779541,-0.004286766052246094,0.0,0.0,0.0,0.0,0.0,0.0,0.0,-9.155059524346143e-05,-0.058165889233350754,-89.59548950195312,0.0,0.0,0.0
S4_k1.00_c1.10,142,23285,398.07021906840964,106.44236755371094,-16.8281192779541,-0.004286766052246094,0.0,0.0,0.0,0.0,0.0,0.0,0.0,-9.155059524346143e-05,-0.058165889233350754,-89.59548950195312,0.0,0.0,0.0
S4_k1.00_c1.10,143,23286,398.1202190691547,106.44236755371094,-16.8281192779541,-0.004286766052246094,0.0,0.0,0.0,0.0,0.0,0.0,0.0,-9.155059524346143e-05,-0.058165889233350754,-89.59548950195312,0.0,0.0,0.0
S4_k1.00_c1.10,144,23287,398.17021906989976,106.44236755371094,-16.8281192779541,-0.004286766052246094,0.0,0.0,0.0,0.0,0.0,0.0,0.0,-9.155059524346143e-05,-0.058165889233350754,-89.59548950195312,0.0,0.0,0.0
S4_k1.00_c1.10,145,23288,398.2202190706448,106.44236755371094,-16.8281192779541,-0.004286766052246094,0.0,0.0,0.0,0.0,0.0,0.0,0.0,-9.155059524346143e-05,-0.058165889233350754,-89.59548950195312,0.0,0.0,0.0
S4_k1.00_c1.10,146,23289,398.2702190713899,106.44236755371094,-16.8281192779541,-0.004286766052246094,0.0,0.0,0.0,0.0,0.0,0.0,0.0,-9.155059524346143e-05,-0.058165889233350754,-89.59548950195312,0.0,0.0,0.0
S4_k1.00_c1.10,147,23290,398.32021907213493,106.44236755371094,-16.8281192779541,-0.004286766052246094,0.0,0.0,0.0,0.0,0.0,0.0,0.0,-9.155059524346143e-05,-0.058165889233350754,-89.59548950195312,0.0,0.0,0.0
S4_k1.00_c1.10,148,23291,398.37021907288,106.44236755371094,-16.8281192779541,-0.004286766052246094,0.0,0.0,0.0,0.0,0.0,0.0,0.0,-9.155059524346143e-05,-0.058165889233350754,-89.59548950195312,0.0,0.0,0.0
S4_k1.00_c1.10,149,23292,398.42021907362505,106.44236755371094,-16.8281192779541,-0.004286766052246094,0.0,0.0,0.0,0.0,0.0,0.0,0.0,-9.155059524346143e-05,-0.058165889233350754,-89.59548950195312,0.0,0.0,0.0
S4_k1.00_c1.10,150,23293,398.4702190743701,106.44236755371094,-16.8281192779541,-0.004286766052246094,0.0,0.0,0.0,0.0,0.0,0.0,0.0,-9.155059524346143e-05,-0.058165889233350754,-89.59548950195312,0.0,0.0,0.0
S4_k1.00_c1.10,151,23294,398.52021907511516,106.44236755371094,-16.8281192779541,-0.004286766052246094,0.0,0.0,0.0,0.0,0.0,0.0,0.0,-9.155059524346143e-05,-0.058165889233350754,-89.59548950195312,0.0,0.0,0.0
S4_k1.00_c1.10,152,23295,398.5702190758602,106.44236755371094,-16.8281192779541,-0.004286766052246094,0.0,0.0,0.0,0.0,0.0,0.0,0.0,-9.155059524346143e-05,-0.058165889233350754,-89.59548950195312,0.0,0.0,0.0
S4_k1.00_c1.10,153,23296,398.6202190766053,106.44236755371094,-16.8281192779541,-0.004286766052246094,0.0,0.0,0.0,0.0,0.0,0.0,0.0,-9.155059524346143e-05,-0.058165889233350754,-89.59548950195312,0.0,0.0,0.0
S4_k1.00_c1.10,154,23297,398.67021907735034,106.44236755371094,-16.8281192779541,-0.004286766052246094,0.0,0.0,0.0,0.0,0.0,0.0,0.0,-9.155059524346143e-05,-0.058165889233350754,-89.59548950195312,0.0,0.0,0.0
S4_k1.00_c1.10,155,23298,398.7202190780954,106.44236755371094,-16.8281192779541,-0.004286766052246094,0.0,0.0,0.0,0.0,0.0,0.0,0.0,-9.155059524346143e-05,-0.058165889233350754,-89.59548950195312,0.0,0.0,0.0
S4_k1.00_c1.10,156,23299,398.77021907884046,106.44236755371094,-16.8281192779541,-0.004286766052246094,0.0,0.0,0.0,0.0,0.0,0.0,0.0,-9.155059524346143e-05,-0.058165889233350754,-89.59548950195312,0.0,0.0,0.0
S4_k1.00_c1.10,157,23300,398.8202190795855,106.44236755371094,-16.8281192779541,-0.004286766052246094,0.0,0.0,0.0,0.0,0.0,0.0,0.0,-9.155059524346143e-05,-0.058165889233350754,-89.59548950195312,0.0,0.0,0.0
S4_k1.00_c1.10,158,23301,398.87021908033057,106.44236755371094,-16.8281192779541,-0.004286766052246094,0.0,0.0,0.0,0.0,0.0,0.0,0.0,-9.155059524346143e-05,-0.058165889233350754,-89.59548950195312,0.0,0.0,0.0
S4_k1.00_c1.10,159,23302,398.92021908107563,106.44236755371094,-16.8281192779541,-0.004286766052246094,0.0,0.0,0.0,0.0,0.0,0.0,0.0,-9.155059524346143e-05,-0.058165889233350754,-89.59548950195312,0.0,0.0,0.0
S4_k1.00_c1.10,160,23303,398.9702190818207,106.44236755371094,-16.8281192779541,-0.004286766052246094,0.0,0.0,0.0,0.0,0.0,0.0,0.0,-9.155059524346143e-05,-0.058165889233350754,-89.59548950195312,0.0,0.0,0.0
S4_k1.00_c1.10,161,23304,399.02021908256575,106.44236755371094,-16.8281192779541,-0.004286766052246094,0.0,0.0,0.0,0.0,0.0,0.0,0.0,-9.155059524346143e-05,-0.058165889233350754,-89.59548950195312,0.0,0.0,0.0
S4_k1.00_c1.10,162,23305,399.0702190833108,106.44236755371094,-16.8281192779541,-0.004286766052246094,0.0,0.0,0.0,0.0,0.0,0.0,0.0,-9.155059524346143e-05,-0.058165889233350754,-89.59548950195312,0.0,0.0,0.0
S4_k1.00_c1.10,163,23306,399.12021908405586,106.44236755371094,-16.8281192779541,-0.004286766052246094,0.0,0.0,0.0,0.0,0.0,0.0,0.0,-9.155059524346143e-05,-0.058165889233350754,-89.59548950195312,0.0,0.0,0.0
S4_k1.00_c1.10,164,23307,399.1702190848009,106.44236755371094,-16.8281192779541,-0.004286766052246094,0.0,0.0,0.0,0.0,0.0,0.0,0.0,-9.155059524346143e-05,-0.058165889233350754,-89.59548950195312,0.0,0.0,0.0
S4_k1.00_c1.10,165,23308,399.220219085546,106.44236755371094,-16.8281192779541,-0.004286766052246094,0.0,0.0,0.0,0.0,0.0,0.0,0.0,-9.155059524346143e-05,-0.058165889233350754,-89.59548950195312,0.0,0.0,0.0
S4_k1.00_c1.10,166,23309,399.27021908629104,106.44236755371094,-16.8281192779541,-0.004286766052246094,0.0,0.0,0.0,0.0,0.0,0.0,0.0,-9.155059524346143e-05,-0.058165889233350754,-89.59548950195312,0.0,0.0,0.0
S4_k1.00_c1.10,167,23310,399.3202190870361,106.44236755371094,-16.8281192779541,-0.004286766052246094,0.0,0.0,0.0,0.0,0.0,0.0,0.0,-9.155059524346143e-05,-0.058165889233350754,-89.59548950195312,0.0,0.0,0.0
S4_k1.00_c1.10,168,23311,399.37021908778115,106.44236755371094,-16.8281192779541,-0.004286766052246094,0.0,0.0,0.0,0.0,0.0,0.0,0.0,-9.155059524346143e-05,-0.058165889233350754,-89.59548950195312,0.0,0.0,0.0
S4_k1.00_c1.10,169,23312,399.4202190885262,106.44236755371094,-16.8281192779541,-0.004286766052246094,0.0,0.0,0.0,0.0,0.0,0.0,0.0,-9.155059524346143e-05,-0.058165889233350754,-89.59548950195312,0.0,0.0,0.0
S4_k1.00_c1.10,170,23313,399.47021908927127,106.44236755371094,-16.8281192779541,-0.004286766052246094,0.0,0.0,0.0,0.0,0.0,0.0,0.0,-9.155059524346143e-05,-0.058165889233350754,-89.59548950195312,0.0,0.0,0.0
S4_k1.00_c1.10,171,23314,399.5202190900163,106.44236755371094,-16.8281192779541,-0.004286766052246094,0.0,0.0,0.0,0.0,0.0,0.0,0.0,-9.155059524346143e-05,-0.058165889233350754,-89.59548950195312,0.0,0.0,0.0
S4_k1.00_c1.10,172,23315,399.5702190907614,106.44236755371094,-16.8281192779541,-0.004286766052246094,0.0,0.0,0.0,0.0,0.0,0.0,0.0,-9.155059524346143e-05,-0.058165889233350754,-89.59548950195312,0.0,0.0,0.0
S4_k1.00_c1.10,173,23316,399.62021909150644,106.44236755371094,-16.8281192779541,-0.004286766052246094,0.0,0.0,0.0,0.0,0.0,0.0,0.0,-9.155059524346143e-05,-0.058165889233350754,-89.59548950195312,0.0,0.0,0.0
S4_k1.00_c1.10,174,23317,399.6702190922515,106.44236755371094,-16.8281192779541,-0.004286766052246094,0.0,0.0,0.0,0.0,0.0,0.0,0.0,-9.155059524346143e-05,-0.058165889233350754,-89.59548950195312,0.0,0.0,0.0
S4_k1.00_c1.10,175,23318,399.72021909299656,106.44236755371094,-16.8281192779541,-0.004286766052246094,0.0,0.0,0.0,0.0,0.0,0.0,0.0,-9.155059524346143e-05,-0.058165889233350754,-89.59548950195312,0.0,0.0,0.0
S4_k1.00_c1.10,176,23319,399.7702190937416,106.44236755371094,-16.8281192779541,-0.004286766052246094,0.0,0.0,0.0,0.0,0.0,0.0,0.0,-9.155059524346143e-05,-0.058165889233350754,-89.59548950195312,0.0,0.0,0.0
S4_k1.00_c1.10,177,23320,399.8202190944867,106.44236755371094,-16.8281192779541,-0.004286766052246094,0.0,0.0,0.0,0.0,0.0,0.0,0.0,-9.155059524346143e-05,-0.058165889233350754,-89.59548950195312,0.0,0.0,0.0
S4_k1.00_c1.10,178,23321,399.87021909523173,106.44236755371094,-16.8281192779541,-0.004286766052246094,0.0,0.0,0.0,0.0,0.0,0.0,0.0,-9.155059524346143e-05,-0.058165889233350754,-89.59548950195312,0.0,0.0,0.0
S4_k1.00_c1.10,179,23322,399.9202190959768,106.44236755371094,-16.8281192779541,-0.004286766052246094,0.0,0.0,0.0,0.0,0.0,0.0,0.0,-9.155059524346143e-05,-0.058165889233350754,-89.59548950195312,0.0,0.0,0.0
S4_k1.00_c1.10,180,23323,399.97021909672185,106.44236755371094,-16.8281192779541,-0.004286766052246094,0.0,0.0,0.0,0.0,0.0,0.0,0.0,-9.155059524346143e-05,-0.058165889233350754,-89.59548950195312,0.0,0.0,0.0
S4_k1.00_c1.10,181,23324,400.0202190974669,106.44236755371094,-16.8281192779541,-0.004286766052246094,0.0,0.0,0.0,0.0,0.0,0.0,0.0,-9.155059524346143e-05,-0.058165889233350754,-89.59548950195312,0.0,0.0,0.0
S4_k1.00_c1.10,182,23325,400.07021909821196,106.44236755371094,-16.8281192779541,-0.004286766052246094,0.0,0.0,0.0,0.0,0.0,0.0,0.0,-9.155059524346143e-05,-0.058165889233350754,-89.59548950195312,0.0,0.0,0.0
S4_k1.00_c1.10,183,23326,400.120219098957,106.44236755371094,-16.8281192779541,-0.004286766052246094,0.0,0.0,0.0,0.0,0.0,0.0,0.0,-9.155059524346143e-05,-0.058165889233350754,-89.59548950195312,0.0,0.0,0.0
S4_k1.00_c1.10,184,23327,400.1702190997021,106.44236755371094,-16.8281192779541,-0.004286766052246094,0.0,0.0,0.0,0.0,0.0,0.0,0.0,-9.155059524346143e-05,-0.058165889233350754,-89.59548950195312,0.0,0.0,0.0
S4_k1.00_c1.10,185,23328,400.22021910044714,106.44236755371094,-16.8281192779541,-0.004286766052246094,0.0,0.0,0.0,0.0,0.0,0.0,0.0,-9.155059524346143e-05,-0.058165889233350754,-89.59548950195312,0.0,0.0,0.0
S4_k1.00_c1.10,186,23329,400.2702191011922,106.44236755371094,-16.8281192779541,-0.004286766052246094,0.0,0.0,0.0,0.0,0.0,0.0,0.0,-9.155059524346143e-05,-0.058165889233350754,-89.59548950195312,0.0,0.0,0.0
S4_k1.00_c1.10,187,23330,400.32021910193725,106.44236755371094,-16.8281192779541,-0.004286766052246094,0.0,0.0,0.0,0.0,0.0,0.0,0.0,-9.155059524346143e-05,-0.058165889233350754,-89.59548950195312,0.0,0.0,0.0
S4_k1.00_c1.10,188,23331,400.3702191026823,106.44236755371094,-16.8281192779541,-0.004286766052246094,0.0,0.0,0.0,0.0,0.0,0.0,0.0,-9.155059524346143e-05,-0.058165889233350754,-89.59548950195312,0.0,0.0,0.0
S4_k1.00_c1.10,189,23332,400.42021910342737,106.44236755371094,-16.8281192779541,-0.004286766052246094,0.0,0.0,0.0,0.0,0.0,0.0,0.0,-9.155059524346143e-05,-0.058165889233350754,-89.59548950195312,0.0,0.0,0.0
S4_k1.00_c1.10,190,23333,400.47021910417243,106.44236755371094,-16.8281192779541,-0.004286766052246094,0.0,0.0,0.0,0.0,0.0,0.0,0.0,-9.155059524346143e-05,-0.058165889233350754,-89.59548950195312,0.0,0.0,0.0
S4_k1.00_c1.10,191,23334,400.5202191049175,106.44236755371094,-16.8281192779541,-0.004286766052246094,0.0,0.0,0.0,0.0,0.0,0.0,0.0,-9.155059524346143e-05,-0.058165889233350754,-89.59548950195312,0.0,0.0,0.0
S4_k1.00_c1.10,192,23335,400.57021910566255,106.44236755371094,-16.8281192779541,-0.004286766052246094,0.0,0.0,0.0,0.0,0.0,0.0,0.0,-9.155059524346143e-05,-0.058165889233350754,-89.59548950195312,0.0,0.0,0.0
S4_k1.00_c1.10,193,23336,400.6202191064076,106.44236755371094,-16.8281192779541,-0.004286766052246094,0.0,0.0,0.0,0.0,0.0,0.0,0.0,-9.155059524346143e-05,-0.058165889233350754,-89.59548950195312,0.0,0.0,0.0
S4_k1.00_c1.10,194,23337,400.67021910715266,106.44236755371094,-16.8281192779541,-0.004286766052246094,0.0,0.0,0.0,0.0,0.0,0.0,0.0,-9.155059524346143e-05,-0.058165889233350754,-89.59548950195312,0.0,0.0,0.0
S4_k1.00_c1.10,195,23338,400.7202191078977,106.44236755371094,-16.8281192779541,-0.004286766052246094,0.0,0.0,0.0,0.0,0.0,0.0,0.0,-9.155059524346143e-05,-0.058165889233350754,-89.59548950195312,0.0,0.0,0.0
S4_k1.00_c1.10,196,23339,400.7702191086428,106.44236755371094,-16.8281192779541,-0.004286766052246094,0.0,0.0,0.0,0.0,0.0,0.0,0.0,-9.155059524346143e-05,-0.058165889233350754,-89.59548950195312,0.0,0.0,0.0
S4_k1.00_c1.10,197,23340,400.82021910938784,106.44236755371094,-16.8281192779541,-0.004286766052246094,0.0,0.0,0.0,0.0,0.0,0.0,0.0,-9.155059524346143e-05,-0.058165889233350754,-89.59548950195312,0.0,0.0,0.0
S4_k1.00_c1.10,198,23341,400.8702191101329,106.44236755371094,-16.8281192779541,-0.004286766052246094,0.0,0.0,0.0,0.0,0.0,0.0,0.0,-9.155059524346143e-05,-0.058165889233350754,-89.59548950195312,0.0,0.0,0.0
S4_k1.00_c1.10,199,23342,400.92021911087795,106.44236755371094,-16.8281192779541,-0.004286766052246094,0.0,0.0,0.0,0.0,0.0,0.0,0.0,-9.155059524346143e-05,-0.058165889233350754,-89.59548950195312,0.0,0.0,0.0
S5_k1.05_c1.10,0,23347,401.17021911460324,106.41629028320312,-12.711931228637695,0.48239871859550476,0.0,0.0,-1.470000147819519,1.470000147819519,0.0,0.0,-9.80000114440918,0.0,0.0,-89.6092529296875,0.0,0.0,0.0
S5_k1.05_c1.10,1,23348,401.2202191153483,106.41629028320312,-12.711931228637695,0.3941987156867981,0.0,0.0,-1.9600002765655518,1.9600002765655518,0.0,0.0,-9.800003051757812,0.0,0.0,-89.6092529296875,0.0,0.0,0.0
S5_k1.05_c1.10,2,23349,401.27021911609336,106.41629028320312,-12.711931228637695,0.28149881958961487,0.0,0.0,-2.450000286102295,2.450000286102295,0.0,0.0,-9.800000190734863,0.0,0.0,-89.6092529296875,0.0,0.0,0.0
S5_k1.05_c1.10,3,23350,401.3202191168384,106.41629028320312,-12.711931228637695,0.14429865777492523,0.0,0.0,-2.93999981880188,2.93999981880188,0.0,0.0,-9.7999906539917,0.0,0.0,-89.6092529296875,0.0,0.0,0.0
S5_k1.05_c1.10,4,23351,401.3702191175835,106.41629028320312,-12.711931228637695,0.012789878994226456,6.477804959104105e-08,1.6686415582611858e-09,-2.0191991329193115,2.0191991329193124,1.295560991820821e-06,3.3372831609312925e-08,18.416013717651367,0.0,0.0,-89.6092529296875,-4.3009575279029377e-07,7.434447525156429e-06,1.2624790990400925e-08
S5_k1.05_c1.10,5,23352,401.42021911832853,106.41629028320312,-12.711931228637695,-0.052536580711603165,5.9586877654282944e-08,3.4433929041455258e-09,-0.9183927774429321,0.918392777442934,-1.038234387351622e-07,3.549502736177601e-08,22.01612663269043,0.0,0.0,-89.6092529296875,-4.486402644943155e-07,-7.017284951871261e-05,-6.760491277901792e-09
S5_k1.05_c1.10,6,23353,401.4702191190736,106.41629028320312,-12.711931228637695,-0.07905837893486023,-7.773988386361452e-08,-1.5373400330531695e-09,-0.3218604326248169,0.3218604326248263,-2.746535301412223e-06,-9.961466673757968e-08,11.930646896362305,0.0,0.0,-89.6092529296875,1.5578106626890076e-07,2.214977575931698e-05,3.049521968279123e-09
S5_k1.05_c1.10,7,23354,401.52021911981865,106.41629028320312,-12.711931228637695,-0.08505843579769135,9.900404052132217e-08,-6.676523778281762e-09,-0.013820399530231953,0.013820399530588178,3.534878487698734e-06,-1.0278367312821501e-07,6.160800457000732,0.0,0.0,-89.6092529296875,2.137225237675011e-06,1.6553316527279094e-05,-1.6706068750593772e-09
S5_k1.05_c1.10,8,23355,401.5702191205637,106.41629028320312,-12.711931228637695,-0.08090068399906158,8.587956301653321e-08,-1.169286623081689e-08,0.1320503056049347,0.13205030560496314,-2.624895500957791e-07,-1.0032685082705939e-07,2.9174139499664307,0.0,0.0,-89.6092529296875,3.627479372880771e-06,1.8909655409515835e-05,-5.433977157132119e-10
S5_k1.05_c1.10,9,23356,401.62021912130876,106.41629028320312,-12.711931228637695,-0.0723322257399559,-4.924264018768554e-08,-1.132755134136687e-08,0.1891251504421234,0.18912515044213016,-2.7024441351386486e-06,7.306297789000382e-09,1.1414968967437744,0.0,0.0,-89.6092529296875,3.2730379189160885e-06,2.261976624140516e-05,4.700260625156716e-09
S5_k1.05_c1.10,10,23357,401.6702191220538,106.41629028320312,-12.711931228637695,-0.06243427097797394,-2.5632286337895493e-07,-1.3393300690722754e-08,0.1995527744293213,0.19955277442948635,-4.141604222240858e-06,-4.1314986987117663e-08,0.20855247974395752,0.0,0.0,-89.6092529296875,3.3972642086155247e-06,2.4714470782782882e-05,3.1260334321103755e-09
S5_k1.05_c1.10,11,23358,401.7202191227989,106.41629028320312,-12.711931228637695,-0.0527690127491951,8.773460535849154e-08,3.708088769371898e-08,0.18717126548290253,0.18717126548292676,6.881149602122605e-06,1.00948375347798e-06,-0.24763017892837524,0.0,0.0,-89.6092529296875,-1.1044342500099447e-05,-2.689835491764825e-05,-4.9224553322346765e-09
S5_k1.05_c1.10,12,23359,401.77021912354394,106.41629028320312,-12.711931228637695,-0.04404998570680618,-9.487175844924423e-08,-1.1830054269523771e-08,0.1651468425989151,0.16514684259894277,-3.652127134046168e-06,-9.78218849922996e-07,-0.44048845767974854,0.0,0.0,-89.6092529296875,3.3691385397105478e-06,1.5133047782001086e-05,2.4859818648081955e-09
S5_k1.05_c1.10,13,23360,401.820219124289,106.41629028320312,-12.711931228637695,-0.036530379205942154,-1.7752974201812322e-07,-1.4066992903849496e-08,0.1405019313097,0.14050193130981287,-1.6531596429558704e-06,-4.4738772686514494e-08,-0.49289822578430176,0.0,0.0,-89.6092529296875,3.8507346289407e-06,1.3299771126185078e-05,-3.328132214264201e-10
S5_k1.05_c1.10,14,23361,401.87021912503405,106.41629028320312,-12.711931228637695,-0.030225295573472977,4.1471569289797117e-08,-1.3629732009690088e-08,0.1167614534497261,0.11676145344973426,4.3800259845738765e-06,8.745217883188161e-09,-0.47480955719947815,0.0,0.0,-89.6092529296875,4.228450052323751e-06,5.782985681435093e-06,-4.3418982298426556e-10
S5_k1.05_c1.10,15,23362,401.9202191257791,106.41629028320312,-12.711931228637695,-0.025036543607711792,6.614758962797396e-09,-1.6032490890438567e-08,0.09550067782402039,0.09550067782402195,-6.971362154217786e-07,-4.805517761496958e-08,-0.4252155125141144,0.0,0.0,-89.6092529296875,4.9102777666121256e-06,3.2390835258411244e-06,-1.3216683303340915e-09
S5_k1.05_c1.10,16,23363,401.97021912652417,106.41629028320312,-12.711931228637695,-0.020821494981646538,-4.077105586475227e-08,-1.6449558160047673e-08,0.07724445313215256,0.07724445313216506,-9.477162734583544e-07,-8.34134539218212e-09,-0.36512449383735657,0.0,0.0,-89.6092529296875,4.928943781123962e-06,4.823412837140495e-06,-3.684509364276778e-10
S5_k1.05_c1.10,17,23364,402.02021912726923,106.41629028320312,-12.711931228637695,-0.017428740859031677,-6.314757428071971e-08,-1.5317530355218878e-08,0.06198190525174141,0.06198190525177547,-4.475303683193488e-07,2.2640556096575892e-08,-0.30525094270706177,0.0,0.0,-89.6092529296875,4.550993253360502e-06,2.6342358978581615e-06,-2.1423913754148316e-09
S5_k1.05_c1.10,18,23365,402.0702191280143,106.41629028320312,-12.711931228637695,-0.014715919271111488,6.1784581895096835e-09,3.4908129720179204e-08,0.04944758489727974,0.049447584897292444,1.3865206938135088e-06,1.0045131375591154e-06,-0.2506864070892334,0.0,0.0,-89.6092529296875,-1.0990456758008804e-05,3.912732790922746e-05,-4.543510456755939e-09
S5_k1.05_c1.10,19,23366,402.12021912875935,106.41629028320312,-12.711931228637695,-0.012557334266602993,-6.87080401462481e-08,-1.1190002702221591e-08,0.03927656263113022,0.039276562631191905,-1.4977299542806577e-06,-9.21962680422439e-07,-0.20342044532299042,0.0,0.0,-89.6092529296875,3.2614796054986073e-06,4.220243681629654e-06,-8.791927186280191e-10
S5_k1.05_c1.10,20,23367,402.1702191295044,106.41629028320312,-12.711931228637695,-0.010846023447811604,-7.431503945554141e-08,-5.96317306644778e-09,0.03109986148774624,0.0310998614878356,-1.1213998618586629e-07,1.045365962681899e-07,-0.163534015417099,0.0,0.0,-89.6092529296875,1.6465384078401257e-06,4.234389507473679e-06,-8.494537295788973e-10
S5_k1.05_c1.10,21,23368,402.22021913024946,106.41629028320312,-12.711931228637695,-0.00949302688241005,1.0397680050289182e-08,-4.56216753264016e-09,0.024566516280174255,0.02456651628017688,1.694254365247616e-06,2.80201106761524e-08,-0.13066691160202026,0.0,0.0,-89.6092529296875,1.4098255860517384e-06,1.8674834336707136e-06,-1.0949078449451477e-10
S5_k1.05_c1.10,22,23369,402.2702191309945,106.41629028320312,-12.711931228637695,-0.008425368927419186,-4.8346365133511426e-08,-2.9654463329364944e-09,0.01936999335885048,0.019369993358911042,-1.1748809356504353e-06,3.1934423105894894e-08,-0.10393045842647552,0.0,0.0,-89.6092529296875,7.921832434476528e-07,2.6945640456688125e-06,-1.3198871995356853e-09
S5_k1.05_c1.10,23,23370,402.3202191317396,106.41629028320312,-12.711931228637695,-0.007584266364574432,1.3701235701546466e-08,-3.180923746626263e-09,0.015251998789608479,0.015251998789614965,1.2409520877554314e-06,-4.309548273795372e-09,-0.08235989511013031,0.0,0.0,-89.6092529296875,9.899354154185858e-07,2.284969923493918e-06,3.060042150226927e-11
S5_k1.05_c1.10,24,23371,402.37021913248464,106.41629028320312,-12.711931228637695,-0.006922378204762936,1.0842964748292161e-08,-5.655703017026781e-09,0.01199834793806076,0.011998347938066993,-5.71654190650861e-08,-4.9495586296188776e-08,-0.06507301330566406,0.0,0.0,-89.6092529296875,1.7320204506177106e-06,4.017066203232389e-06,5.4009879901784075e-11
S5_k1.05_c1.10,25,23372,402.4202191332297,106.41630554199219,-12.714962005615234,-0.006463813595473766,0.001255361596122384,-0.1831892728805542,0.009429864585399628,0.18343611415787825,0.025107014924287796,-3.663785457611084,-0.051369667053222656,0.0,0.016713472083210945,-89.60945892333984,-1.0669587850570679,-0.007398045156151056,-0.0027586803771555424
S5_k1.05_c1.10,26,23373,402.47021913397475,106.41645050048828,-12.735418319702148,-0.006336478982120752,0.0033627578523010015,-0.47941580414772034,0.0074003408662974834,0.4794847092993852,0.0421479269862175,-5.924530506134033,-0.040590472519397736,0.00013642052363138646,0.09280860424041748,-89.6141357421875,-1.3966419696807861,-0.0007227193564176559,-1.1885606050491333
S5_k1.05_c1.10,27,23374,402.5202191347198,106.41671752929688,-12.764205932617188,-0.006215553265064955,0.004313347861170769,-0.6435233354568481,0.005800189916044474,0.643563928798329,0.01901179924607277,-3.2821507453918457,-0.032003019005060196,0.0005640260060317814,0.14695151150226593,-89.63872528076172,-1.102577567100525,-0.002647670218721032,-0.33180150389671326
S5_k1.05_c1.10,28,23375,402.57021913546487,106.41703796386719,-12.798165321350098,-0.006065673660486937,0.0036572974640876055,-0.6764733791351318,0.004546432290226221,0.6764985429029499,-0.013121007941663265,-0.6590008735656738,-0.02507515251636505,0.0008130564237944782,0.17444302141666412,-89.66284942626953,-0.15412892401218414,0.045049168169498444,-0.944591224193573
S5_k1.05_c1.10,29,23376,402.6202191362099,106.41730499267578,-12.834248542785645,-0.00588237727060914,0.004687662236392498,-0.748694658279419,0.003570403903722763,0.7487178462527884,0.020607296377420425,-1.4444255828857422,-0.01952056773006916,0.0012884706957265735,0.17822694778442383,-89.6746597290039,-0.018040362745523453,0.001518129138275981,0.050707001239061356
S5_k1.05_c1.10,30,23377,402.670219136955,106.41756439208984,-12.87149715423584,-0.005685882642865181,0.004428946413099766,-0.745508074760437,0.002807874698191881,0.7455265181465138,-0.005174316465854645,0.06373167037963867,-0.015250584110617638,0.0014031962491571903,0.1669776290655136,-89.67961120605469,0.35607826709747314,0.005713055841624737,-0.18180599808692932
S5_k1.05_c1.10,31,23378,402.72021913770004,106.41777038574219,-12.908461570739746,-0.00548275001347065,0.00428348034620285,-0.7413371801376343,0.0022126769181340933,0.7413528571452594,-0.0029093213379383087,0.08341789245605469,-0.011903955601155758,0.0014400805812329054,0.14490245282649994,-89.67999267578125,0.47645801305770874,0.0017153744120150805,-0.0915805846452713
S5_k1.05_c1.10,32,23379,402.7702191384451,106.41797637939453,-12.945185661315918,-0.005299873184412718,0.004202455282211304,-0.7336565852165222,0.0017386054387316108,0.7336706811716267,-0.0016205012798309326,0.1536118984222412,-0.009481430053710938,0.0012891276273876429,0.12130415439605713,-89.68035888671875,0.49031156301498413,-0.0007780609303154051,0.15965144336223602
S5_k1.05_c1.10,33,23380,402.82021913919016,106.41815948486328,-12.981807708740234,-0.005145149305462837,0.004013772122561932,-0.737203061580658,0.0013660525437444448,0.7372152538235351,-0.003773663192987442,-0.07092952728271484,-0.0074510578997433186,0.0012234693858772516,0.09978906065225601,-89.67853546142578,0.39955171942710876,9.993153071263805e-05,0.11813662946224213
S5_k1.05_c1.10,34,23381,402.8702191399352,106.41836547851562,-13.0185546875,-0.005021095275878906,0.003960589412599802,-0.7390235066413879,0.001073703751899302,0.7390348993632003,-0.0010636541992425919,-0.03640890121459961,-0.005846975836902857,0.0011112308129668236,0.0822286456823349,-89.67967987060547,0.3193822503089905,0.0037552034482359886,-0.23326177895069122
S5_k1.05_c1.10,35,23382,402.9202191406803,106.41856384277344,-13.055831909179688,-0.0049285888671875,0.004509767517447472,-0.7612874507904053,0.0008407592540606856,0.7613012725656897,0.010983562096953392,-0.4452788829803467,-0.004658889956772327,0.0008085408480837941,0.06976354867219925,-89.67719268798828,0.15797634422779083,-0.012416291981935501,0.09947248548269272
S5_k1.05_c1.10,36,23383,402.97021914142533,106.41874694824219,-13.093812942504883,-0.004859390202909708,0.004394669085741043,-0.7658206224441528,0.0006580066401511431,0.7658335144467505,-0.0023019686341285706,-0.09066343307495117,-0.003655052278190851,0.0005377209163270891,0.060877472162246704,-89.67003631591797,0.16172602772712708,-0.003973156213760376,0.4431394934654236
S5_k1.05_c1.10,37,23384,403.0202191421704,106.41899108886719,-13.132835388183594,-0.0048120878636837006,0.004506789147853851,-0.7895872592926025,0.000514774292241782,0.7896002888665877,0.0022424012422561646,-0.47533273696899414,-0.0028646469581872225,0.00040278121014125645,0.055761661380529404,-89.66806030273438,0.082831010222435,-0.003450305899605155,0.09857723116874695
S5_k1.05_c1.10,38,23385,403.07021914291545,106.41924285888672,-13.17245864868164,-0.004771041683852673,0.004552312195301056,-0.7951418161392212,0.00040430069202557206,0.7951549501691806,0.0009104609489440918,-0.11109113693237305,-0.0022094720043241978,0.0003454282705206424,0.050714150071144104,-89.6715087890625,0.11626875400543213,0.0003300621756352484,-0.34310173988342285
S5_k1.05_c1.10,39,23386,403.1202191436605,106.41948699951172,-13.212508201599121,-0.004734153859317303,0.004691889975219965,-0.8063995838165283,0.00031705855508334935,0.8064132954863387,0.0027915555983781815,-0.22515535354614258,-0.0017448427388444543,0.0002669544192031026,0.04550271853804588,-89.6715087890625,0.09337390214204788,-0.0016604833072051406,-0.006818155758082867
S5_k1.05_c1.10,40,23387,403.17021914440556,106.41972351074219,-13.25274658203125,-0.004699325654655695,0.004608686547726393,-0.8036603927612305,0.00024852753267623484,0.803673645611678,-0.0016640685498714447,0.05478382110595703,-0.0013706204481422901,0.00017776837921701372,0.039751697331666946,-89.66820526123047,0.14203156530857086,0.0015547703951597214,0.2708219885826111
S5_k1.05_c1.10,41,23388,403.2202191451506,106.41996765136719,-13.292977333068848,-0.004665489308536053,0.004595615901052952,-0.8065200448036194,0.00019498824258334935,0.8065331613616126,-0.00026141293346881866,-0.05719304084777832,-0.0010707858018577099,0.0001485883112763986,0.03356354683637619,-89.66741180419922,0.11816221475601196,0.0015775818610563874,0.06764502823352814
S5_k1.05_c1.10,42,23389,403.2702191458957,106.42021942138672,-13.332965850830078,-0.004632224794477224,0.004572946112602949,-0.8002625107765198,0.00015421866555698216,0.8002755911396304,-0.0004533957690000534,0.1251506805419922,-0.0008153915405273438,0.0001376618311041966,0.026863131672143936,-89.66973876953125,0.11832936853170395,0.002002924680709839,-0.12912333011627197
S5_k1.05_c1.10,43,23390,403.32021914664074,106.42045593261719,-13.372926712036133,-0.00460548372939229,0.004665702115744352,-0.7988941669464111,0.00011892318434547633,0.7989077999994473,0.001855120062828064,0.02736687660217285,-0.0007059096242301166,0.00010691514034988359,0.021364830434322357,-89.669189453125,0.10509613156318665,-0.0015224096132442355,-0.07870756834745407
S5_k1.05_c1.10,44,23391,403.3702191473858,106.42070770263672,-13.412938117980957,-0.004585532937198877,0.004598457366228104,-0.7966874241828918,9.148597746388987e-05,0.796700700408255,-0.001344894990324974,0.04413485527038574,-0.0005487441085278988,5.342088479665108e-05,0.017389660701155663,-89.66952514648438,0.10831926017999649,0.001819938886910677,0.1471962034702301
S5_k1.05_c1.10,45,23392,403.42021914813085,106.42093658447266,-13.453068733215332,-0.004572066944092512,0.004506791476160288,-0.8065245747566223,7.581710815429688e-05,0.8065371700076779,-0.0018333178013563156,-0.19674301147460938,-0.00031337738619185984,0.00011299578181933612,0.014821509830653667,-89.66686248779297,0.031990211457014084,0.003123004687950015,0.08338083326816559
S5_k1.05_c1.10,46,23393,403.4702191488759,106.42119598388672,-13.493234634399414,-0.0045604705810546875,0.004667692352086306,-0.8058949708938599,5.7744979130802676e-05,0.8059084903377005,0.0032180175185203552,0.012592077255249023,-0.00036144256591796875,4.662487481255084e-05,0.012574377469718456,-89.67012786865234,0.030537817627191544,0.00023180099378805608,-0.24302491545677185
S5_k1.05_c1.10,47,23394,403.52021914962097,106.42144012451172,-13.533577919006348,-0.004552612081170082,0.004675902426242828,-0.8111859560012817,4.646301022148691e-05,0.811199433823782,0.00016420148313045502,-0.1058197021484375,-0.0002256393781863153,6.599611515412107e-05,0.011112716980278492,-89.670166015625,0.005138442851603031,8.611789962742478e-05,-0.040706049650907516
S5_k1.05_c1.10,48,23395,403.57021915036603,106.42167663574219,-13.574054718017578,-0.004546355921775103,0.0047344849444925785,-0.810723066329956,3.668784847832285e-05,0.8107368913359834,0.0011716503649950027,0.009257793426513672,-0.00019550323486328125,2.5127957997028716e-05,0.009958415292203426,-89.668212890625,0.01395118422806263,-0.001757096964865923,0.09982602298259735
S5_k1.05_c1.10,49,23396,403.6202191511111,106.42192077636719,-13.614741325378418,-0.004542388953268528,0.004638842307031155,-0.8137943148612976,2.8886794098070823e-05,0.8138075365791135,-0.0019128527492284775,-0.061424970626831055,-0.00015602109488099813,3.654843021649867e-05,0.009302716702222824,-89.66854095458984,0.018793078139424324,0.0016434964491054416,0.07812892645597458
S5_k1.05_c1.10,50,23397,403.67021915185614,106.42216491699219,-13.655582427978516,-0.004539527930319309,0.004734395537525415,-0.8142619132995605,2.1286010451149195e-05,0.8142756771539115,0.0019110646098852158,-0.009351968765258789,-0.00015201568021439016,3.8357280573109165e-05,0.008858755230903625,-89.66864013671875,0.03990035504102707,-0.0017895663622766733,-0.1516781598329544
S5_k1.05_c1.10,51,23398,403.7202191526012,106.42241668701172,-13.696605682373047,-0.004538268782198429,0.004847638309001923,-0.8243114948272705,1.602172778802924e-05,0.8243257489356012,0.0022648554295301437,-0.20099163055419922,-0.00010528565326239914,0.0,0.008749471977353096,-89.67063903808594,-0.010678299702703953,-0.0015674374299123883,-0.07654302567243576
S5_k1.05_c1.10,52,23399,403.77021915334626,106.42265319824219,-13.73770523071289,-0.00453529367223382,0.00475727254524827,-0.8239523768424988,1.4810561879130546e-05,0.8239661104474052,-0.0018073152750730515,0.00718235969543457,-2.422331817797385e-05,2.565281101851724e-05,0.008175736293196678,-89.66806030273438,0.0030592808034271,-0.00042653598939068615,0.1844608634710312
S5_k1.05_c1.10,53,23400,403.8202191540913,106.42289733886719,-13.778974533081055,-0.004533042665570974,0.004741954617202282,-0.8268673419952393,9.803771717997734e-06,0.8268809391248401,-0.00030635856091976166,-0.05829930305480957,-0.00010013580322265625,1.5836916645639576e-05,0.007711282931268215,-89.668212890625,0.004638805519789457,0.0007836945587769151,0.05688348039984703
S5_k1.05_c1.10,54,23401,403.8702191548364,106.42314147949219,-13.820432662963867,-0.004532203543931246,0.004814009182155132,-0.8264973163604736,8.03947386884829e-06,0.8265113360989695,0.0014410912990570068,0.0074005126953125,-3.5285956982988864e-05,1.2722810424747877e-05,0.0075883399695158005,-89.6685791015625,0.0339517816901207,-0.0017339402111247182,-0.13396506011486053
S5_k1.05_c1.10,55,23402,403.92021915558144,106.42339324951172,-13.862123489379883,-0.004533195402473211,0.004902741406112909,-0.8378803133964539,7.99179088062374e-06,0.8378946571702816,0.0017746444791555405,-0.2276599407196045,-9.536597644910216e-07,0.0,0.007970830425620079,-89.67047882080078,-0.0197175070643425,-0.0007711256621405482,-0.06647370755672455
S5_k1.05_c1.10,56,23403,403.9702191563265,106.42362976074219,-13.903905868530273,-0.0045317839831113815,0.004856518469750881,-0.8371106386184692,3.7860870634176536e-06,0.8371247261156505,-0.0009244587272405624,0.015393495559692383,-8.41140717966482e-05,4.168816403193887e-10,0.007642981130629778,-89.66839599609375,-0.0005836643395014107,-0.00040220131631940603,0.10996198654174805
S5_k1.05_c1.10,57,23404,404.02021915707155,106.42387390136719,-13.94595718383789,-0.004531974904239178,0.004793111234903336,-0.8418242931365967,1.9073486328125e-06,0.8418379383431699,-0.0012681446969509125,-0.09427309036254883,-3.757476952159777e-05,2.442092591081746e-05,0.007800075691193342,-89.66812133789062,0.0012974557466804981,0.0015776597429066896,0.07637110352516174
S5_k1.05_c1.10,58,23405,404.0702191578166,106.42412567138672,-13.988146781921387,-0.004532050807029009,0.004888496361672878,-0.844765841960907,3.2329558052879293e-06,0.8447799862396422,0.0019077025353908539,-0.058830976486206055,2.6512143449508585e-05,1.1905723113159183e-05,0.00785471685230732,-89.669677734375,0.003278939286246896,-0.00039801953244023025,-0.1970035284757614
S5_k1.05_c1.10,59,23406,404.12021915856167,106.42436981201172,-14.030491828918457,-0.004531593061983585,0.0049100047908723354,-0.8506492972373962,3.070831326112966e-06,0.8506634675633793,0.00043016858398914337,-0.11766910552978516,-3.242489583499264e-06,2.6338999305153266e-05,0.007724943570792675,-89.6697006225586,-0.014292323030531406,-0.00011031434405595064,-0.03662291541695595
S5_k1.05_c1.10,60,23407,404.1702191593067,106.42460632324219,-14.073043823242188,-0.004531326238065958,0.004874662961810827,-0.8489348292350769,1.1348723774062819e-06,0.8489488245051455,-0.0007068365812301636,0.03428936004638672,-3.871918306685984e-05,1.0892700629483443e-05,0.007704453077167273,-89.66903686523438,0.025922134518623352,0.0013601677492260933,0.12594377994537354
S5_k1.05_c1.10,61,23408,404.2202191600518,106.42485046386719,-14.11578369140625,-0.004532050807029009,0.004920603707432747,-0.858458936214447,1.592636067471176e-06,0.8584730383126905,0.0009188149124383926,-0.19048213958740234,9.15527380129788e-06,1.6608564692432992e-05,0.007902528159320354,-89.6677474975586,-0.015231454744935036,0.00019161026284564286,0.05727753788232803
S5_k1.05_c1.10,62,23409,404.27021916079684,106.42509460449219,-14.158625602722168,-0.00453060120344162,0.004937008488923311,-0.857387900352478,3.414153979974799e-06,0.857402114375342,0.0003280956298112869,0.021420717239379883,3.643035961431451e-05,1.4517069757857826e-05,0.007540528662502766,-89.66939544677734,0.006346786394715309,0.00013816413411404938,-0.09651260823011398
S5_k1.05_c1.10,63,23410,404.3202191615419,106.42534637451172,-14.201725006103516,-0.004531517159193754,0.0050516873598098755,-0.8641606569290161,3.623962356869015e-07,0.8641754223126814,0.002293577417731285,-0.13545513153076172,-6.103515261202119e-05,0.0,0.007786415051668882,-89.67034912109375,-0.007102662697434425,-0.0012960722669959068,-0.07156246155500412
S5_k1.05_c1.10,64,23411,404.37021916228696,106.42558288574219,-14.244888305664062,-0.004530258011072874,0.0049948240630328655,-0.8648343682289124,4.577636616431846e-07,0.8648487918344641,-0.0011372659355401993,-0.013474225997924805,1.9073485191256623e-06,5.923888238612562e-06,0.007479056715965271,-89.66860961914062,0.0014733764110133052,-0.0004121260135434568,0.12710849940776825
S5_k1.05_c1.10,65,23412,404.420219163032,106.42582702636719,-14.2882661819458,-0.004529876634478569,0.004965509753674269,-0.8686087727546692,-6.866454782539222e-07,0.8686229656150923,-0.000586286187171936,-0.07548809051513672,-2.2888181774760596e-05,1.0226106496702414e-05,0.007390264421701431,-89.66839599609375,0.0028272713534533978,0.0008151826332323253,0.06378605216741562
S5_k1.05_c1.10,66,23413,404.4702191637771,106.42607879638672,-14.331775665283203,-0.0045295716263353825,0.005033669527620077,-0.8708978295326233,-7.05719003235572e-07,0.8709123763697733,0.0013631954789161682,-0.04578113555908203,-3.814704996329965e-07,1.0284470590704586e-06,0.0073356227949261665,-89.66979217529297,0.0050905616953969,-0.00014184437168296427,-0.1558706909418106
S5_k1.05_c1.10,67,23414,404.52021916452213,106.42632293701172,-14.375428199768066,-0.004528846591711044,0.0050749401561915874,-0.8750810027122498,2.250671286674333e-06,0.8750957183820127,0.0008254125714302063,-0.0836634635925293,5.91278076171875e-05,1.4657558722319664e-06,0.007110226433724165,-89.66997528076172,-0.0020874098408967257,-0.00043782294960692525,-0.0500137098133564
S5_k1.05_c1.10,68,23415,404.5702191652672,106.42655944824219,-14.419239044189453,-0.0045285033993422985,0.005039606709033251,-0.8757278323173523,-1.1062621751989354e-06,0.8757423330707806,-0.0007066689431667328,-0.012936592102050781,-6.713867333019152e-05,1.6925395129874232e-07,0.007041924633085728,-89.66891479492188,0.013287413865327835,0.0006288522272370756,0.143767312169075
S5_k1.05_c1.10,69,23416,404.62021916601225,106.42680358886719,-14.463183403015137,-0.004528083838522434,0.005068792961537838,-0.8815691471099854,1.344680754300498e-06,0.8815837191101717,0.0005837250500917435,-0.11682629585266113,4.9018857680493966e-05,2.0844082015969434e-10,0.006918981205672026,-89.66839599609375,-0.006998308934271336,0.0002521416754461825,0.04886474460363388
S5_k1.05_c1.10,70,23417,404.6702191667573,106.42704772949219,-14.507264137268066,-0.004527473356574774,0.005096785724163055,-0.881135106086731,-7.438659395120339e-07,0.8811498467364934,0.0005598552525043488,0.00868082046508789,-4.1770937968976796e-05,1.3744587477049208e-06,0.006755056791007519,-89.66949462890625,0.013441734947264194,-0.0004384989442769438,-0.12571270763874054
S5_k1.05_c1.10,71,23418,404.72021916750236,106.42729949951172,-14.551502227783203,-0.004527396988123655,0.005147648975253105,-0.8873183727264404,-1.3828276905769599e-06,0.887333304271728,0.0010172650218009949,-0.12366533279418945,-1.277923547604587e-05,2.0844082015969434e-10,0.006727735977619886,-89.67009735107422,-0.007478743325918913,-0.00040256287320517004,-0.050686050206422806
S5_k1.05_c1.10,72,23419,404.7702191682474,106.42753601074219,-14.595853805541992,-0.004526824690401554,0.005114052910357714,-0.8868833780288696,6.580352760465757e-07,0.8868981225380409,-0.0006719212979078293,0.008699893951416016,4.081725637661293e-05,2.0844082015969434e-10,0.006543321069329977,-89.66891479492188,0.01074462104588747,0.0003722970141097903,0.11695017665624619
S5_k1.05_c1.10,73,23420,404.8202191689925,106.42778015136719,-14.640374183654785,-0.004526824690401554,0.005128123797476292,-0.8926953077316284,2.384185791015625e-07,0.8927100369659825,0.00028141774237155914,-0.11623859405517578,-8.39233416627394e-06,7.747745485175983e-07,0.00655698124319315,-89.6683349609375,-0.006501079071313143,0.0002716770686674863,0.050981562584638596
S5_k1.05_c1.10,74,23421,404.87021916973754,106.42802429199219,-14.685002326965332,-0.004526214674115181,0.005157381761819124,-0.8925998210906982,-2.47955313170678e-07,0.8926147204689407,0.0005851592868566513,0.0019097328186035156,-9.72747784544481e-06,1.1193272086984507e-07,0.006393056828528643,-89.66952514648438,0.00880163162946701,-0.000122271099826321,-0.11375375092029572
S5_k1.05_c1.10,75,23422,404.9202191704826,106.42827606201172,-14.72979736328125,-0.004526214674115181,0.00520844804123044,-0.8980388641357422,-7.629394360719743e-08,0.8980539679936936,0.0010213255882263184,-0.1087808609008789,3.43322744811303e-06,0.0,0.006406717002391815,-89.6700210571289,-0.005897894501686096,-0.00030313400202430785,-0.0488886833190918
S5_k1.05_c1.10,76,23423,404.97021917122765,106.42851257324219,-14.774700164794922,-0.004525795113295317,0.005182106979191303,-0.8981416821479797,-1.1444091114753974e-06,0.8981566319109691,-0.0005268212407827377,-0.0020563602447509766,-2.1362302504712716e-05,2.0844082015969434e-10,0.0062769437208771706,-89.66891479492188,0.00792374275624752,0.00015126248763408512,0.10772418975830078
S5_k1.05_c1.10,77,23424,405.0202191719727,106.42875671386719,-14.819767951965332,-0.0045257569290697575,0.005195994861423969,-0.9034463167190552,-4.673003957123001e-07,0.9034612584699167,0.0002777576446533203,-0.10609269142150879,1.3542174201575108e-05,1.2020782378385775e-06,0.006297434214502573,-89.66845703125,-0.0056894272565841675,0.00023902919201646,0.045837078243494034
S5_k1.05_c1.10,78,23425,405.07021917271777,106.42900085449219,-14.864946365356445,-0.004525375086814165,0.005218281410634518,-0.9036560654640198,-1.4305113893442467e-07,0.9036711321663505,0.000445730984210968,-0.004194974899291992,6.484984623966739e-06,5.99892700847704e-07,0.0061881509609520435,-89.66949462890625,0.007193919736891985,-8.616109880676959e-06,-0.09811997413635254
S5_k1.05_c1.10,79,23426,405.12021917346283,106.42925262451172,-14.910287857055664,-0.004525451455265284,0.00526402099058032,-0.9088836312294006,1.2588500339916209e-06,0.9088988750324841,0.0009147915989160538,-0.10455131530761719,2.8038022719556466e-05,3.4809616522579745e-08,0.006215471774339676,-89.66989135742188,-0.00571195874363184,-0.0001957368804141879,-0.04102025926113129
S5_k1.05_c1.10,80,23427,405.1702191742079,106.42948913574219,-14.955734252929688,-0.004525031894445419,0.005246694665402174,-0.9089988470077515,-1.1062621751989354e-06,0.9090139887084012,-0.00034652650356292725,-0.0023043155670166016,-4.730224463855848e-05,-2.0844082015969434e-10,0.006113018840551376,-89.66897583007812,0.007385618519037962,6.443554593715817e-05,0.08822950720787048
S5_k1.05_c1.10,81,23428,405.22021917495294,106.42973327636719,-15.001336097717285,-0.004525146447122097,0.0052619255147874355,-0.9140206575393677,3.2424927098873013e-07,0.9140358036034072,0.0003046169877052307,-0.10043621063232422,2.86102294921875e-05,1.0599216011542012e-06,0.006106188986450434,-89.66864013671875,-0.004814469255506992,8.786655962467194e-05,0.0370655320584774
S5_k1.05_c1.10,82,23429,405.270219175698,106.42997741699219,-15.047036170959473,-0.0045246887020766735,0.005277334246784449,-0.9140182137489319,-9.53674295089968e-09,0.9140334486885808,0.00030817463994026184,4.887580871582031e-05,-6.67572021484375e-06,1.784878691069025e-06,0.005962754599750042,-89.66949462890625,0.007845185697078705,6.382672290783376e-05,-0.08026072382926941
S5_k1.05_c1.10,83,23430,405.32021917644306,106.43022918701172,-15.092880249023438,-0.004524345509707928,0.005317629314959049,-0.9188227653503418,9.059905892172537e-07,0.9188381529455563,0.000805901363492012,-0.09609103202819824,1.8310545783606358e-05,0.0,0.005928603932261467,-89.66979217529297,-0.003954739309847355,-0.0002825765695888549,-0.033493317663669586
S5_k1.05_c1.10,84,23431,405.3702191771881,106.43046569824219,-15.138812065124512,-0.0045237732119858265,0.005301754921674728,-0.9186328649520874,-3.433227391269611e-07,0.9186481639754402,-0.0003174878656864166,0.0037980079650878906,-2.4986265998450108e-05,6.259477913772571e-07,0.0057510188780725,-89.66905975341797,0.008535921573638916,8.779376366874203e-05,0.07057427614927292
S5_k1.05_c1.10,85,23432,405.4202191779332,106.43070983886719,-15.184885025024414,-0.004523544106632471,0.005318034905940294,-0.9233164191246033,1.2588500339916209e-06,0.9233317341681296,0.00032559968531131744,-0.09367108345031738,3.204345557605848e-05,1.3667464600075618e-06,0.005689547397196293,-89.6688232421875,-0.0035535190254449844,4.447512037586421e-05,0.02924485132098198
S5_k1.05_c1.10,86,23433,405.47021917867824,106.43095397949219,-15.231038093566895,-0.004522895906120539,0.0053286487236619,-0.9230021238327026,-2.2029876163287554e-06,0.923017505306239,0.00021227635443210602,0.006285905838012695,-6.923675391590223e-05,2.5700754235913337e-07,0.005498302169144154,-89.66943359375,0.008751379325985909,5.696903826901689e-05,-0.06166192889213562
S5_k1.05_c1.10,87,23434,405.5202191794233,106.43120574951172,-15.277324676513672,-0.004522514063864946,0.005364117678254843,-0.9275221824645996,1.8310546465727384e-06,0.9275376934258321,0.0007093790918588638,-0.09040117263793945,8.068084571277723e-05,6.211536174305365e-08,0.005423170048743486,-89.669677734375,-0.0033357401844114065,-0.00017274831770919263,-0.02495167776942253
S5_k1.05_c1.10,88,23435,405.57021918016835,106.43144989013672,-15.323688507080078,-0.004521865863353014,0.005350816063582897,-0.927158772945404,1.411438006471144e-06,0.9271742131251094,-0.00026603229343891144,0.007268190383911133,-8.392333256779239e-06,0.0,0.005231924820691347,-89.66915130615234,0.008499306626617908,8.315579907502979e-05,0.051321662962436676
S5_k1.05_c1.10,89,23436,405.6202191809134,106.43170928955078,-15.370180130004883,-0.00452156038954854,0.005369044840335846,-0.9315811991691589,1.8310546465727384e-06,0.9315966709318462,0.0003645755350589752,-0.08844852447509766,8.392333256779239e-06,1.2475182984417188e-06,0.005177283193916082,-89.66897583007812,-0.0034950890112668276,9.60378602030687e-05,0.020597901195287704
S5_k1.05_c1.10,90,23437,405.67021918165847,106.43197631835938,-15.416743278503418,-0.004520912189036608,0.005374770145863295,-0.9311056137084961,-1.2779235021298518e-06,0.9311211264036646,0.00011450611054897308,0.009511709213256836,-6.217956251930445e-05,1.5820658063603332e-06,0.004992867819964886,-89.66943359375,0.008328857831656933,5.989263081573881e-05,-0.041964784264564514
S5_k1.05_c1.10,91,23438,405.7202191824035,106.43228149414062,-15.463428497314453,-0.004520683083683252,0.005405460949987173,-0.9353938102722168,6.771087441848067e-07,0.9354094287017404,0.0006138160824775696,-0.08576393127441406,3.910064697265625e-05,5.921803563069261e-07,0.004931396339088678,-89.6695785522461,-0.003467127913609147,-0.000124416736070998,-0.01630811020731926
S5_k1.05_c1.10,92,23439,405.7702191831486,106.43256378173828,-15.510180473327637,-0.004519920330494642,0.005394692532718182,-0.9348284602165222,-1.7642973944020923e-06,0.9348440258895754,-0.0002153683453798294,0.011307001113891602,-4.8828122089616954e-05,3.868661622163927e-07,0.004753811284899712,-89.66925048828125,0.008280959911644459,4.4161912228446454e-05,0.031291212886571884
S5_k1.05_c1.10,93,23440,405.82021918389364,106.432861328125,-15.557046890258789,-0.004519729409366846,0.0054147252812981606,-0.9390004277229309,-8.678435960973729e-07,0.939016039540578,0.00040065497159957886,-0.08343935012817383,1.792907642084174e-05,3.868661622163927e-07,0.004753811284899712,-89.66925048828125,-0.0034518532920628786,3.004617065016646e-05,0.011822592467069626
S5_k1.05_c1.10,94,23441,405.8702191846387,106.43315124511719,-15.603974342346191,-0.004519233480095863,0.00541551923379302,-0.9383120536804199,-2.2029876163287554e-06,0.9383276815352897,1.587904989719391e-05,0.013767480850219727,-2.6702880859375e-05,1.740272409733734e-06,0.004507924430072308,-89.66943359375,0.008281543850898743,3.5664066672325134e-05,-0.02232997491955757
S5_k1.05_c1.10,95,23442,405.92021918538376,106.43344116210938,-15.651009559631348,-0.004518928471952677,0.005441588815301657,-0.94234699010849,1.3732909565078444e-06,0.9423627012234999,0.0005213916301727295,-0.08069872856140137,7.152557373046875e-05,1.740272409733734e-06,0.004507924430072308,-89.66943359375,-0.003360613016411662,-2.2710670236847363e-05,-0.008150395005941391
S5_k1.05_c1.10,96,23443,405.9702191861288,106.4337387084961,-15.698101043701172,-0.004518203437328339,0.005432845093309879,-0.9415456652641296,-7.915496667010302e-07,0.9415613392573565,-0.0001748744398355484,0.01602649688720703,-4.329681542003527e-05,1.8599174609335023e-06,0.0042620375752449036,-89.66930389404297,0.008306859992444515,9.651089931139722e-05,0.013557243160903454
S5_k1.05_c1.10,97,23444,406.0202191868739,106.43402862548828,-15.745293617248535,-0.004517936613410711,0.005454016849398613,-0.9454652070999146,-1.0871887070607045e-06,0.9454809380085142,0.00042343512177467346,-0.07839083671569824,-5.91278057981981e-06,1.8599174609335023e-06,0.0042620375752449036,-89.66930389404297,-0.0033620602916926146,-6.274251063587144e-05,0.004857802297919989
S5_k1.05_c1.10,98,23445,406.07021918761893,106.434326171875,-15.7925386428833,-0.004517402499914169,0.005450771190226078,-0.9445582628250122,1.2493132999225054e-06,0.9445739901030167,-6.491318345069885e-05,0.018138885498046875,4.673003786592744e-05,1.7830027445597807e-06,0.004009320866316557,-89.66939544677734,0.008294150233268738,7.030927372397855e-05,-0.00806797668337822
S5_k1.05_c1.10,99,23446,406.120219188364,106.43461608886719,-15.839879989624023,-0.004517097491770983,0.005473725032061338,-0.9483588337898254,1.802444444365392e-06,0.9483746302470207,0.0004590768367052078,-0.07601141929626465,1.106262243411038e-05,1.7830027445597807e-06,0.004009320866316557,-89.66939544677734,-0.0033465391024947166,-7.71304767113179e-05,-0.002545134862884879
S5_k1.05_c1.10,100,23447,406.17021918910905,106.43490600585938,-15.887266159057617,-0.004516410641372204,0.005466478411108255,-0.9473549723625183,1.1539458455445128e-06,0.947370743715225,-0.00014493241906166077,0.020077228546142578,-1.2969971976417582e-05,1.2172944252597517e-06,0.003770264331251383,-89.66939544677734,0.008228246122598648,7.546438428107649e-05,0.003237165743485093
S5_k1.05_c1.10,101,23448,406.2202191898541,106.4352035522461,-15.93474292755127,-0.0045161438174545765,0.005487755872309208,-0.9510558843612671,1.2302398317842744e-06,0.9510717168774494,0.0004255492240190506,-0.07401823997497559,1.5258797247952316e-06,1.2172944252597517e-06,0.003770264331251383,-89.66939544677734,-0.0034849171061068773,8.49985190143343e-06,0.0010614393977448344
S5_k1.05_c1.10,102,23449,406.27021919059916,106.43549346923828,-15.982261657714844,-0.004515533335506916,0.005481434520334005,-0.9499718546867371,1.2779235021298518e-06,0.9499876687741757,-0.0001264270395040512,0.021680593490600586,9.536734069115482e-07,9.34648653583281e-07,0.003531207563355565,-89.66939544677734,0.0080459825694561,2.575325379439164e-05,-0.0016981943044811487
S5_k1.05_c1.10,103,23450,406.3202191913442,106.435791015625,-16.029869079589844,-0.004515304695814848,0.005502667743712664,-0.9535745978355408,9.632110504753655e-07,0.9535904744650289,0.0004246644675731659,-0.07205486297607422,-6.294249033089727e-06,9.34648653583281e-07,0.003531207563355565,-89.66939544677734,-0.0036327065899968147,-6.210739229572937e-05,-0.0005218316218815744
S5_k1.05_c1.10,104,23451,406.3702191920893,106.43608093261719,-16.077510833740234,-0.0045146942138671875,0.005495443008840084,-0.95240718126297,1.0681152389224735e-06,0.9524230356392479,-0.0001444946974515915,0.023348331451416016,2.0980837689421605e-06,9.963471256924095e-07,0.0033126415219157934,-89.66943359375,0.007976580411195755,6.88535365043208e-05,0.00024148238298948854
S5_k1.05_c1.10,105,23452,406.42021919283434,106.43637084960938,-16.12523651123047,-0.004514465108513832,0.00551586551591754,-0.9559541344642639,1.5258788153005298e-06,0.9559700476343587,0.0004084501415491104,-0.0709390640258789,9.155271982308477e-06,9.963471256924095e-07,0.0033126415219157934,-89.66943359375,-0.0038493715692311525,-5.061724550614599e-07,0.00012542471813503653
S5_k1.05_c1.10,106,23453,406.4702191935794,106.4366683959961,-16.172996520996094,-0.004513969179242849,0.0055083017796278,-0.9547175168991089,1.0299681889591739e-06,0.9547334070113795,-0.00015127472579479218,0.024732351303100586,-9.91821252682712e-06,1.0767010962808854e-06,0.003114566206932068,-89.66943359375,0.007723999675363302,7.590380118926987e-05,-0.0007299538119696081
S5_k1.05_c1.10,107,23454,406.52021919432445,106.43695831298828,-16.220834732055664,-0.004513855092227459,0.005528372246772051,-0.9581816792488098,1.23977656585339e-06,0.9581976275013965,0.0004014093428850174,-0.06928324699401855,4.196167537884321e-06,1.0767010962808854e-06,0.003114566206932068,-89.66943359375,-0.00395303824916482,4.601612454280257e-05,-0.00010769036452984437
S5_k1.05_c1.10,108,23455,406.5702191950695,106.437255859375,-16.26870346069336,-0.004513282794505358,0.005520333535969257,-0.9568966627120972,1.1920928955078125e-06,0.9569125859728873,-0.00016077421605587006,0.02570033073425293,-9.536734069115482e-07,1.0994210697390372e-06,0.002936981152743101,-89.6694564819336,0.007563233375549316,8.264472853625193e-05,0.0001792361872503534
S5_k1.05_c1.10,109,23456,406.62021919581457,106.43754577636719,-16.316650390625,-0.004513206426054239,0.005540199112147093,-0.9602944254875183,8.869171210790228e-07,0.9603104068109393,0.0003973115235567093,-0.06795525550842285,-6.103515261202119e-06,1.0994210697390372e-06,0.002936981152743101,-89.6694564819336,-0.004137006588280201,-8.715718286111951e-05,-4.915705358143896e-05
S5_k1.05_c1.10,110,23457,406.67021919655963,106.43783569335938,-16.364622116088867,-0.004512672312557697,0.005531985778361559,-0.9589487314224243,1.4972686130931834e-06,0.9589646877573599,-0.0001642666757106781,0.026913881301879883,1.2207029612909537e-05,4.941089741805627e-07,0.0027662264183163643,-89.66949462890625,0.007439009379595518,3.5984219721285626e-05,-0.00036506052128970623
S5_k1.05_c1.10,111,23458,406.7202191973047,106.4381332397461,-16.412670135498047,-0.00451255775988102,0.005551665090024471,-0.962290346622467,6.103515488575795e-07,0.9623063608791288,0.0003935862332582474,-0.06683230400085449,-1.7738340829964727e-05,4.941089741805627e-07,0.0027662264183163643,-89.66949462890625,-0.004339918028563261,-0.00011056779476348311,-0.0001292195520363748
S5_k1.05_c1.10,112,23459,406.77021919804974,106.43842315673828,-16.46074104309082,-0.004512100014835596,0.005543475039303303,-0.960887610912323,6.103515488575795e-07,0.9609036012632463,-0.00016380101442337036,0.02805471420288086,0.0,6.773284439987037e-07,0.0026159624103456736,-89.66949462890625,0.007271556183695793,5.2089857490500435e-05,-0.0003241395461373031
S5_k1.05_c1.10,113,23460,406.8202191987948,106.438720703125,-16.50888442993164,-0.004512023646384478,0.0055625224485993385,-0.9641708135604858,8.964538551481382e-07,0.9641868591609636,0.00038094818592071533,-0.06566405296325684,5.7220458984375e-06,6.773284439987037e-07,0.0026159624103456736,-89.66949462890625,-0.004470051731914282,-2.5636813006713055e-05,-4.4392440031515434e-05
S5_k1.05_c1.10,114,23461,406.87021919953986,106.43901062011719,-16.557048797607422,-0.004511565901339054,0.005553728900849819,-0.9627111554145813,7.05719003235572e-07,0.9627271745748534,-0.00017587095499038696,0.02919316291809082,-3.8146970382513246e-06,3.929109482214699e-08,0.0024725282564759254,-89.66949462890625,0.0072728670202195644,1.3106889127811883e-05,-0.00012775472714565694
S5_k1.05_c1.10,115,23462,406.9202192002849,106.43930053710938,-16.60527992248535,-0.004511489998549223,0.005572675261646509,-0.9659460186958313,-7.629394360719743e-08,0.9659620933265988,0.00037892721593379974,-0.064697265625,-1.564025842526462e-05,3.929109482214699e-08,0.0024725282564759254,-89.66949462890625,-0.004521738272160292,-3.078004010603763e-05,-4.905505556962453e-05
S5_k1.05_c1.10,116,23463,406.97021920103,106.4395980834961,-16.653532028198242,-0.004511031787842512,0.005563820246607065,-0.9644493460655212,1.039505036715127e-06,0.9644653945181386,-0.0001771003007888794,0.029933452606201172,2.2315980459097773e-05,1.7571561272688996e-07,0.002342754742130637,-89.66949462890625,0.0071310740895569324,4.133178299525753e-05,-0.0003467737988103181
S5_k1.05_c1.10,117,23464,407.02021920177503,106.43988800048828,-16.70184898376465,-0.004511031787842512,0.005582413170486689,-0.9676331877708435,-2.670288097306184e-07,0.967649290503766,0.00037185847759246826,-0.06367683410644531,-2.613067590573337e-05,1.7571561272688996e-07,0.002342754742130637,-89.66949462890625,-0.004623890854418278,-3.761074913199991e-05,-2.783372110570781e-05
S5_k1.05_c1.10,118,23465,407.0702192025201,106.440185546875,-16.75018310546875,-0.004510612227022648,0.005573211703449488,-0.9660877585411072,3.0517577442878974e-07,0.9661038339080149,-0.00018402934074401855,0.030908584594726562,1.1444091796875e-05,3.6372924228089687e-07,0.002219811314716935,-89.66949462890625,0.007085300516337156,7.603807898703963e-05,-0.0002503117430023849
S5_k1.05_c1.10,119,23466,407.12021920326515,106.44047546386719,-16.798582077026367,-0.004510612227022648,0.005591603461652994,-0.9692336320877075,2.9563904035967425e-07,0.9692497612067229,0.0003678351640701294,-0.06291747093200684,-1.9073468138230965e-07,3.6372924228089687e-07,0.002219811314716935,-89.66949462890625,-0.00472909864038229,-4.1157734813168645e-05,-3.4173142921645194e-05
S5_k1.05_c1.10,120,23467,407.1702192040102,106.4405746459961,-16.814462661743164,-0.003958702087402344,9.853869414655492e-05,-0.016825752332806587,-1.884460471046623e-05,0.016826051425046732,-0.10986129939556122,19.048158645629883,-0.00038280486478470266,2.8081237815058557e-06,-0.1462411731481552,-89.669677734375,3.8125622272491455,0.022031018510460854,-0.013059273362159729
S5_k1.05_c1.10,121,23468,407.22021920475527,106.44056701660156,-16.813846588134766,-0.003597907954826951,2.0977702661184594e-05,-0.0033828183077275753,-4.7235487727448344e-05,0.003383213111585885,-0.0015512199606746435,0.2688586711883545,-0.0005678176530636847,1.0565543561824597e-05,-0.2433459609746933,-89.669677734375,1.0533148050308228,0.0062294453382492065,5.7791599829215556e-05
S5_k1.05_c1.10,122,23469,407.2702192055003,106.44056701660156,-16.81375503540039,-0.0035454558674246073,-8.020647328521591e-07,0.0002766370016615838,-3.3197400625795126e-05,0.0002786229376854252,-0.00043559534242376685,0.07318910956382751,0.00028076174203306437,1.7329111869912595e-05,-0.2578396201133728,-89.669677734375,-0.08636254072189331,-0.0004476415633689612,-6.0663958720397204e-05
S5_k1.05_c1.10,123,23470,407.3202192062454,106.44056701660156,-16.81387710571289,-0.0036187362857162952,-9.518938895780593e-06,0.0016847652150318027,-8.506774975103326e-06,0.0016848135817351827,-0.00017433747416362166,0.02816256321966648,0.0004938124911859632,1.9130031432723626e-05,-0.23851701617240906,-89.66970825195312,-0.5250823497772217,-0.0029968188609927893,-0.00010355815174989402
S5_k1.05_c1.10,124,23471,407.37021920699044,106.44056701660156,-16.814071655273438,-0.003733482211828232,-1.200783754029544e-05,0.002078002318739891,1.1978148904745467e-05,0.0020780715341156913,-4.977797289029695e-05,0.00786474160850048,0.00040969846304506063,1.678209810052067e-05,-0.20782215893268585,-89.669677734375,-0.6464573740959167,-0.0037679767701774836,-9.765366849023849e-05
S5_k1.05_c1.10,125,23472,407.4202192077355,106.4405746459961,-16.81427764892578,-0.003853187430649996,-1.2227296792843845e-05,0.0020344790536910295,1.7585754903848283e-05,0.0020345917982410983,-4.389185050968081e-06,-0.0008704653009772301,0.00011215211998205632,1.5347986845881678e-05,-0.17562463879585266,-89.66970825195312,-0.6316690444946289,-0.003676049876958132,-7.599464879604056e-05
S5_k1.05_c1.10,126,23473,407.47021920848056,106.4405746459961,-16.81446647644043,-0.0039630127139389515,-1.073586827260442e-05,0.0018224100349470973,2.13813782465877e-05,0.0018225670790616105,2.982857040478848e-05,-0.004241380374878645,7.591246685478836e-05,1.2086271453881636e-05,-0.14593380689620972,-89.669677734375,-0.564782440662384,-0.0032834121957421303,-5.403461182140745e-05
S5_k1.05_c1.10,127,23474,407.5202192092256,106.4405746459961,-16.81463050842285,-0.004058418329805136,-9.416832654096652e-06,0.0015635540476068854,1.7185211618198082e-05,0.001563676842580804,2.638071237015538e-05,-0.005177119746804237,-8.392333256779239e-05,1.0198615200351924e-05,-0.12011569738388062,-89.66970825195312,-0.4837794005870819,-0.0028379473369568586,-3.64698535122443e-05
S5_k1.05_c1.10,128,23475,407.5702192099707,106.4405746459961,-16.814769744873047,-0.004138755612075329,-8.030688150029164e-06,0.0013111139414831996,1.3875960576115176e-05,0.001311211959137684,2.772289008134976e-05,-0.005048802122473717,-6.618502084165812e-05,7.760680091450922e-06,-0.09830007702112198,-89.66970825195312,-0.40511810779571533,-0.002438405528664589,-2.38225438806694e-05
S5_k1.05_c1.10,129,23476,407.62021921071573,106.4405746459961,-16.814884185791016,-0.004205512814223766,-6.438835043809377e-06,0.0010851060505956411,8.38279720483115e-06,0.001085157532768846,3.183706212439574e-05,-0.004520157817751169,-0.00010986326378770173,6.346612281049602e-06,-0.08020007610321045,-89.669677734375,-0.3349040150642395,-0.0019650340545922518,-1.5162760064413305e-05
S5_k1.05_c1.10,130,23477,407.6702192114608,106.4405746459961,-16.814977645874023,-0.0042605591006577015,-5.248069555818802e-06,0.0008912757039070129,6.732940619258443e-06,0.0008913165852256911,2.3815309759811498e-05,-0.003876606933772564,-3.299712989246473e-05,4.9692325774230994e-06,-0.0652761161327362,-89.669677734375,-0.2748238146305084,-0.0016110795550048351,-9.413398402102757e-06
S5_k1.05_c1.10,131,23478,407.72021921220585,106.4405746459961,-16.81505584716797,-0.004305572248995304,-4.146160335949389e-06,0.0007288249325938523,5.779266302852193e-06,0.0007288596387062217,2.203818439738825e-05,-0.003249015426263213,-1.9073486328125e-05,2.9932114102848573e-06,-0.053070567548274994,-89.66970825195312,-0.22456040978431702,-0.0013191431062296033,-5.7124470913549885e-06
S5_k1.05_c1.10,132,23479,407.7702192129509,106.4405746459961,-16.81511878967285,-0.004342231433838606,-3.3233925478270976e-06,0.00059425865765661,2.47955313170678e-06,0.0005942731235060154,1.6455356671940535e-05,-0.0026913254987448454,-6.599425978492945e-05,3.301703600300243e-06,-0.04314630106091499,-89.669677734375,-0.18298479914665222,-0.0010534437606111169,-3.3257656468776986e-06
S5_k1.05_c1.10,133,23480,407.82021921369596,106.4405746459961,-16.815170288085938,-0.004372444003820419,-2.851064209608012e-06,0.00048382821842096746,2.7370451789465733e-06,0.00048384436022738377,9.446566764381714e-06,-0.0022086086682975292,5.149840944795869e-06,3.3067058211599942e-06,-0.035032037645578384,-89.6697006225586,-0.14890536665916443,-0.0009034581598825753,-1.838067987591785e-06
S5_k1.05_c1.10,134,23481,407.870219214441,106.4405746459961,-16.815214157104492,-0.004396781791001558,-2.4526348170184065e-06,0.00039346155244857073,1.3828276905769599e-06,0.00039347162653132547,7.968587851792108e-06,-0.0018073333194479346,-2.708435022213962e-05,2.7931073418585584e-06,-0.02846822701394558,-89.6697006225586,-0.12104391306638718,-0.0007531369919888675,-9.152062148132245e-07
S5_k1.05_c1.10,135,23482,407.9202192151861,106.4405746459961,-16.815214157104492,-0.004396781791001558,0.0,0.0,0.0,0.0,4.9052694521378726e-05,-0.007869230583310127,-2.7656553356791846e-05,2.7931073418585584e-06,-0.02846822701394558,-89.6697006225586,0.0,0.0,0.0
S5_k1.05_c1.10,136,23483,407.97021921593114,106.4405746459961,-16.815214157104492,-0.004396781791001558,0.0,0.0,0.0,0.0,0.0,0.0,0.0,2.7931073418585584e-06,-0.02846822701394558,-89.6697006225586,0.0,0.0,0.0
S5_k1.05_c1.10,137,23484,408.0202192166762,106.4405746459961,-16.815214157104492,-0.004396781791001558,0.0,0.0,0.0,0.0,0.0,0.0,0.0,2.7931073418585584e-06,-0.02846822701394558,-89.6697006225586,0.0,0.0,0.0
S5_k1.05_c1.10,138,23485,408.07021921742125,106.4405746459961,-16.815214157104492,-0.004396781791001558,0.0,0.0,0.0,0.0,0.0,0.0,0.0,2.7931073418585584e-06,-0.02846822701394558,-89.6697006225586,0.0,0.0,0.0
S5_k1.05_c1.10,139,23486,408.1202192181663,106.4405746459961,-16.815214157104492,-0.004396781791001558,0.0,0.0,0.0,0.0,0.0,0.0,0.0,2.7931073418585584e-06,-0.02846822701394558,-89.6697006225586,0.0,0.0,0.0
S5_k1.05_c1.10,140,23487,408.17021921891137,106.4405746459961,-16.815214157104492,-0.004396781791001558,0.0,0.0,0.0,0.0,0.0,0.0,0.0,2.7931073418585584e-06,-0.02846822701394558,-89.6697006225586,0.0,0.0,0.0
S5_k1.05_c1.10,141,23488,408.2202192196564,106.4405746459961,-16.815214157104492,-0.004396781791001558,0.0,0.0,0.0,0.0,0.0,0.0,0.0,2.7931073418585584e-06,-0.02846822701394558,-89.6697006225586,0.0,0.0,0.0
S5_k1.05_c1.10,142,23489,408.2702192204015,106.4405746459961,-16.815214157104492,-0.004396781791001558,0.0,0.0,0.0,0.0,0.0,0.0,0.0,2.7931073418585584e-06,-0.02846822701394558,-89.6697006225586,0.0,0.0,0.0
S5_k1.05_c1.10,143,23490,408.32021922114654,106.4405746459961,-16.815214157104492,-0.004396781791001558,0.0,0.0,0.0,0.0,0.0,0.0,0.0,2.7931073418585584e-06,-0.02846822701394558,-89.6697006225586,0.0,0.0,0.0
S5_k1.05_c1.10,144,23491,408.3702192218916,106.4405746459961,-16.815214157104492,-0.004396781791001558,0.0,0.0,0.0,0.0,0.0,0.0,0.0,2.7931073418585584e-06,-0.02846822701394558,-89.6697006225586,0.0,0.0,0.0
S5_k1.05_c1.10,145,23492,408.42021922263666,106.4405746459961,-16.815214157104492,-0.004396781791001558,0.0,0.0,0.0,0.0,0.0,0.0,0.0,2.7931073418585584e-06,-0.02846822701394558,-89.6697006225586,0.0,0.0,0.0
S5_k1.05_c1.10,146,23493,408.4702192233817,106.4405746459961,-16.815214157104492,-0.004396781791001558,0.0,0.0,0.0,0.0,0.0,0.0,0.0,2.7931073418585584e-06,-0.02846822701394558,-89.6697006225586,0.0,0.0,0.0
S5_k1.05_c1.10,147,23494,408.5202192241268,106.4405746459961,-16.815214157104492,-0.004396781791001558,0.0,0.0,0.0,0.0,0.0,0.0,0.0,2.7931073418585584e-06,-0.02846822701394558,-89.6697006225586,0.0,0.0,0.0
S5_k1.05_c1.10,148,23495,408.57021922487183,106.4405746459961,-16.815214157104492,-0.004396781791001558,0.0,0.0,0.0,0.0,0.0,0.0,0.0,2.7931073418585584e-06,-0.02846822701394558,-89.6697006225586,0.0,0.0,0.0
S5_k1.05_c1.10,149,23496,408.6202192256169,106.4405746459961,-16.815214157104492,-0.004396781791001558,0.0,0.0,0.0,0.0,0.0,0.0,0.0,2.7931073418585584e-06,-0.02846822701394558,-89.6697006225586,0.0,0.0,0.0
S5_k1.05_c1.10,150,23497,408.67021922636195,106.4405746459961,-16.815214157104492,-0.004396781791001558,0.0,0.0,0.0,0.0,0.0,0.0,0.0,2.7931073418585584e-06,-0.02846822701394558,-89.6697006225586,0.0,0.0,0.0
S5_k1.05_c1.10,151,23498,408.720219227107,106.4405746459961,-16.815214157104492,-0.004396781791001558,0.0,0.0,0.0,0.0,0.0,0.0,0.0,2.7931073418585584e-06,-0.02846822701394558,-89.6697006225586,0.0,0.0,0.0
S5_k1.05_c1.10,152,23499,408.77021922785207,106.4405746459961,-16.815214157104492,-0.004396781791001558,0.0,0.0,0.0,0.0,0.0,0.0,0.0,2.7931073418585584e-06,-0.02846822701394558,-89.6697006225586,0.0,0.0,0.0
S5_k1.05_c1.10,153,23500,408.8202192285971,106.4405746459961,-16.815214157104492,-0.004396781791001558,0.0,0.0,0.0,0.0,0.0,0.0,0.0,2.7931073418585584e-06,-0.02846822701394558,-89.6697006225586,0.0,0.0,0.0
S5_k1.05_c1.10,154,23501,408.8702192293422,106.4405746459961,-16.815214157104492,-0.004396781791001558,0.0,0.0,0.0,0.0,0.0,0.0,0.0,2.7931073418585584e-06,-0.02846822701394558,-89.6697006225586,0.0,0.0,0.0
S5_k1.05_c1.10,155,23502,408.92021923008724,106.4405746459961,-16.815214157104492,-0.004396781791001558,0.0,0.0,0.0,0.0,0.0,0.0,0.0,2.7931073418585584e-06,-0.02846822701394558,-89.6697006225586,0.0,0.0,0.0
S5_k1.05_c1.10,156,23503,408.9702192308323,106.4405746459961,-16.815214157104492,-0.004396781791001558,0.0,0.0,0.0,0.0,0.0,0.0,0.0,2.7931073418585584e-06,-0.02846822701394558,-89.6697006225586,0.0,0.0,0.0
S5_k1.05_c1.10,157,23504,409.02021923157736,106.4405746459961,-16.815214157104492,-0.004396781791001558,0.0,0.0,0.0,0.0,0.0,0.0,0.0,2.7931073418585584e-06,-0.02846822701394558,-89.6697006225586,0.0,0.0,0.0
S5_k1.05_c1.10,158,23505,409.0702192323224,106.4405746459961,-16.815214157104492,-0.004396781791001558,0.0,0.0,0.0,0.0,0.0,0.0,0.0,2.7931073418585584e-06,-0.02846822701394558,-89.6697006225586,0.0,0.0,0.0
S5_k1.05_c1.10,159,23506,409.1202192330675,106.4405746459961,-16.815214157104492,-0.004396781791001558,0.0,0.0,0.0,0.0,0.0,0.0,0.0,2.7931073418585584e-06,-0.02846822701394558,-89.6697006225586,0.0,0.0,0.0
S5_k1.05_c1.10,160,23507,409.17021923381253,106.4405746459961,-16.815214157104492,-0.004396781791001558,0.0,0.0,0.0,0.0,0.0,0.0,0.0,2.7931073418585584e-06,-0.02846822701394558,-89.6697006225586,0.0,0.0,0.0
S5_k1.05_c1.10,161,23508,409.2202192345576,106.4405746459961,-16.815214157104492,-0.004396781791001558,0.0,0.0,0.0,0.0,0.0,0.0,0.0,2.7931073418585584e-06,-0.02846822701394558,-89.6697006225586,0.0,0.0,0.0
S5_k1.05_c1.10,162,23509,409.27021923530265,106.4405746459961,-16.815214157104492,-0.004396781791001558,0.0,0.0,0.0,0.0,0.0,0.0,0.0,2.7931073418585584e-06,-0.02846822701394558,-89.6697006225586,0.0,0.0,0.0
S5_k1.05_c1.10,163,23510,409.3202192360477,106.4405746459961,-16.815214157104492,-0.004396781791001558,0.0,0.0,0.0,0.0,0.0,0.0,0.0,2.7931073418585584e-06,-0.02846822701394558,-89.6697006225586,0.0,0.0,0.0
S5_k1.05_c1.10,164,23511,409.37021923679276,106.4405746459961,-16.815214157104492,-0.004396781791001558,0.0,0.0,0.0,0.0,0.0,0.0,0.0,2.7931073418585584e-06,-0.02846822701394558,-89.6697006225586,0.0,0.0,0.0
S5_k1.05_c1.10,165,23512,409.4202192375378,106.4405746459961,-16.815214157104492,-0.004396781791001558,0.0,0.0,0.0,0.0,0.0,0.0,0.0,2.7931073418585584e-06,-0.02846822701394558,-89.6697006225586,0.0,0.0,0.0
S5_k1.05_c1.10,166,23513,409.4702192382829,106.4405746459961,-16.815214157104492,-0.004396781791001558,0.0,0.0,0.0,0.0,0.0,0.0,0.0,2.7931073418585584e-06,-0.02846822701394558,-89.6697006225586,0.0,0.0,0.0
S5_k1.05_c1.10,167,23514,409.52021923902794,106.4405746459961,-16.815214157104492,-0.004396781791001558,0.0,0.0,0.0,0.0,0.0,0.0,0.0,2.7931073418585584e-06,-0.02846822701394558,-89.6697006225586,0.0,0.0,0.0
S5_k1.05_c1.10,168,23515,409.570219239773,106.4405746459961,-16.815214157104492,-0.004396781791001558,0.0,0.0,0.0,0.0,0.0,0.0,0.0,2.7931073418585584e-06,-0.02846822701394558,-89.6697006225586,0.0,0.0,0.0
S5_k1.05_c1.10,169,23516,409.62021924051805,106.4405746459961,-16.815214157104492,-0.004396781791001558,0.0,0.0,0.0,0.0,0.0,0.0,0.0,2.7931073418585584e-06,-0.02846822701394558,-89.6697006225586,0.0,0.0,0.0
S5_k1.05_c1.10,170,23517,409.6702192412631,106.4405746459961,-16.815214157104492,-0.004396781791001558,0.0,0.0,0.0,0.0,0.0,0.0,0.0,2.7931073418585584e-06,-0.02846822701394558,-89.6697006225586,0.0,0.0,0.0
S5_k1.05_c1.10,171,23518,409.72021924200817,106.4405746459961,-16.815214157104492,-0.004396781791001558,0.0,0.0,0.0,0.0,0.0,0.0,0.0,2.7931073418585584e-06,-0.02846822701394558,-89.6697006225586,0.0,0.0,0.0
S5_k1.05_c1.10,172,23519,409.7702192427532,106.4405746459961,-16.815214157104492,-0.004396781791001558,0.0,0.0,0.0,0.0,0.0,0.0,0.0,2.7931073418585584e-06,-0.02846822701394558,-89.6697006225586,0.0,0.0,0.0
S5_k1.05_c1.10,173,23520,409.8202192434983,106.4405746459961,-16.815214157104492,-0.004396781791001558,0.0,0.0,0.0,0.0,0.0,0.0,0.0,2.7931073418585584e-06,-0.02846822701394558,-89.6697006225586,0.0,0.0,0.0
S5_k1.05_c1.10,174,23521,409.87021924424334,106.4405746459961,-16.815214157104492,-0.004396781791001558,0.0,0.0,0.0,0.0,0.0,0.0,0.0,2.7931073418585584e-06,-0.02846822701394558,-89.6697006225586,0.0,0.0,0.0
S5_k1.05_c1.10,175,23522,409.9202192449884,106.4405746459961,-16.815214157104492,-0.004396781791001558,0.0,0.0,0.0,0.0,0.0,0.0,0.0,2.7931073418585584e-06,-0.02846822701394558,-89.6697006225586,0.0,0.0,0.0
S5_k1.05_c1.10,176,23523,409.97021924573346,106.4405746459961,-16.815214157104492,-0.004396781791001558,0.0,0.0,0.0,0.0,0.0,0.0,0.0,2.7931073418585584e-06,-0.02846822701394558,-89.6697006225586,0.0,0.0,0.0
S5_k1.05_c1.10,177,23524,410.0202192464785,106.4405746459961,-16.815214157104492,-0.004396781791001558,0.0,0.0,0.0,0.0,0.0,0.0,0.0,2.7931073418585584e-06,-0.02846822701394558,-89.6697006225586,0.0,0.0,0.0
S5_k1.05_c1.10,178,23525,410.0702192472236,106.4405746459961,-16.815214157104492,-0.004396781791001558,0.0,0.0,0.0,0.0,0.0,0.0,0.0,2.7931073418585584e-06,-0.02846822701394558,-89.6697006225586,0.0,0.0,0.0
S5_k1.05_c1.10,179,23526,410.12021924796863,106.4405746459961,-16.815214157104492,-0.004396781791001558,0.0,0.0,0.0,0.0,0.0,0.0,0.0,2.7931073418585584e-06,-0.02846822701394558,-89.6697006225586,0.0,0.0,0.0
S5_k1.05_c1.10,180,23527,410.1702192487137,106.4405746459961,-16.815214157104492,-0.004396781791001558,0.0,0.0,0.0,0.0,0.0,0.0,0.0,2.7931073418585584e-06,-0.02846822701394558,-89.6697006225586,0.0,0.0,0.0
S5_k1.05_c1.10,181,23528,410.22021924945875,106.4405746459961,-16.815214157104492,-0.004396781791001558,0.0,0.0,0.0,0.0,0.0,0.0,0.0,2.7931073418585584e-06,-0.02846822701394558,-89.6697006225586,0.0,0.0,0.0
S5_k1.05_c1.10,182,23529,410.2702192502038,106.4405746459961,-16.815214157104492,-0.004396781791001558,0.0,0.0,0.0,0.0,0.0,0.0,0.0,2.7931073418585584e-06,-0.02846822701394558,-89.6697006225586,0.0,0.0,0.0
S5_k1.05_c1.10,183,23530,410.32021925094887,106.4405746459961,-16.815214157104492,-0.004396781791001558,0.0,0.0,0.0,0.0,0.0,0.0,0.0,2.7931073418585584e-06,-0.02846822701394558,-89.6697006225586,0.0,0.0,0.0
S5_k1.05_c1.10,184,23531,410.3702192516939,106.4405746459961,-16.815214157104492,-0.004396781791001558,0.0,0.0,0.0,0.0,0.0,0.0,0.0,2.7931073418585584e-06,-0.02846822701394558,-89.6697006225586,0.0,0.0,0.0
S5_k1.05_c1.10,185,23532,410.420219252439,106.4405746459961,-16.815214157104492,-0.004396781791001558,0.0,0.0,0.0,0.0,0.0,0.0,0.0,2.7931073418585584e-06,-0.02846822701394558,-89.6697006225586,0.0,0.0,0.0
S5_k1.05_c1.10,186,23533,410.47021925318404,106.4405746459961,-16.815214157104492,-0.004396781791001558,0.0,0.0,0.0,0.0,0.0,0.0,0.0,2.7931073418585584e-06,-0.02846822701394558,-89.6697006225586,0.0,0.0,0.0
S5_k1.05_c1.10,187,23534,410.5202192539291,106.4405746459961,-16.815214157104492,-0.004396781791001558,0.0,0.0,0.0,0.0,0.0,0.0,0.0,2.7931073418585584e-06,-0.02846822701394558,-89.6697006225586,0.0,0.0,0.0
S5_k1.05_c1.10,188,23535,410.57021925467416,106.4405746459961,-16.815214157104492,-0.004396781791001558,0.0,0.0,0.0,0.0,0.0,0.0,0.0,2.7931073418585584e-06,-0.02846822701394558,-89.6697006225586,0.0,0.0,0.0
S5_k1.05_c1.10,189,23536,410.6202192554192,106.4405746459961,-16.815214157104492,-0.004396781791001558,0.0,0.0,0.0,0.0,0.0,0.0,0.0,2.7931073418585584e-06,-0.02846822701394558,-89.6697006225586,0.0,0.0,0.0
S5_k1.05_c1.10,190,23537,410.6702192561643,106.4405746459961,-16.815214157104492,-0.004396781791001558,0.0,0.0,0.0,0.0,0.0,0.0,0.0,2.7931073418585584e-06,-0.02846822701394558,-89.6697006225586,0.0,0.0,0.0
S5_k1.05_c1.10,191,23538,410.72021925690933,106.4405746459961,-16.815214157104492,-0.004396781791001558,0.0,0.0,0.0,0.0,0.0,0.0,0.0,2.7931073418585584e-06,-0.02846822701394558,-89.6697006225586,0.0,0.0,0.0
S5_k1.05_c1.10,192,23539,410.7702192576544,106.4405746459961,-16.815214157104492,-0.004396781791001558,0.0,0.0,0.0,0.0,0.0,0.0,0.0,2.7931073418585584e-06,-0.02846822701394558,-89.6697006225586,0.0,0.0,0.0
S5_k1.05_c1.10,193,23540,410.82021925839945,106.4405746459961,-16.815214157104492,-0.004396781791001558,0.0,0.0,0.0,0.0,0.0,0.0,0.0,2.7931073418585584e-06,-0.02846822701394558,-89.6697006225586,0.0,0.0,0.0
S5_k1.05_c1.10,194,23541,410.8702192591445,106.4405746459961,-16.815214157104492,-0.004396781791001558,0.0,0.0,0.0,0.0,0.0,0.0,0.0,2.7931073418585584e-06,-0.02846822701394558,-89.6697006225586,0.0,0.0,0.0
S5_k1.05_c1.10,195,23542,410.92021925988956,106.4405746459961,-16.815214157104492,-0.004396781791001558,0.0,0.0,0.0,0.0,0.0,0.0,0.0,2.7931073418585584e-06,-0.02846822701394558,-89.6697006225586,0.0,0.0,0.0
S5_k1.05_c1.10,196,23543,410.9702192606346,106.4405746459961,-16.815214157104492,-0.004396781791001558,0.0,0.0,0.0,0.0,0.0,0.0,0.0,2.7931073418585584e-06,-0.02846822701394558,-89.6697006225586,0.0,0.0,0.0
S5_k1.05_c1.10,197,23544,411.0202192613797,106.4405746459961,-16.815214157104492,-0.004396781791001558,0.0,0.0,0.0,0.0,0.0,0.0,0.0,2.7931073418585584e-06,-0.02846822701394558,-89.6697006225586,0.0,0.0,0.0
S5_k1.05_c1.10,198,23545,411.07021926212474,106.4405746459961,-16.815214157104492,-0.004396781791001558,0.0,0.0,0.0,0.0,0.0,0.0,0.0,2.7931073418585584e-06,-0.02846822701394558,-89.6697006225586,0.0,0.0,0.0
S5_k1.05_c1.10,199,23546,411.1202192628698,106.4405746459961,-16.815214157104492,-0.004396781791001558,0.0,0.0,0.0,0.0,0.0,0.0,0.0,2.7931073418585584e-06,-0.02846822701394558,-89.6697006225586,0.0,0.0,0.0
